id,nation,name,type,type,uclass,uclass,mclass,mclass,start_yr,start_mo,end_yr,end_mo,size,crew,survive,cost,speed,radio,irvis,fc,rf,ew,stab,rof,load_cap,load_cost,swim,smkdev,wpn1,wpn1_HEammo,wpn1_APammo,wpn1_HEATammo,wpn1_APCRammo,wpn2,wpn2_HEammo,wpn2_APammo,wpn3,wpn3_HEammo,wpn3_APammo,wpn4,wpn4_HEammo,wpn4_APammo,arm_HE_FH,arm_HE_SH,arm_HE_RH,arm_HE_FT,arm_HE_ST,arm_HE_RT,arm_HE_TP,arm_HE_SK,arm_AP_FH,arm_AP_SH,arm_AP_RH,arm_AP_FT,arm_AP_ST,arm_AP_RT,arm_AP_TP,arm_AP_SK,slp_FH,slp_SH,slp_RH,slp_FT,slp_ST,slp_RT,sound,lbm,text,icon,icon_desert,icon_winter
1,0,*DDR 10/49-9/90,344,NO UNIT,14,other,0,default,1949,10,1990,9,0,0,0,2,0,0,0,0,0,0,0,0,0,0,0,0,0,0,0,0,0,0,0,0,0,0,0,0,0,0,0,0,0,0,0,0,0,0,0,0,0,0,0,0,0,0,0,0,0,0,0,0,0,65121,0,0,0,0
2,36,PT-76,245,amphibian tank,7,marine unit,3,track,1956,1,1990,9,4,4,3,45,15,60,0,5,5,0,0,7,6,10,4,0,86,20,10,5,5,62,90,0,0,0,0,0,0,0,6,3,2,6,3,3,2,0,4,2,1,4,2,2,1,0,0,0,0,0,0,0,0,1432,0,4019,4019,4146
3,36,PT-76B,245,amphibian tank,7,marine unit,3,track,1964,1,1990,9,4,4,3,62,15,80,15,5,5,0,2,7,6,10,4,0,82,20,10,5,5,62,90,0,0,0,0,0,0,0,6,3,2,6,3,3,2,0,4,2,1,4,2,2,1,0,0,0,0,0,0,0,0,8447,0,4019,4019,4145
4,36,T-34/76B,130,main battle tank,2,armor,3,track,1949,10,1963,12,4,4,3,49,19,40,0,2,3,0,0,7,13,16,0,0,85,45,45,0,10,66,120,0,0,0,0,65,120,0,0,0,0,0,0,0,0,0,9,6,8,8,6,6,2,0,0,0,0,0,0,0,0,8449,0,453,453,4025
5,36,T-34/85,130,main battle tank,2,armor,3,track,1956,3,1965,12,4,5,3,50,19,51,0,3,3,0,0,7,13,24,0,0,81,36,19,0,0,66,120,0,0,0,0,65,120,0,0,0,0,0,0,0,0,0,9,6,7,10,8,6,2,0,0,0,0,0,0,0,0,8451,0,1294,1294,2560
6,36,T-34/85m,130,main battle tank,2,armor,3,track,1959,1,1965,12,4,5,3,51,19,72,0,3,3,0,0,7,13,24,0,0,81,36,19,0,0,66,120,0,0,0,0,65,120,0,0,0,0,0,0,0,0,0,9,6,7,10,8,6,2,0,0,0,0,0,0,0,0,8450,0,4481,4483,4482
8,36,T-54,130,main battle tank,2,armor,3,track,1957,1,1979,12,4,4,4,73,16,60,0,2,6,0,1,6,13,27,0,0,88,15,16,3,0,62,120,0,54,90,0,61,120,0,0,0,0,0,0,0,0,0,19,8,6,23,15,6,4,0,0,0,0,0,0,0,0,29013,0,4399,4406,4416
9,36,T-54A,130,main battle tank,2,armor,3,track,1959,1,1979,12,4,4,4,77,16,60,10,3,6,0,1,6,13,27,0,0,88,15,16,3,0,62,120,0,54,90,0,61,120,0,0,0,0,0,0,0,0,0,19,8,6,23,15,6,4,0,0,0,0,0,0,0,0,23699,0,2267,2267,2559
10,36,T-54AM,130,main battle tank,2,armor,3,track,1964,1,1979,12,4,4,4,89,16,60,20,3,11,0,1,6,13,27,0,0,89,15,16,3,0,62,120,0,54,90,0,61,120,0,0,0,0,0,0,0,0,0,19,8,6,23,15,6,4,0,0,0,0,0,0,0,0,11121,0,4433,4436,4445
11,36,T-55A,130,main battle tank,2,armor,3,track,1962,1,1983,12,4,4,4,91,18,62,20,5,6,0,2,6,13,27,0,0,89,22,15,6,0,62,120,0,54,90,0,0,0,0,0,0,0,0,0,0,0,0,20,8,6,23,15,6,3,0,0,0,0,0,0,0,0,861,0,4434,4446,4445
12,36,T-55AM,130,main battle tank,2,armor,3,track,1983,1,1990,9,4,4,4,116,18,81,30,15,11,0,2,6,13,27,0,1,91,22,10,6,5,64,120,0,54,90,0,0,0,0,33,8,6,36,15,6,3,0,26,8,6,29,15,6,3,0,0,0,0,0,0,0,0,25097,0,2667,28,4190
13,36,T-55AM2D,130,main battle tank,2,armor,3,track,1986,1,1990,9,4,4,4,151,18,90,30,25,22,0,2,6,13,31,0,1,91,22,0,6,15,64,120,0,54,90,0,0,0,0,33,15,6,35,16,6,4,0,28,9,6,33,16,6,4,0,0,0,0,0,0,0,0,25097,0,2667,2667,4190
14,36,T-55AM2D2,130,main battle tank,2,armor,3,track,1989,1,1990,9,4,4,4,213,18,90,30,25,22,0,2,6,13,31,0,2,91,22,0,6,15,173,0,6,64,120,0,54,90,0,33,15,6,35,16,6,4,0,28,9,6,33,16,6,4,0,0,0,0,0,0,0,0,25097,0,2667,2667,4190
16,36,T-72M Ubergangs,130,main battle tank,2,armor,3,track,1986,6,1990,9,4,3,3,175,20,81,20,20,22,0,2,6,13,41,0,1,100,18,0,14,12,64,120,0,52,90,0,0,0,0,49,24,6,43,20,7,5,0,40,10,6,39,18,7,5,0,0,0,0,0,0,0,0,30666,0,4022,4022,4022
18,36,T-72,130,main battle tank,2,armor,3,track,1978,1,1986,1,4,3,3,150,20,80,20,15,18,0,2,6,13,41,0,0,100,20,4,5,10,64,120,0,52,90,0,0,0,0,41,16,6,43,20,7,5,0,31,9,6,39,18,7,5,0,0,0,0,0,0,0,0,30667,0,1473,4022,4034
19,36,T-72M,130,main battle tank,2,armor,3,track,1986,2,1990,9,4,3,3,171,20,82,20,20,22,0,2,6,13,41,0,1,100,18,0,14,12,64,120,0,52,90,0,0,0,0,45,16,6,43,20,7,5,0,34,9,6,39,18,7,5,0,0,0,0,0,0,0,0,30668,0,4022,4022,4034
20,36,T-72M1,130,main battle tank,2,armor,3,track,1989,1,1990,9,4,3,3,188,20,90,30,20,22,0,3,6,13,41,0,1,101,16,0,14,14,64,120,0,52,90,0,0,0,0,49,24,6,54,24,7,5,0,40,10,6,43,19,7,5,0,0,0,0,0,0,0,0,30660,0,2674,2674,2674
21,36,IS-2m1944,134,heavy tank,2,armor,3,track,1956,3,1960,12,5,4,5,56,12,50,0,2,2,0,0,4,13,40,0,0,94,17,11,0,0,66,120,0,54,90,0,65,120,0,0,0,0,0,0,0,0,0,19,9,8,12,10,10,3,0,0,0,0,0,0,0,0,11006,0,4028,1207,4027
22,36,IS-2M,134,heavy tank,2,armor,3,track,1961,1,1978,12,5,4,5,58,13,50,0,2,2,0,0,4,13,40,0,0,94,13,16,6,0,66,120,0,54,90,0,0,0,0,0,0,0,0,0,0,0,0,19,9,8,12,10,10,3,0,0,0,0,0,0,0,0,11006,0,4028,1865,4027
23,36,SU-76M,190,SP gun,4,artillery,3,track,1949,10,1961,12,3,4,3,24,15,30,0,2,3,0,0,7,0,10,0,0,83,20,20,20,0,0,0,0,0,0,0,0,0,0,0,0,0,0,0,0,0,0,5,2,2,3,2,1,0,0,0,0,0,0,0,0,0,23028,0,2936,8602,8601
24,36,SU-85M,190,SP gun,4,artillery,3,track,1956,3,1961,12,3,4,3,50,19,30,0,3,3,0,0,7,13,29,0,0,81,10,25,8,5,54,90,0,0,0,0,0,0,0,0,0,0,0,0,0,0,0,9,6,6,9,5,5,2,0,0,0,0,0,0,0,0,45011,0,3005,126,4673
25,36,SU-100,190,SP gun,4,artillery,3,track,1956,3,1967,12,4,4,3,50,17,50,0,3,4,0,0,6,13,24,0,0,88,15,12,6,0,0,0,0,0,0,0,0,0,0,0,0,0,0,0,0,0,0,11,6,6,12,6,4,2,0,0,0,0,0,0,0,0,55003,0,3007,2940,3189
26,36,SU-100M,190,SP gun,4,artillery,3,track,1968,1,1977,12,4,4,3,62,15,70,0,5,4,0,0,6,13,24,0,0,89,15,8,6,4,56,90,0,0,0,0,0,0,0,0,0,0,0,0,0,0,0,11,6,6,12,6,4,2,0,0,0,0,0,0,0,0,55003,0,3007,2940,3189
27,36,TO-54,147,flame tank,2,armor,3,track,1960,1,1986,12,4,4,3,93,17,60,20,3,6,0,1,6,0,27,0,0,89,10,0,9,0,117,20,0,54,90,0,61,120,0,0,0,0,0,0,0,0,0,19,8,6,23,15,6,4,0,0,0,0,0,0,0,0,11005,0,4802,4805,4810
28,36,TO-55,147,flame tank,2,armor,3,track,1968,1,1990,9,4,4,3,101,17,60,20,5,6,0,2,6,0,27,0,0,89,18,0,12,0,117,13,0,54,90,0,0,0,0,0,0,0,0,0,0,0,0,20,8,6,23,15,6,4,0,0,0,0,0,0,0,0,11005,0,4800,4805,4810
29,36,GAZ 69 Schmel,228,wheeled ATGM launcher,5,anti-tank,2,wheel (AT),1964,1,1990,9,2,4,0,31,24,60,0,0,0,0,0,4,0,10,0,0,144,0,0,4,0,0,0,0,0,0,0,0,0,0,0,0,0,0,0,0,0,0,0,0,0,0,0,0,0,0,0,0,0,0,0,0,0,11192,0,2964,4597,4596
30,36,SPW-40P 9P27,228,wheeled ATGM launcher,5,anti-tank,2,wheel (AT),1964,1,1979,12,2,3,3,64,29,60,0,0,0,0,0,4,0,10,3,0,144,0,0,8,0,0,0,0,0,0,0,0,0,0,0,0,0,0,0,0,0,0,2,1,1,2,1,1,1,0,0,0,0,0,0,0,0,11031,0,2945,2945,2945
31,36,SPW-40P 9P32,228,wheeled ATGM launcher,5,anti-tank,2,wheel (AT),1966,1,1981,12,2,3,3,61,29,60,0,0,0,0,0,4,0,10,3,0,147,0,0,6,0,0,0,0,0,0,0,0,0,0,0,0,0,0,0,0,0,0,2,1,1,2,1,1,1,0,0,0,0,0,0,0,0,23035,0,2933,2933,2933
32,36,SPW-40 9P111,228,wheeled ATGM launcher,5,anti-tank,2,wheel (AT),1971,1,1990,9,2,3,3,114,29,60,0,0,0,0,0,4,0,10,3,0,145,0,0,14,0,0,0,0,0,0,0,0,0,0,0,0,0,0,0,0,0,0,2,1,1,2,1,1,1,0,0,0,0,0,0,0,0,11030,0,2238,2238,4222
33,36,SPW-40 9P137,228,wheeled ATGM launcher,5,anti-tank,2,wheel (AT),1989,1,1990,9,2,3,3,171,36,80,20,0,0,0,0,4,0,10,4,0,166,0,0,15,0,0,0,0,0,0,0,0,0,0,0,0,0,0,0,0,0,0,2,1,1,2,1,1,1,0,0,0,0,0,0,0,0,11030,0,4213,4213,4217
34,36,SPW-40 PAL,228,wheeled ATGM launcher,5,anti-tank,2,wheel (AT),1984,1,1990,9,2,4,3,153,27,71,0,0,0,0,0,4,0,10,0,0,166,0,0,15,0,0,0,0,0,0,0,0,0,0,0,0,0,0,0,0,0,0,1,1,1,1,1,1,0,0,0,0,0,0,0,0,0,11051,0,2239,2239,2239
35,36,SPW-50m,180,SP mortar,4,artillery,3,track,1961,1,1990,9,4,6,4,35,16,90,0,0,0,0,0,8,0,12,4,0,40,50,0,0,0,0,0,0,0,0,0,0,0,0,0,0,0,0,0,0,0,0,2,1,1,2,1,1,1,0,0,0,0,0,0,0,0,11057,0,2973,2973,2973
36,36,152mm Howitzer,189,field gun,4,artillery,0,default,1967,1,1990,9,3,10,0,39,0,81,20,0,0,0,0,5,0,4,0,0,111,30,0,0,0,8,60,0,0,0,0,0,0,0,0,0,0,0,0,0,0,0,0,0,0,0,0,0,0,0,0,0,0,0,0,0,0,11176,0,60,60,60
38,36,SU-76M,201,SP artillery,4,artillery,3,track,1949,10,1977,12,3,4,3,25,15,30,0,0,0,0,0,7,0,10,0,0,109,60,0,0,0,0,0,0,0,0,0,0,0,0,0,0,0,0,0,0,0,0,5,2,2,3,2,1,0,0,0,0,0,0,0,0,0,23028,0,2936,2936,2936
39,36,SFL M-1974,201,SP artillery,4,artillery,3,track,1981,1,1990,9,4,4,4,53,21,90,20,0,0,0,0,6,0,12,2,0,110,38,0,2,0,0,0,0,0,0,0,0,0,0,0,0,0,0,0,0,0,0,2,1,1,3,2,1,1,0,0,0,0,0,0,0,0,11039,0,2311,7453,7457
40,36,SPW-152E,235,SP AA gun,6,anti-air,2,wheel (AT),1957,3,1989,12,4,4,4,23,22,30,0,2,1,0,0,9,108,10,0,0,55,80,0,0,0,0,0,0,0,0,0,0,0,0,0,0,0,0,0,0,0,0,2,1,1,2,1,1,0,0,0,0,0,0,0,0,0,23492,0,1853,1854,4853
41,36,SPW-40A,235,SP AA gun,6,anti-air,2,wheel (AT),1964,1,1975,12,3,5,4,19,22,30,0,2,1,0,0,9,0,10,0,0,55,60,0,0,0,0,0,0,0,0,0,0,0,0,0,0,0,0,0,0,0,0,2,1,1,2,1,1,0,0,0,0,0,0,0,0,0,11041,0,2240,2240,2240
42,36,Fla-SFL 57/2,235,SP AA gun,6,anti-air,3,track,1958,1,1986,12,5,6,4,43,17,60,0,10,6,0,0,9,0,21,0,0,59,46,7,0,0,0,0,0,0,0,0,0,0,0,0,0,0,0,0,0,0,0,3,2,2,2,2,2,0,0,0,0,0,0,0,0,0,13383,0,4018,4018,4035
43,36,Fla-SFL 23/4,235,SP AA gun,6,anti-air,3,track,1968,6,1990,9,3,4,4,90,17,92,0,100,6,4,2,9,0,15,0,0,60,21,4,0,0,0,0,0,0,0,0,0,0,0,0,0,0,0,0,0,0,0,2,1,1,2,1,1,1,0,0,0,0,0,0,0,0,11043,0,4017,2244,3844
44,36,FRK 9K33 Osa,240,SP SAM,6,anti-air,2,wheel (AT),1982,6,1990,9,6,3,5,183,27,91,30,105,0,6,0,2,0,20,3,0,141,6,0,0,0,0,0,0,0,0,0,0,0,0,0,0,0,0,0,0,0,0,0,0,0,0,0,0,0,0,0,0,0,0,0,0,0,11044,0,47,4328,4324
45,36,FRK 9K35 Strela,240,SP SAM,6,anti-air,3,track,1981,1,1990,9,4,3,3,113,20,92,10,0,0,2,0,4,0,12,2,0,139,8,0,0,0,0,0,0,0,0,0,0,0,0,0,0,0,0,0,0,0,0,2,1,1,2,1,1,1,0,0,0,0,0,0,0,0,23749,0,2234,2234,2234
46,36,FRK 9K31 Strela,240,SP SAM,6,anti-air,2,wheel (AT),1974,6,1990,9,4,3,3,88,36,92,10,0,0,1,0,4,0,10,2,0,140,8,0,0,0,0,0,0,0,0,0,0,0,0,0,0,0,0,0,0,0,0,2,1,1,2,1,1,1,0,0,0,0,0,0,0,0,11107,0,2233,2233,3817
47,36,V-75 Dvina,239,area SAM,6,anti-air,0,default,1960,6,1990,9,2,10,0,71,0,90,0,100,0,2,0,1,0,10,0,0,135,1,0,0,0,0,0,0,0,0,0,0,0,0,0,0,0,0,0,0,0,0,0,0,0,0,0,0,0,0,0,0,0,0,0,0,0,11047,0,4548,4548,4548
48,36,S-125 Neva,239,area SAM,6,anti-air,0,default,1971,1,1990,9,2,10,0,93,0,90,0,100,0,3,0,2,0,15,0,0,136,2,0,0,0,0,0,0,0,0,0,0,0,0,0,0,0,0,0,0,0,0,0,0,0,0,0,0,0,0,0,0,0,0,0,0,0,6067,0,3063,3063,3063
49,36,FRK 2K11 Jug,240,SP SAM,6,anti-air,3,track,1973,1,1990,9,6,10,0,150,16,92,0,100,0,4,0,2,0,28,0,0,137,2,0,0,0,0,0,0,0,0,0,0,0,0,0,0,0,0,0,0,0,0,1,1,1,1,1,1,1,0,0,0,0,0,0,0,0,11049,0,1528,1528,1528
50,36,FRK 2K12 Kub,240,SP SAM,6,anti-air,3,track,1976,1,1990,9,4,10,0,157,16,91,0,100,0,5,0,9,0,15,0,0,138,3,0,0,0,0,0,0,0,0,0,0,0,0,0,0,0,0,0,0,0,0,1,1,1,1,1,1,1,0,0,0,0,0,0,0,0,29278,0,2232,2232,2232
51,36,SPW-40,284,armored car,8,recon,2,wheel (AT),1957,1,1989,12,2,2,3,16,27,71,0,0,0,0,0,9,108,10,0,0,53,90,0,0,0,0,0,0,0,0,0,0,0,0,0,0,0,0,0,0,0,0,1,1,1,1,1,1,0,0,0,0,0,0,0,0,0,101,0,2927,2927,2927
52,36,SPW-40P,284,armored car,8,recon,2,wheel (AT),1964,1,1988,12,3,3,3,33,29,80,10,0,0,0,0,9,103,10,3,0,54,90,0,0,0,53,90,0,0,0,0,0,0,0,0,0,0,0,0,0,0,0,2,1,1,2,1,1,1,0,0,0,0,0,0,0,0,11052,0,236,236,236
53,36,SPW-40P2,284,armored car,8,recon,2,wheel (AT),1966,1,1990,9,3,3,3,44,36,92,20,0,3,0,0,9,104,10,4,0,80,50,25,0,0,64,120,0,0,0,0,0,0,0,0,0,0,0,0,0,0,0,2,1,1,2,1,1,1,0,0,0,0,0,0,0,0,11053,0,2235,2235,2235
54,36,SPW-152,161,wheeled APC,3,APC,2,wheel (AT),1953,3,1970,12,4,2,4,16,22,31,0,0,0,0,0,9,115,10,0,0,53,90,0,0,0,0,0,0,0,0,0,0,0,0,0,0,0,0,0,0,0,0,2,1,1,2,1,1,0,0,0,0,0,0,0,0,0,1417,0,8984,8987,8989
55,36,SPW-152K,161,wheeled APC,3,APC,2,wheel (AT),1961,1,1970,12,4,2,4,22,22,30,0,0,0,0,0,9,115,10,0,0,53,90,0,0,0,0,0,0,0,0,0,0,0,0,0,0,0,0,0,0,0,0,2,1,1,2,1,1,1,0,0,0,0,0,0,0,0,24,0,8991,8999,9001
56,36,SPW-152W1,161,wheeled APC,3,APC,2,wheel (AT),1959,1,1970,12,4,2,4,27,22,31,20,0,0,0,0,9,115,10,0,0,54,90,0,0,0,0,0,0,0,0,0,0,0,0,0,0,0,0,0,0,0,0,2,1,1,2,1,1,0,0,0,0,0,0,0,0,0,1417,0,8984,8987,8989
57,36,RPG-2 Team,220,AT infantry,5,anti-tank,0,default,1961,1,1964,12,0,2,0,11,6,20,0,0,0,0,0,7,0,0,0,0,15,0,0,6,0,4,50,0,121,4,0,0,0,0,0,0,0,0,0,0,0,0,0,0,0,0,0,0,0,0,0,0,0,0,0,0,0,44045,0,0,0,0
58,36,SPW-60PA,161,wheeled APC,3,APC,2,wheel (AT),1967,1,1979,12,4,2,3,34,28,40,10,0,0,0,0,9,116,10,4,0,54,90,0,0,0,0,0,0,0,0,0,0,0,0,0,0,0,0,0,0,0,0,2,1,1,2,1,1,1,0,0,0,0,0,0,0,0,30735,0,2046,3390,3389
59,36,SPW-60PB,161,wheeled APC,3,APC,2,wheel (AT),1968,1,1990,9,4,2,3,45,28,52,20,2,3,0,0,9,114,10,4,0,80,50,25,0,0,64,90,0,0,0,0,0,0,0,0,0,0,0,0,0,0,0,2,1,1,2,1,1,1,0,0,0,0,0,0,0,0,11058,0,4020,4020,4451
60,36,SPW-70,161,wheeled APC,3,APC,2,wheel (AT),1979,1,1990,9,4,2,3,44,29,62,20,3,3,0,0,9,109,10,4,0,80,50,25,0,0,64,90,0,0,0,0,0,0,0,0,0,0,0,0,0,0,0,3,1,1,2,1,1,1,0,0,0,0,0,0,0,0,11058,0,1486,1486,1486
61,36,RPG-7 Team,220,AT infantry,5,anti-tank,0,default,1964,1,1979,12,0,2,0,12,6,20,0,0,0,0,0,7,0,0,0,0,18,0,0,6,0,8,50,0,121,4,0,0,0,0,0,0,0,0,0,0,0,0,0,0,0,0,0,0,0,0,0,0,0,0,0,0,0,44044,0,0,0,0
62,36,SPW-50PK,166,tracked APC,3,APC,3,track,1961,1,1970,12,4,2,4,28,16,40,0,0,0,0,0,9,120,12,4,0,53,90,0,0,0,0,0,0,0,0,0,0,0,0,0,0,0,0,0,0,0,0,2,1,1,2,1,1,1,0,0,0,0,0,0,0,0,11057,0,7722,2081,7723
63,36,SPZ BMP-1,160,heavy APC,3,APC,3,track,1968,1,1984,12,4,2,3,94,22,62,20,5,10,0,0,7,109,11,2,0,75,0,0,40,0,64,120,0,0,0,0,145,0,4,0,0,0,0,0,0,0,0,3,2,2,4,3,2,1,0,0,0,0,0,0,0,0,11064,0,3836,3836,3836
64,36,SPZ BMP-1,160,heavy APC,3,APC,3,track,1985,1,1990,9,4,2,3,92,22,62,20,5,10,0,0,7,109,11,2,0,84,20,0,20,0,64,120,0,0,0,0,155,0,4,0,0,0,0,0,0,0,0,3,2,2,4,3,2,1,0,0,0,0,0,0,0,0,11064,0,3836,3836,3836
65,36,SPZ BMP-1P,160,heavy APC,3,APC,3,track,1979,1,1984,12,4,2,3,96,22,62,20,5,10,0,0,7,109,11,2,0,75,20,0,20,0,64,120,0,163,0,4,0,0,0,0,0,0,0,0,0,0,0,3,2,2,4,3,2,1,0,0,0,0,0,0,0,0,41031,0,3837,3837,4204
66,36,SPZ BMP-1P,160,heavy APC,3,APC,3,track,1985,1,1990,9,4,2,3,98,22,62,20,5,10,0,0,7,109,11,2,0,84,20,0,20,0,64,120,0,166,0,4,0,0,0,0,0,0,0,0,0,0,0,3,2,2,4,3,2,1,0,0,0,0,0,0,0,0,41031,0,3837,3837,4204
67,36,Heavy Truck,297,heavy truck,10,transport,1,wheel,1946,1,1990,9,4,2,0,15,15,10,0,0,0,0,0,0,132,12,0,0,0,0,0,0,0,0,0,0,0,0,0,0,0,0,0,0,0,0,0,0,0,0,0,0,0,0,0,0,0,0,0,0,0,0,0,0,0,32175,0,3019,3021,3020
68,36,B10 Recoilless,288,infantry RR team,8,recon,0,default,1957,1,1970,12,0,2,0,10,6,10,0,0,0,0,0,7,0,0,0,0,45,4,0,8,0,20,50,0,121,4,0,0,0,0,0,0,0,0,0,0,0,0,0,0,0,0,0,0,0,0,0,0,0,0,0,0,0,52610,0,0,0,0
69,36,SPR9 Recoilless,288,infantry RR team,8,recon,0,default,1971,1,1990,9,0,2,0,19,6,20,20,0,0,0,0,7,0,0,0,0,48,4,0,8,0,8,50,0,121,4,0,0,0,0,0,0,0,0,0,0,0,0,0,0,0,0,0,0,0,0,0,0,0,0,0,0,0,23000,0,0,0,0
70,36,RPG-2 Team,221,commando AT infantry,5,anti-tank,0,default,1956,3,1969,7,0,2,0,16,6,20,0,0,0,0,0,7,0,0,0,0,15,0,0,6,0,20,60,0,122,0,2,0,0,0,0,0,0,0,0,0,0,0,0,0,0,0,0,0,0,0,0,0,0,0,0,0,0,44045,0,0,0,0
71,36,RPG-7 Team,221,commando AT infantry,5,anti-tank,0,default,1964,1,1979,12,0,2,0,17,6,20,0,0,0,0,0,7,0,0,0,0,18,0,0,5,0,8,60,0,122,0,2,0,0,0,0,0,0,0,0,0,0,0,0,0,0,0,0,0,0,0,0,0,0,0,0,0,0,44044,0,0,0,0
72,36,Malutka Team,229,ATGM infantry,5,anti-tank,0,default,1968,1,1990,9,0,3,0,40,6,30,0,0,0,0,0,4,0,0,0,0,145,0,0,4,0,8,60,0,18,0,3,0,0,0,0,0,0,0,0,0,0,0,0,0,0,0,0,0,0,0,0,0,0,0,0,0,0,23744,0,0,0,0
73,36,Fagot Team,229,ATGM infantry,5,anti-tank,0,default,1976,1,1990,9,0,3,0,45,6,40,0,0,0,0,0,4,0,0,0,0,162,0,0,4,0,8,60,0,122,0,3,0,0,0,0,0,0,0,0,0,0,0,0,0,0,0,0,0,0,0,0,0,0,0,0,0,0,23747,0,0,0,0
74,36,Strela Team,241,SAM infantry,6,anti-air,0,default,1976,1,1990,9,0,2,0,39,6,20,0,0,0,1,0,6,0,0,0,0,125,4,0,0,0,8,50,0,121,2,0,0,0,0,0,0,0,0,0,0,0,0,0,0,0,0,0,0,0,0,0,0,0,0,0,0,0,11074,0,0,0,0
75,36,2x82mm Mortars,179,mortar,4,artillery,0,default,1949,10,1990,9,1,8,0,29,2,92,0,0,0,0,0,7,0,0,0,0,40,50,0,0,0,40,50,0,20,60,0,0,0,0,0,0,0,0,0,0,0,0,0,0,0,0,0,0,0,0,0,0,0,0,0,0,0,30737,0,67,67,67
76,36,Metis Team,220,AT infantry,5,anti-tank,0,default,1988,1,1990,9,0,2,0,42,6,52,10,0,0,0,0,4,0,0,0,0,170,0,0,3,0,8,50,0,123,0,3,0,0,0,0,0,0,0,0,0,0,0,0,0,0,0,0,0,0,0,0,0,0,0,0,0,0,23745,0,0,0,0
77,36,Igla Team,241,SAM infantry,6,anti-air,0,default,1987,1,1990,9,0,2,0,81,6,41,10,0,0,3,0,6,0,0,0,0,132,4,0,0,0,8,50,0,121,2,0,0,0,0,0,0,0,0,0,0,0,0,0,0,0,0,0,0,0,0,0,0,0,0,0,0,0,45374,0,0,0,0
78,36,2x120mm Mortars,179,mortar,4,artillery,0,default,1949,10,1990,9,1,12,0,45,1,90,0,0,0,0,0,5,0,2,0,0,42,40,0,0,0,42,40,0,20,60,0,0,0,0,0,0,0,0,0,0,0,0,0,0,0,0,0,0,0,0,0,0,0,0,0,0,0,11078,0,68,68,68
79,36,Maxim HMGs,7,machine gun,0,infantry,0,default,1946,1,1961,12,1,8,0,15,4,10,0,1,1,0,0,9,0,0,0,0,23,90,0,0,0,23,90,0,20,60,0,121,8,0,0,0,0,0,0,0,0,0,0,0,0,0,0,0,0,0,0,0,0,0,0,0,0,45355,0,0,0,0
80,36,57mm ZIS-2 ATG,212,AT gun,5,anti-tank,0,default,1949,10,1964,12,0,6,0,25,1,20,0,5,5,0,0,8,0,2,0,0,79,20,40,0,20,6,60,0,121,6,0,0,0,0,0,0,0,0,0,0,0,0,0,0,0,0,0,0,0,0,0,0,0,0,0,0,0,23031,0,8407,8407,8407
81,36,85mm M-52 ATG,212,AT gun,5,anti-tank,0,default,1956,1,1969,12,1,6,0,23,0,40,0,5,5,0,0,7,0,3,0,0,219,20,20,15,5,4,60,0,121,6,0,0,0,0,0,0,0,0,0,0,0,0,0,0,0,0,0,0,0,0,0,0,0,0,0,0,0,25009,0,8410,8410,8410
82,36,85mm M-52 ATG,212,AT gun,5,anti-tank,0,default,1970,1,1990,9,1,6,0,28,0,50,0,5,5,0,0,7,0,3,0,0,220,20,15,20,5,8,60,0,121,6,0,0,0,0,0,0,0,0,0,0,0,0,0,0,0,0,0,0,0,0,0,0,0,0,0,0,0,25009,0,8410,8410,8410
83,36,100mm BS-3 ATG,212,AT gun,5,anti-tank,0,default,1956,1,1968,12,1,8,0,30,0,40,0,5,3,0,0,6,0,3,0,0,78,20,30,10,0,6,60,0,121,8,0,0,0,0,0,0,0,0,0,0,0,0,0,0,0,0,0,0,0,0,0,0,0,0,0,0,0,23001,0,8412,8412,8412
84,36,100mm BS-3 ATG,212,AT gun,5,anti-tank,0,default,1969,1,1977,12,1,8,0,35,0,50,0,6,4,0,0,6,0,3,0,0,78,20,20,20,0,6,60,0,121,8,0,0,0,0,0,0,0,0,0,0,0,0,0,0,0,0,0,0,0,0,0,0,0,0,0,0,0,23001,0,8412,8412,8412
85,36,100mm BS-3 ATG,212,AT gun,5,anti-tank,0,default,1978,1,1990,9,1,8,0,45,0,60,20,8,6,0,0,6,0,3,0,0,78,20,10,20,10,8,60,0,121,8,0,0,0,0,0,0,0,0,0,0,0,0,0,0,0,0,0,0,0,0,0,0,0,0,0,0,0,23001,0,8412,8412,8412
86,36,ZPU-2 AAMG,233,AA gun,6,anti-air,0,default,1949,10,1964,12,1,5,0,15,1,20,0,2,1,0,0,9,0,2,0,0,55,60,0,0,0,6,60,0,121,5,0,0,0,0,0,0,0,0,0,0,0,0,0,0,0,0,0,0,0,0,0,0,0,0,0,0,0,11086,0,1976,1976,1976
87,36,ZPU-4 AAMG,233,AA gun,6,anti-air,0,default,1953,1,1979,12,1,5,0,17,1,40,0,3,1,0,0,9,0,3,0,0,50,60,0,0,0,6,60,0,121,5,0,0,0,0,0,0,0,0,0,0,0,0,0,0,0,0,0,0,0,0,0,0,0,0,0,0,0,11087,0,1977,1977,1977
88,36,TO-23 AA-Gun,233,AA gun,6,anti-air,0,default,1965,1,1990,9,1,6,0,25,1,60,0,5,5,0,0,9,0,4,0,0,57,35,5,0,0,6,60,0,0,0,0,0,0,0,0,0,0,0,0,0,0,0,0,0,0,0,0,0,0,0,0,0,0,0,0,0,0,11088,0,1979,1979,1979
89,36,37mm AA-Gun,233,AA gun,6,anti-air,0,default,1953,1,1964,12,2,8,0,24,0,51,0,10,3,0,0,9,0,4,0,0,77,35,5,0,0,6,60,0,0,0,0,0,0,0,0,0,0,0,0,0,0,0,0,0,0,0,0,0,0,0,0,0,0,0,0,0,0,36071,0,1978,1978,1978
90,36,76mm Field Gun,189,field gun,4,artillery,0,default,1949,10,1969,12,1,6,0,21,0,90,0,0,0,0,0,7,0,3,0,0,109,45,0,3,0,20,60,0,0,0,0,0,0,0,0,0,0,0,0,0,0,0,0,0,0,0,0,0,0,0,0,0,0,0,0,0,0,11090,0,57,57,57
91,36,122mm Field Gun,189,field gun,4,artillery,0,default,1949,10,1976,12,2,8,0,30,0,90,0,0,0,0,0,6,0,4,0,0,112,35,0,3,0,20,60,0,0,0,0,0,0,0,0,0,0,0,0,0,0,0,0,0,0,0,0,0,0,0,0,0,0,0,0,0,0,11091,0,60,60,60
92,36,122mm Field Gun,189,field gun,4,artillery,0,default,1969,1,1990,9,2,7,0,33,0,92,0,0,0,0,0,6,0,4,0,0,110,35,0,3,0,8,60,0,0,0,0,0,0,0,0,0,0,0,0,0,0,0,0,0,0,0,0,0,0,0,0,0,0,0,0,0,0,52600,0,60,60,60
93,36,7.62mm SGM MMGs,7,machine gun,0,infantry,0,default,1957,1,1972,12,1,6,0,13,5,10,0,1,1,0,0,9,0,0,0,0,34,90,0,0,0,34,90,0,6,60,0,121,6,0,0,0,0,0,0,0,0,0,0,0,0,0,0,0,0,0,0,0,0,0,0,0,0,11093,0,0,0,0
94,36,7.62mm PKM MMGs,7,machine gun,0,infantry,0,default,1968,1,1990,9,1,6,0,13,5,20,0,1,1,0,0,9,0,0,0,0,35,90,0,0,0,35,90,0,8,60,0,121,6,0,0,0,0,0,0,0,0,0,0,0,0,0,0,0,0,0,0,0,0,0,0,0,0,45377,0,0,0,0
95,36,12.7 DShK HMGs,12,heavy MG section,0,infantry,0,default,1946,1,1979,12,1,8,0,21,4,20,0,1,1,0,0,9,0,0,0,0,38,90,0,0,0,38,90,0,6,60,0,121,8,0,0,0,0,0,0,0,0,0,0,0,0,0,0,0,0,0,0,0,0,0,0,0,0,11095,0,0,0,0
96,36,12.7mm NSW HMGs,12,heavy MG section,0,infantry,0,default,1972,1,1990,9,1,8,0,24,4,30,0,1,1,0,0,9,0,0,0,0,37,90,0,0,0,37,90,0,8,60,0,121,8,0,0,0,0,0,0,0,0,0,0,0,0,0,0,0,0,0,0,0,0,0,0,0,0,23019,0,0,0,0
97,36,30mm AGS-17 GL,204,automatic grenade launcher,4,artillery,0,default,1986,1,2025,12,0,3,0,12,4,40,0,1,1,0,0,9,0,0,0,0,49,40,0,0,0,8,60,0,0,0,0,0,0,0,0,0,0,0,0,0,0,0,0,0,0,0,0,0,0,0,0,0,0,0,0,0,0,11097,0,0,0,0
98,36,Infantry Squad,3,heavy wpns squad,0,infantry,0,default,1956,3,1962,12,1,8,0,21,6,60,0,0,0,0,0,9,0,0,0,0,3,80,0,0,0,10,80,0,121,16,0,15,0,3,0,0,0,0,0,0,0,0,0,0,0,0,0,0,0,0,0,0,0,0,0,0,0,11098,0,0,0,0
99,36,Infantry Squad,3,heavy wpns squad,0,infantry,0,default,1959,1,1971,12,1,8,0,21,6,60,0,0,0,0,0,9,0,0,0,0,8,80,0,0,0,11,80,0,121,16,0,15,0,3,0,0,0,0,0,0,0,0,0,0,0,0,0,0,0,0,0,0,0,0,0,0,0,23853,0,0,0,0
100,36,Infantry Squad,3,heavy wpns squad,0,infantry,0,default,1964,1,1976,12,1,8,0,23,6,70,0,0,0,0,0,9,0,0,0,0,8,80,0,0,0,12,80,0,121,16,0,18,0,6,0,0,0,0,0,0,0,0,0,0,0,0,0,0,0,0,0,0,0,0,0,0,0,23845,0,0,0,0
101,36,Infantry Squad,3,heavy wpns squad,0,infantry,0,default,1969,1,1990,9,1,8,0,23,6,80,0,0,0,0,0,9,0,0,0,0,8,80,0,0,0,13,80,0,121,16,0,18,0,6,0,0,0,0,0,0,0,0,0,0,0,0,0,0,0,0,0,0,0,0,0,0,0,23846,0,0,0,0
102,36,Infantry Squad,3,heavy wpns squad,0,infantry,0,default,1987,1,1990,9,1,8,0,27,6,90,10,0,0,0,0,9,0,0,0,0,7,80,0,0,0,14,80,0,124,32,0,19,0,6,0,0,0,0,0,0,0,0,0,0,0,0,0,0,0,0,0,0,0,0,0,0,0,9281,0,0,0,0
103,36,Infantry Squad,0,infantry,0,infantry,0,default,1956,3,1962,12,1,8,0,20,6,40,0,0,0,0,0,9,0,0,0,0,6,80,0,0,0,10,80,0,121,16,0,15,0,3,0,0,0,0,0,0,0,0,0,0,0,0,0,0,0,0,0,0,0,0,0,0,0,23845,0,0,0,0
104,36,Infantry Squad,0,infantry,0,infantry,0,default,1959,1,1971,12,1,8,0,21,6,50,0,0,0,0,0,9,0,0,0,0,8,80,0,0,0,11,80,0,121,16,0,15,0,3,0,0,0,0,0,0,0,0,0,0,0,0,0,0,0,0,0,0,0,0,0,0,0,13356,0,0,0,0
105,36,Infantry Squad,0,infantry,0,infantry,0,default,1964,1,1979,12,1,8,0,22,6,60,0,0,0,0,0,9,0,0,0,0,8,80,0,0,0,12,80,0,121,16,0,18,0,6,0,0,0,0,0,0,0,0,0,0,0,0,0,0,0,0,0,0,0,0,0,0,0,13357,0,0,0,0
106,36,Infantry Squad,0,infantry,0,infantry,0,default,1972,1,1990,9,1,8,0,23,6,70,0,0,0,0,0,9,0,0,0,0,8,80,0,0,0,13,80,0,121,16,0,18,0,6,0,0,0,0,0,0,0,0,0,0,0,0,0,0,0,0,0,0,0,0,0,0,0,23846,0,0,0,0
107,36,Infantry Squad,0,infantry,0,infantry,0,default,1987,1,1990,9,1,8,0,26,6,90,10,0,0,0,0,9,0,0,0,0,8,80,0,0,0,13,80,0,124,32,0,24,0,5,0,0,0,0,0,0,0,0,0,0,0,0,0,0,0,0,0,0,0,0,0,0,0,9281,0,0,0,0
108,36,Engineers,14,engineers,0,infantry,0,default,1949,10,1969,12,1,8,0,22,6,91,0,0,0,0,0,9,0,0,0,0,6,80,0,0,0,121,16,0,120,4,0,126,0,4,0,0,0,0,0,0,0,0,0,0,0,0,0,0,0,0,0,0,0,0,0,0,0,11108,0,0,0,0
109,36,Engineers,14,engineers,0,infantry,0,default,1959,1,1990,9,1,8,0,22,6,91,0,0,0,0,0,9,0,0,0,0,8,80,0,0,0,121,16,0,120,4,0,126,0,4,0,0,0,0,0,0,0,0,0,0,0,0,0,0,0,0,0,0,0,0,0,0,0,11109,0,0,0,0
110,36,Engineers,14,engineers,0,infantry,0,default,1959,1,1977,12,1,8,0,27,6,91,0,0,0,0,0,9,0,0,0,0,8,80,0,0,0,121,16,0,119,4,0,120,4,0,0,0,0,0,0,0,0,0,0,0,0,0,0,0,0,0,0,0,0,0,0,0,0,11109,0,0,0,0
111,36,Engineers,14,engineers,0,infantry,0,default,1978,1,1990,9,1,8,0,31,6,91,10,0,0,0,0,9,0,0,0,0,5,80,0,0,0,121,16,0,119,4,0,120,4,0,0,0,0,0,0,0,0,0,0,0,0,0,0,0,0,0,0,0,0,0,0,0,0,11111,0,0,0,0
112,36,Engineers,14,engineers,0,infantry,0,default,1978,1,1990,9,1,8,0,26,6,92,10,0,0,0,0,9,0,0,0,0,5,80,0,0,0,121,16,0,120,4,0,123,0,4,0,0,0,0,0,0,0,0,0,0,0,0,0,0,0,0,0,0,0,0,0,0,0,11111,0,0,0,0
113,36,Mil Mi-1,309,light helicopter,11,air force,0,default,1958,1,1988,12,3,1,0,89,62,90,0,0,0,0,0,0,103,100,0,0,0,0,0,0,0,0,0,0,0,0,0,0,0,0,0,0,0,0,0,0,0,0,4,0,0,0,0,0,0,0,0,0,0,0,0,0,0,9120,0,1908,1908,1908
114,36,Mil Mi-4,308,helicopter,11,air force,0,default,1956,1,1978,12,4,2,0,44,64,90,0,0,0,0,0,9,112,100,0,0,0,0,0,0,0,0,0,0,0,0,0,0,0,0,0,0,0,0,0,0,0,0,6,0,0,0,0,0,0,0,0,0,0,0,0,0,0,11114,0,1912,1912,1912
115,36,Mil Mi-4A,311,attack helicopter,11,air force,0,default,1962,1,1976,12,4,2,0,70,64,91,0,2,2,0,4,9,112,100,0,0,38,20,0,0,0,186,6,2,186,6,2,0,0,0,0,0,0,0,0,0,0,0,6,0,0,0,0,0,0,0,0,0,0,0,0,0,0,11114,0,1911,1911,1911
116,36,Mil Mi-2,309,light helicopter,11,air force,0,default,1972,1,1990,9,3,1,0,91,70,90,0,0,0,0,0,0,108,100,0,0,0,0,0,0,0,0,0,0,0,0,0,0,0,0,0,0,0,0,0,0,0,0,4,0,0,0,0,0,0,0,0,0,0,0,0,0,0,11116,0,932,932,932
117,36,Mil Mi-2A,311,attack helicopter,11,air force,0,default,1975,1,1990,9,3,1,0,89,76,91,10,2,2,0,4,4,108,100,0,0,145,0,0,4,0,0,0,0,0,0,0,0,0,0,0,0,0,0,0,0,0,0,4,0,0,0,0,0,0,0,0,0,0,0,0,0,0,11116,0,932,932,932
118,36,Mil Mi-8T,308,helicopter,11,air force,0,default,1968,1,1990,9,4,3,0,83,79,90,0,0,0,0,4,9,132,100,0,0,186,6,2,0,0,186,6,2,0,0,0,0,0,0,0,0,0,0,0,0,0,0,8,0,0,0,0,0,0,0,0,0,0,0,0,0,0,11118,0,1913,1913,1913
119,36,Mil Mi-8TB,311,attack helicopter,11,air force,0,default,1976,1,1990,9,4,3,0,149,79,91,10,6,4,0,4,9,132,100,0,0,176,20,0,0,0,150,0,4,186,2,2,186,2,2,0,0,0,0,0,0,0,0,8,1,0,0,0,0,0,0,0,0,0,0,0,0,0,11118,0,1913,1913,1913
120,36,Mil Mi-8TB,311,attack helicopter,11,air force,0,default,1976,1,1990,9,4,3,0,115,79,91,10,6,4,0,4,9,132,100,0,0,176,20,0,0,0,186,24,8,186,24,8,186,24,8,0,0,0,0,0,0,0,0,8,1,0,0,0,0,0,0,0,0,0,0,0,0,0,11118,0,1913,1913,1913
121,36,Mil Mi-8TV,311,attack helicopter,11,air force,0,default,1976,1,1990,9,4,3,0,162,79,91,10,6,4,0,4,9,132,100,0,0,176,20,0,0,0,145,0,6,186,6,2,186,6,2,0,0,0,0,0,0,0,0,8,1,0,0,0,0,0,0,0,0,0,0,0,0,0,11118,0,1913,1913,1913
123,36,Mi-24P,311,attack helicopter,11,air force,0,default,1989,12,1990,9,4,4,0,282,105,92,30,20,12,4,5,9,108,100,0,0,191,25,12,0,0,165,0,4,187,8,8,187,8,8,0,0,0,0,0,0,0,0,14,2,0,0,0,0,0,0,0,0,0,0,0,0,0,11122,0,3491,3491,3491
124,36,Mi-24D,311,attack helicopter,11,air force,0,default,1978,8,1990,9,4,4,0,242,105,92,20,15,12,3,5,9,108,100,0,0,177,15,0,0,0,149,0,4,187,8,8,187,8,8,0,0,0,0,0,0,0,0,14,2,0,0,0,0,0,0,0,0,0,0,0,0,0,40053,0,3487,3487,3487
126,36,Infantry Squad,0,infantry,0,infantry,0,default,1956,3,1962,12,1,8,0,20,6,40,0,0,0,0,0,9,0,0,0,0,16,80,0,0,0,10,80,0,121,16,0,15,0,3,0,0,0,0,0,0,0,0,0,0,0,0,0,0,0,0,0,0,0,0,0,0,0,23848,0,0,0,0
127,36,MiG-17F,306,fighter-bomber,11,air force,0,default,1972,1,1983,12,4,1,0,44,13,91,0,5,0,0,0,9,0,0,0,0,181,6,3,0,0,196,1,0,196,1,0,0,0,0,0,0,0,0,0,0,0,0,6,0,0,0,0,0,0,0,0,0,0,0,0,0,0,11132,0,2809,2809,2809
129,36,SPZ BMP-2,160,heavy APC,3,APC,3,track,1985,1,1990,9,4,2,3,117,22,73,20,15,12,0,2,9,109,11,3,1,76,40,20,0,0,166,0,4,64,90,0,0,0,0,0,0,0,0,0,0,0,0,4,3,2,4,3,2,1,0,0,0,0,0,0,0,0,11065,0,7460,1707,7463
130,36,Factorya Team,220,AT infantry,5,anti-tank,0,default,1986,1,1990,9,0,3,0,47,6,50,0,0,0,0,0,4,0,0,0,0,163,0,0,4,0,8,60,0,123,0,2,0,0,0,0,0,0,0,0,0,0,0,0,0,0,0,0,0,0,0,0,0,0,0,0,0,0,23747,0,0,0,0
131,36,MiG-15,306,fighter-bomber,11,air force,0,default,1956,3,1965,12,4,1,0,51,12,92,0,5,0,0,0,9,0,0,0,0,180,9,2,0,0,184,6,1,197,1,0,197,1,0,0,0,0,0,0,0,0,0,8,0,0,0,0,0,0,0,0,0,0,0,0,0,0,11131,0,2151,2151,2151
132,36,MiG-17F,306,fighter-bomber,11,air force,0,default,1956,3,1970,12,4,1,0,44,13,92,0,5,0,0,0,9,0,0,0,0,180,9,2,0,0,184,6,1,196,1,0,196,1,0,0,0,0,0,0,0,0,0,6,0,0,0,0,0,0,0,0,0,0,0,0,0,0,11132,0,2151,2151,2151
133,36,WSK Lim-5P,306,fighter-bomber,11,air force,0,default,1959,1,1970,12,4,1,0,54,13,91,0,5,0,0,0,9,0,0,0,0,180,9,2,0,0,184,6,1,201,2,0,201,2,0,0,0,0,0,0,0,0,0,6,0,0,0,0,0,0,0,0,0,0,0,0,0,0,11132,0,2151,2151,2151
134,36,Mig-17F,306,fighter-bomber,11,air force,0,default,1964,1,1983,12,4,1,0,44,13,91,0,5,0,0,0,9,0,0,0,0,181,6,3,0,0,196,1,0,196,1,0,0,0,0,0,0,0,0,0,0,0,0,6,0,0,0,0,0,0,0,0,0,0,0,0,0,0,11132,0,2809,2809,2809
135,36,Mig-17PF,306,fighter-bomber,11,air force,0,default,1972,1,1983,12,4,1,0,46,13,91,0,10,0,0,0,9,0,0,0,0,181,6,3,0,0,196,1,0,196,1,0,0,0,0,0,0,0,0,0,0,0,0,6,0,0,0,0,0,0,0,0,0,0,0,0,0,0,11132,0,2808,2808,2808
136,36,Mig-19S,306,fighter-bomber,11,air force,0,default,1959,1,1967,12,4,1,0,60,14,90,0,10,0,1,0,9,0,0,0,0,183,5,3,0,0,195,2,0,195,2,0,0,0,0,0,0,0,0,0,0,0,0,7,0,0,0,0,0,0,0,0,0,0,0,0,0,0,11138,0,7931,7931,2153
137,36,Mig-19SF,306,fighter-bomber,11,air force,0,default,1957,1,1975,12,4,1,0,62,15,90,0,10,0,1,0,9,0,0,0,0,183,5,3,0,0,185,4,0,185,4,0,0,0,0,0,0,0,0,0,0,0,0,7,0,0,0,0,0,0,0,0,0,0,0,0,0,0,11138,0,2154,2154,2154
138,36,BA-64,284,armored car,8,recon,2,wheel (AT),1949,10,1960,12,3,2,3,11,24,30,0,0,0,0,0,9,0,10,0,0,66,120,0,0,0,0,0,0,0,0,0,0,0,0,0,0,0,0,0,0,0,0,2,1,1,1,1,1,0,0,0,0,0,0,0,0,0,11,0,1202,1202,1202
139,36,SK-1,284,armored car,8,recon,2,wheel (AT),1954,1,1970,12,3,5,3,15,25,30,0,0,0,0,0,9,0,10,0,0,33,120,0,0,0,0,0,0,0,0,0,0,0,0,0,0,0,0,0,0,0,0,2,1,1,1,1,1,0,0,0,0,0,0,0,0,0,25140,0,2236,2236,2236
141,36,MiG-21MF,306,fighter-bomber,11,air force,0,default,1972,1,1990,9,4,1,0,63,22,92,0,5,0,0,0,9,0,0,0,0,182,4,1,0,0,185,8,0,185,8,0,0,0,0,0,0,0,0,0,0,0,0,9,0,0,0,0,0,0,0,0,0,0,0,0,0,0,11141,0,2761,2761,2761
142,36,MiG-21F,306,fighter-bomber,11,air force,0,default,1961,1,1990,9,4,1,0,66,22,92,10,5,0,1,0,9,0,0,0,0,183,4,2,0,0,185,4,0,185,4,0,0,0,0,0,0,0,0,0,0,0,0,8,0,0,0,0,0,0,0,0,0,0,0,0,0,0,11141,0,2760,2760,2760
143,36,MiG-21M,306,fighter-bomber,11,air force,0,default,1969,1,1990,9,4,1,0,64,22,92,0,10,0,0,0,9,0,0,0,0,183,4,2,0,0,185,4,0,198,2,0,0,0,0,0,0,0,0,0,0,0,0,9,0,0,0,0,0,0,0,0,0,0,0,0,0,0,11141,0,2760,2760,2760
144,36,MiG-21SPS,306,fighter-bomber,11,air force,0,default,1966,1,1974,12,4,1,0,68,22,92,10,10,0,1,0,9,0,0,0,0,183,4,2,0,0,185,4,0,185,4,0,0,0,0,0,0,0,0,0,0,0,0,8,0,0,0,0,0,0,0,0,0,0,0,0,0,0,11141,0,2757,2757,2757
145,36,MiG-21PFM,306,fighter-bomber,11,air force,0,default,1964,1,1989,12,4,1,0,69,22,92,10,10,0,1,0,9,0,0,0,0,183,4,2,0,0,196,2,0,0,0,0,0,0,0,0,0,0,0,0,0,0,0,9,0,0,0,0,0,0,0,0,0,0,0,0,0,0,11141,0,2760,2760,2760
146,36,MiG-21bis,306,fighter-bomber,11,air force,0,default,1975,1,1990,9,4,1,0,93,22,92,10,10,0,1,0,9,0,0,0,0,182,4,1,0,0,210,2,0,196,2,0,0,0,0,0,0,0,0,0,0,0,0,9,0,0,0,0,0,0,0,0,0,0,0,0,0,0,11141,0,2760,2760,2760
147,36,MiG-21SPS/K,306,fighter-bomber,11,air force,0,default,1975,1,1990,9,4,1,0,95,22,91,10,10,0,1,0,9,0,0,0,0,182,4,1,0,0,210,2,0,185,4,0,185,4,0,0,0,0,0,0,0,0,0,9,0,0,0,0,0,0,0,0,0,0,0,0,0,0,11141,0,2757,2757,2757
149,36,MiG-23MF,306,fighter-bomber,11,air force,0,default,1978,1,1990,9,5,1,0,153,25,90,20,10,0,3,0,9,0,0,0,0,182,4,1,0,0,210,2,0,210,2,0,0,0,0,0,0,0,0,0,0,0,0,15,0,0,0,0,0,0,0,0,0,0,0,0,0,0,11491,0,1927,1927,1927
150,36,MiG-23ML,306,fighter-bomber,11,air force,0,default,1984,1,1990,9,5,1,0,120,25,91,20,15,0,3,0,9,0,0,0,0,182,4,1,0,0,185,11,0,185,11,0,185,10,0,0,0,0,0,0,0,0,0,15,0,0,0,0,0,0,0,0,0,0,0,0,0,0,11491,0,1927,1927,1927
151,36,MiG-23BN,306,fighter-bomber,11,air force,0,default,1980,1,1990,9,5,1,0,132,25,91,30,15,0,2,0,9,0,0,0,0,182,4,1,0,0,210,2,0,198,2,0,0,0,0,0,0,0,0,0,0,0,0,16,0,0,0,0,0,0,0,0,0,0,0,0,0,0,11492,0,1927,1927,1927
152,36,MiG-23BN,306,fighter-bomber,11,air force,0,default,1980,1,1990,9,5,2,0,111,25,91,30,15,0,2,0,9,0,0,0,0,182,4,1,0,0,198,2,0,198,2,0,0,0,0,0,0,0,0,0,0,0,0,16,0,0,0,0,0,0,0,0,0,0,0,0,0,0,11492,0,1927,1927,1927
153,36,Su-22,306,fighter-bomber,11,air force,0,default,1983,1,1990,9,5,1,0,133,22,90,30,15,0,4,0,9,0,0,0,0,183,5,2,0,0,200,2,0,200,2,0,200,2,0,0,0,0,0,0,0,0,0,15,0,0,0,0,0,0,0,0,0,0,0,0,0,0,11152,0,1994,1994,1994
154,36,Su-22,306,fighter-bomber,11,air force,0,default,1981,1,1990,9,5,1,0,127,22,90,30,15,0,4,0,9,0,0,0,0,183,5,2,0,0,185,8,0,185,8,0,185,8,0,0,0,0,0,0,0,0,0,15,0,0,0,0,0,0,0,0,0,0,0,0,0,0,11152,0,1994,1994,1994
155,36,Su-22,316,SEAD aircraft,11,air force,0,default,1981,1,1990,9,5,1,0,189,22,91,30,20,0,4,0,9,0,0,0,0,183,5,2,0,0,211,2,0,211,2,0,0,0,0,0,0,0,0,0,0,0,0,15,0,0,0,0,0,0,0,0,0,0,0,0,0,0,11152,0,1994,1994,1994
158,36,Il-28,307,level bomber,11,air force,0,default,1960,1,1982,12,6,3,0,62,9,90,0,0,0,0,0,9,0,0,0,0,198,4,0,0,0,0,0,0,0,0,0,0,0,0,0,0,0,0,0,0,0,0,15,0,0,0,0,0,0,0,0,0,0,0,0,0,0,11137,0,165,165,3121
159,36,Il-28,307,level bomber,11,air force,0,default,1960,1,1982,12,6,3,0,62,9,90,0,0,0,0,0,9,0,0,0,0,196,4,0,0,0,196,4,0,0,0,0,0,0,0,0,0,0,0,0,0,0,0,15,0,0,0,0,0,0,0,0,0,0,0,0,0,0,11137,0,165,165,3121
160,36,Il-28,307,level bomber,11,air force,0,default,1972,1,1982,12,6,3,0,62,9,90,0,0,0,0,0,9,0,0,0,0,193,4,0,0,0,193,4,0,0,0,0,0,0,0,0,0,0,0,0,0,0,0,15,0,0,0,0,0,0,0,0,0,0,0,0,0,0,11137,0,165,165,3121
164,36,BM-13 Katyusha,203,SP rocket launcher,4,artillery,2,wheel (AT),1949,10,1968,12,4,6,1,25,13,91,0,0,0,0,0,8,0,12,0,0,105,8,0,0,0,105,8,0,0,0,0,0,0,0,0,0,0,0,0,0,0,0,0,0,0,0,0,0,0,0,0,0,0,0,0,0,0,32269,0,858,858,858
165,36,BM-21 Grad Sec,209,offboard rocket launcher,4,artillery,0,default,1966,1,1990,9,0,15,0,223,0,90,0,0,0,0,0,40,0,0,0,0,104,80,0,0,0,104,80,0,104,80,0,0,0,0,0,0,0,0,0,0,0,0,0,0,0,0,0,0,0,0,0,0,0,0,0,0,0,32320,0,0,0,0
166,36,BM-14-16,203,SP rocket launcher,4,artillery,0,default,1961,1,1973,12,5,7,1,23,0,91,0,0,0,0,0,8,0,12,0,0,202,8,0,0,0,202,8,0,0,0,0,0,0,0,0,0,0,0,0,0,0,0,0,0,0,0,0,0,0,0,0,0,0,0,0,0,0,65362,0,858,858,858
167,36,RM-70 Section,209,offboard rocket launcher,4,artillery,0,default,1978,1,1990,9,0,18,0,226,0,90,0,0,0,0,0,40,0,0,0,0,104,80,0,0,0,104,80,0,104,80,0,0,0,0,0,0,0,0,0,0,0,0,0,0,0,0,0,0,0,0,0,0,0,0,0,0,0,41018,0,0,0,0
168,36,BM-24 Section,209,offboard rocket launcher,4,artillery,0,default,1966,1,1979,12,0,18,0,179,0,91,0,0,0,0,0,12,0,0,0,0,204,24,0,0,0,204,24,0,204,24,0,0,0,0,0,0,0,0,0,0,0,0,0,0,0,0,0,0,0,0,0,0,0,0,0,0,0,11034,0,0,0,0
169,36,BM-21 Grad,203,SP rocket launcher,4,artillery,2,wheel (AT),1966,1,1990,9,5,5,2,36,25,92,0,0,0,0,0,20,0,15,0,0,104,20,0,0,0,104,20,0,0,0,0,0,0,0,0,0,0,0,0,0,0,0,0,0,0,0,0,0,0,0,0,0,0,0,0,0,0,32320,0,3713,3710,3716
170,36,RM-70,203,SP rocket launcher,4,artillery,2,wheel (AT),1978,1,1990,9,5,6,0,60,15,90,0,0,0,0,0,20,0,20,0,0,104,40,0,0,0,104,40,0,0,0,0,0,0,0,0,0,0,0,0,0,0,0,1,1,1,1,1,1,1,0,0,0,0,0,0,0,0,41018,0,3622,3621,3624
172,36,76mm Section,205,offboard artillery,4,artillery,0,default,1949,10,1969,12,0,18,0,135,0,92,0,0,0,0,0,7,0,0,0,0,109,90,0,0,0,109,90,0,109,90,0,0,0,0,0,0,0,0,0,0,0,0,0,0,0,0,0,0,0,0,0,0,0,0,0,0,0,11172,0,0,0,0
173,36,122mm Section,207,medium offboard artillery,4,artillery,0,default,1949,10,1976,12,0,24,0,180,0,90,0,0,0,0,0,6,0,0,0,0,112,70,0,0,0,112,70,0,112,70,0,0,0,0,0,0,0,0,0,0,0,0,0,0,0,0,0,0,0,0,0,0,0,0,0,0,0,11173,0,0,0,0
174,36,122mm Section,207,medium offboard artillery,4,artillery,0,default,1969,1,1990,9,0,21,0,180,0,90,0,0,0,0,0,6,0,0,0,0,110,70,0,0,0,110,70,0,110,70,0,0,0,0,0,0,0,0,0,0,0,0,0,0,0,0,0,0,0,0,0,0,0,0,0,0,0,52600,0,0,0,0
175,36,130mm Section,208,heavy offboard artillery,4,artillery,0,default,1956,1,1990,9,0,27,0,204,0,91,0,0,0,0,0,6,0,0,0,0,115,70,0,0,0,115,70,0,115,70,0,0,0,0,0,0,0,0,0,0,0,0,0,0,0,0,0,0,0,0,0,0,0,0,0,0,0,41262,0,0,0,0
176,36,152mm Section,208,heavy offboard artillery,4,artillery,0,default,1949,10,1964,12,0,21,0,189,0,90,0,0,0,0,0,5,0,0,0,0,114,60,0,0,0,114,60,0,114,60,0,0,0,0,0,0,0,0,0,0,0,0,0,0,0,0,0,0,0,0,0,0,0,0,0,0,0,11176,0,0,0,0
177,36,152mm Section,208,heavy offboard artillery,4,artillery,0,default,1957,1,1990,9,0,30,0,209,0,90,0,0,0,0,0,5,0,0,0,0,111,60,0,0,0,111,60,0,111,60,0,0,0,0,0,0,0,0,0,0,0,0,0,0,0,0,0,0,0,0,0,0,0,0,0,0,0,11176,0,0,0,0
178,36,122mm Section,207,medium offboard artillery,4,artillery,0,default,1958,1,1990,9,0,33,0,198,0,91,0,0,0,0,0,6,0,0,0,0,95,70,0,0,0,95,70,0,95,70,0,0,0,0,0,0,0,0,0,0,0,0,0,0,0,0,0,0,0,0,0,0,0,0,0,0,0,23490,0,0,0,0
180,36,100mm Naval Gun,205,offboard artillery,4,artillery,0,default,1949,10,1990,9,0,99,0,241,0,92,0,0,0,0,0,8,0,0,0,0,225,200,0,0,0,0,0,0,0,0,0,0,0,0,0,0,0,0,0,0,0,0,0,0,0,0,0,0,0,0,0,0,0,0,0,0,0,11180,0,0,0,0
181,36,130mm Naval Gun,205,offboard artillery,4,artillery,0,default,1949,10,1990,9,0,99,0,273,0,90,0,0,0,0,0,7,0,0,0,0,226,190,0,0,0,0,0,0,0,0,0,0,0,0,0,0,0,0,0,0,0,0,0,0,0,0,0,0,0,0,0,0,0,0,0,0,0,11182,0,0,0,0
182,36,152mm Naval Gun,205,offboard artillery,4,artillery,0,default,1949,10,1990,9,0,99,0,251,0,91,0,0,0,0,0,6,0,0,0,0,227,120,0,0,0,0,0,0,0,0,0,0,0,0,0,0,0,0,0,0,0,0,0,0,0,0,0,0,0,0,0,0,0,0,0,0,0,11183,0,0,0,0
184,36,T-4,321,landing barge,12,navy,0,default,1956,1,1987,12,10,8,6,49,0,90,0,0,0,0,0,9,230,101,6,0,54,90,0,0,0,0,0,0,0,0,0,0,0,0,6,6,6,6,6,6,5,0,4,4,4,4,4,4,3,0,0,0,0,0,0,0,0,11184,0,245,245,245
185,36,Ondatra LST,321,landing barge,12,navy,0,default,1980,1,1990,9,12,8,6,63,0,90,0,0,0,0,0,9,255,101,10,0,56,90,0,0,0,0,0,0,0,0,0,0,0,0,6,6,6,6,6,6,4,0,6,4,4,4,4,4,3,0,0,0,0,0,0,0,0,11185,0,3226,3226,3226
191,36,Earthen Bunker,332,fort,13,fortification,0,default,1949,10,1954,12,1,12,3,29,0,90,0,3,3,0,0,9,112,100,0,0,3,90,0,0,0,38,90,0,23,90,0,30,90,0,0,0,0,0,0,0,0,0,6,8,10,2,10,12,18,0,0,0,0,0,0,0,0,23495,0,403,403,403
192,36,Earthen Bunker,332,fort,13,fortification,0,default,1949,10,1959,12,1,12,3,33,0,90,0,3,3,0,0,9,112,100,0,0,3,90,0,0,0,38,90,0,10,90,0,10,90,0,0,0,0,0,0,0,0,0,6,8,10,2,10,12,18,0,0,0,0,0,0,0,0,23495,0,403,403,403
193,36,Earthen Bunker,332,fort,13,fortification,0,default,1955,1,1969,12,1,12,3,34,0,90,0,3,3,0,0,9,112,100,0,0,8,90,0,0,0,38,90,0,11,90,0,11,90,0,0,0,0,0,0,0,0,0,6,8,10,2,12,14,18,0,0,0,0,0,0,0,0,23495,0,403,403,403
194,36,Earthen Bunker,332,fort,13,fortification,0,default,1964,1,1978,12,1,12,3,34,0,90,0,3,3,0,0,9,112,100,0,0,8,90,0,0,0,38,90,0,12,90,0,12,90,0,0,0,0,0,0,0,0,0,6,8,10,2,12,14,18,0,0,0,0,0,0,0,0,23495,0,403,403,403
195,36,Earthen Bunker,332,fort,13,fortification,0,default,1969,1,1990,12,1,12,3,35,0,90,0,3,3,0,0,9,112,100,0,0,8,90,0,0,0,38,90,0,35,90,0,13,90,0,0,0,0,0,0,0,0,0,8,10,14,2,20,24,36,0,0,0,0,0,0,0,0,23495,0,403,403,403
196,36,Earthen Bunker,332,fort,13,fortification,0,default,1980,1,1990,9,1,12,3,41,0,90,10,3,3,0,0,9,112,100,0,0,8,90,0,0,0,38,90,0,35,90,0,13,90,0,0,0,0,0,0,0,0,0,8,14,16,2,32,36,54,0,0,0,0,0,0,0,0,23495,0,403,403,403
197,36,Concrete Bunker,332,fort,13,fortification,0,default,1949,10,1959,12,1,12,5,44,0,91,0,5,5,0,0,6,124,100,0,0,38,90,0,0,0,10,90,0,3,90,0,79,40,50,0,0,0,0,0,0,0,0,10,20,20,3,20,20,30,0,0,0,0,0,0,0,0,36672,0,402,402,402
198,36,Concrete Bunker,332,fort,13,fortification,0,default,1954,1,1969,12,1,12,5,57,0,91,20,5,5,0,0,6,124,100,0,0,38,90,0,0,0,38,90,0,35,90,0,83,40,40,0,0,0,0,0,0,0,0,20,30,40,4,40,40,60,0,0,0,0,0,0,0,0,36672,0,402,402,402
199,36,Concrete Bunker,332,fort,13,fortification,0,default,1964,1,1990,12,1,12,5,58,0,91,20,5,5,0,0,6,124,100,0,0,38,90,0,0,0,38,90,0,35,90,0,40,80,0,0,0,0,0,0,0,0,0,20,30,40,4,40,40,60,0,0,0,0,0,0,0,0,36672,0,402,402,402
200,36,Concrete Bunker,332,fort,13,fortification,0,default,1980,1,1990,9,1,12,5,64,0,91,20,5,5,0,0,6,124,100,0,0,38,90,0,0,0,38,90,0,49,80,0,13,90,0,0,0,0,0,0,0,0,0,20,30,40,4,60,60,90,0,0,0,0,0,0,0,0,36672,0,402,402,402
202,36,T-34/85 BTU,146,engineer tank,2,armor,3,track,1960,1,1970,12,4,5,3,100,18,50,0,3,3,0,0,7,0,22,0,0,81,36,19,0,0,66,120,0,0,0,0,65,120,0,109,6,7,10,8,6,2,0,9,6,7,10,8,6,2,0,0,0,0,0,0,0,0,29354,0,4717,4723,4720
203,36,T-54A PT-55,149,mine clearing tank,2,armor,3,track,1960,1,1977,12,4,4,4,139,16,60,10,3,6,0,1,6,0,27,0,1,89,22,4,8,0,62,120,0,54,90,0,61,120,0,119,8,6,23,15,6,4,0,20,8,6,23,15,6,4,0,0,0,0,0,0,0,0,29018,0,4021,4021,4021
204,36,T-55A KMT,149,mine clearing tank,2,armor,3,track,1967,1,1990,9,4,4,4,151,16,60,20,5,6,0,2,6,0,27,0,2,89,22,15,6,0,62,120,0,54,90,0,0,0,0,119,8,6,23,15,6,4,0,20,8,6,23,15,6,4,0,0,0,0,0,0,0,0,41022,0,4031,4031,4031
205,36,T-55AM2D2 KMT,146,engineer tank,2,armor,3,track,1990,1,1990,9,4,4,4,259,16,90,30,25,22,0,2,6,0,31,0,2,91,22,10,6,5,64,120,0,173,0,6,54,90,0,128,15,6,35,16,6,4,0,28,9,6,33,16,6,4,0,0,0,0,0,0,0,0,30665,0,3771,3771,3771
206,36,T-72 KMT-6,149,mine clearing tank,2,armor,3,track,1978,1,1986,1,4,3,4,200,19,80,20,10,18,0,2,6,0,41,0,2,100,26,4,9,0,64,120,0,52,90,0,0,0,0,131,16,6,43,20,7,5,0,31,9,6,39,18,7,5,0,0,0,0,0,0,0,0,30669,0,3969,3969,3969
207,36,T-72M KMT-6,149,mine clearing tank,2,armor,3,track,1986,2,1990,9,4,3,4,211,19,80,20,20,22,0,2,6,0,41,0,2,100,34,0,9,0,64,120,0,52,90,0,0,0,0,134,16,6,43,20,7,5,0,34,9,6,39,18,7,5,0,0,0,0,0,0,0,0,30664,0,3969,3969,3969
208,36,T-72M1 KMT-6,149,mine clearing tank,2,armor,3,track,1989,1,1990,9,4,3,4,213,25,80,30,20,22,0,3,6,0,41,0,2,101,34,0,9,0,64,120,0,52,90,0,0,0,0,80,24,6,54,24,7,5,0,40,10,6,43,19,7,5,0,0,0,0,0,0,0,0,30664,0,3969,3969,3969
209,36,Maxim HMG,7,machine gun,0,infantry,0,default,1946,1,1961,12,0,4,0,14,4,10,0,1,1,0,0,9,0,0,0,0,23,90,0,0,0,6,60,0,121,4,0,0,0,0,0,0,0,0,0,0,0,0,0,0,0,0,0,0,0,0,0,0,0,0,0,0,0,45355,0,0,0,0
210,36,T-55/BTU Dozer,146,engineer tank,2,armor,3,track,1960,1,1990,9,4,4,4,137,16,60,20,5,6,0,2,6,0,29,0,0,89,22,15,6,0,62,120,0,0,0,0,0,0,0,119,8,6,23,15,6,4,0,20,8,6,23,15,6,4,0,0,0,0,0,0,0,0,11210,0,1332,1332,4344
211,36,Maxim HMG,7,machine gun,0,infantry,0,default,1949,10,1961,12,0,4,0,14,4,10,0,1,1,0,0,9,0,0,0,0,23,90,0,0,0,6,60,0,121,4,0,0,0,0,0,0,0,0,0,0,0,0,0,0,0,0,0,0,0,0,0,0,0,0,0,0,0,45355,0,0,0,0
212,36,7.62mm SGM MMG,7,machine gun,0,infantry,0,default,1957,1,1972,12,0,3,0,11,5,10,0,1,1,0,0,9,0,0,0,0,34,90,0,0,0,6,60,0,121,3,0,0,0,0,0,0,0,0,0,0,0,0,0,0,0,0,0,0,0,0,0,0,0,0,0,0,0,11093,0,0,0,0
213,36,7.62mm PKMS MMG,7,machine gun,0,infantry,0,default,1968,1,1990,9,0,3,0,15,5,31,5,1,1,0,0,9,0,0,0,0,35,90,0,0,0,7,60,0,121,3,0,0,0,0,0,0,0,0,0,0,0,0,0,0,0,0,0,0,0,0,0,0,0,0,0,0,0,45377,0,0,0,0
215,36,12.7mm DShK HMG,8,MG section,0,infantry,0,default,1946,1,1981,12,0,4,0,16,4,20,0,1,1,0,0,9,0,0,0,0,38,90,0,0,0,6,60,0,121,4,0,0,0,0,0,0,0,0,0,0,0,0,0,0,0,0,0,0,0,0,0,0,0,0,0,0,0,11095,0,0,0,0
216,36,12.7mm NSW HMG,8,MG section,0,infantry,0,default,1972,1,1990,9,0,4,0,22,4,40,5,1,1,0,0,9,0,0,0,0,37,90,0,0,0,7,60,0,121,4,0,0,0,0,0,0,0,0,0,0,0,0,0,0,0,0,0,0,0,0,0,0,0,0,0,0,0,23019,0,0,0,0
219,36,MT-LBu,253,FO vehicle,8,recon,3,track,1970,1,1990,9,3,5,4,101,20,90,20,1,3,0,0,9,106,10,2,0,54,90,0,0,0,0,0,0,0,0,0,0,0,0,0,0,0,0,0,0,0,0,2,1,1,2,1,1,1,0,0,0,0,0,0,0,0,30611,0,3240,3238,3240
220,36,SPW-40u,253,FO vehicle,8,recon,2,wheel (AT),1956,1,1989,12,2,4,3,82,27,90,0,0,0,0,0,9,104,10,0,0,53,90,0,0,0,0,0,0,0,0,0,0,0,0,0,0,0,0,0,0,0,0,1,1,1,1,1,1,1,0,0,0,0,0,0,0,0,101,0,2930,2930,2930
221,36,SPW-40 Pu,253,FO vehicle,8,recon,2,wheel (AT),1964,1,1990,9,3,5,3,93,29,90,10,0,0,0,0,9,0,10,3,0,54,90,0,0,0,53,90,0,0,0,0,0,0,0,0,0,0,0,0,0,0,0,2,1,1,2,1,1,1,0,0,0,0,0,0,0,0,11052,0,2932,2932,2932
222,36,Gaz 69u,253,FO vehicle,8,recon,2,wheel (AT),1949,10,1990,9,2,2,0,71,24,90,0,0,0,0,0,0,106,10,0,0,0,0,0,0,0,0,0,0,0,0,0,0,0,0,0,0,0,0,0,0,0,0,0,0,0,0,0,0,0,0,0,0,0,0,0,0,0,64503,0,2958,2958,2958
223,36,SNAR-10 GSR FO,253,FO vehicle,8,recon,3,track,1982,1,2025,12,3,3,3,140,22,91,50,0,0,0,0,9,4,10,0,0,63,120,0,0,0,0,0,0,0,0,0,0,0,0,0,0,0,0,0,0,0,0,2,1,1,2,1,1,1,0,0,0,0,0,0,0,0,29549,0,3555,3558,3556
224,36,Gaz 69,337,utility vehicle,14,other,2,wheel (AT),1949,10,1990,9,2,2,0,11,24,90,0,0,0,0,0,0,106,10,0,0,0,0,0,0,0,0,0,0,0,0,0,0,0,0,0,0,0,0,0,0,0,0,0,0,0,0,0,0,0,0,0,0,0,0,0,0,0,64504,0,2958,2958,2958
225,36,GAZ-46,337,utility vehicle,14,other,2,wheel (AT),1958,1,1978,12,2,2,0,15,30,70,0,0,0,0,0,0,106,9,3,0,0,0,0,0,0,0,0,0,0,0,0,0,0,0,0,0,0,0,0,0,0,0,0,0,0,0,0,0,0,0,0,0,0,0,0,0,0,1442,0,7783,7785,7784
226,36,85mm ATG Whld,213,light AT gun,5,anti-tank,0,default,1962,2,1969,12,1,6,0,22,3,90,0,5,5,0,0,7,0,3,0,0,219,20,10,10,0,8,60,0,121,5,0,0,0,0,0,0,0,0,0,0,0,0,0,0,0,0,0,0,0,0,0,0,0,0,0,0,0,11082,0,8410,8410,8410
227,36,85mm ATG Whld,213,light AT gun,5,anti-tank,0,default,1970,1,1990,9,1,6,0,25,3,90,0,5,5,0,0,7,0,3,0,0,220,20,10,10,0,8,60,0,121,5,0,0,0,0,0,0,0,0,0,0,0,0,0,0,0,0,0,0,0,0,0,0,0,0,0,0,0,11082,0,8410,8410,8410
229,36,Ammo Bunker,338,ammo carrier,14,other,0,default,1946,1,1990,9,1,6,0,65,0,93,0,0,0,0,0,0,0,99,0,0,0,0,0,0,0,0,0,0,0,0,0,0,0,0,0,0,0,0,0,0,0,0,12,12,16,8,18,24,32,0,0,0,0,0,0,0,0,13011,0,416,416,416
230,36,Ammo Truck,338,ammo carrier,14,other,2,wheel (AT),1946,1,1990,9,4,2,0,26,15,50,0,0,0,0,0,5,0,12,0,0,0,0,0,0,0,0,0,0,0,0,0,0,0,0,0,0,0,0,0,0,0,0,0,0,0,0,0,0,0,0,0,0,0,0,0,0,0,32174,0,1097,1097,1097
231,36,MT-LB Munition,338,ammo carrier,14,other,3,track,1972,1,1990,9,3,3,4,42,20,90,0,0,0,0,0,9,0,10,2,0,63,120,0,0,0,0,0,0,0,0,0,0,0,0,0,0,0,0,0,0,0,0,2,1,1,2,1,1,1,0,0,0,0,0,0,0,0,11035,0,1734,1734,1734
232,36,Ammo Dump,338,ammo carrier,14,other,0,default,1946,1,1990,9,2,6,0,27,0,91,0,0,0,0,0,0,0,99,0,0,0,0,0,0,0,0,0,0,0,0,0,0,0,0,0,0,0,0,0,0,0,0,0,0,0,0,0,0,0,0,0,0,0,0,0,0,0,9087,0,413,413,413
237,36,Fasta-4 Truck,240,SP SAM,6,anti-air,1,wheel,1982,1,1990,9,2,4,0,80,18,90,0,0,0,1,0,3,0,10,0,0,125,3,0,0,0,125,3,0,125,3,0,125,3,0,0,0,0,0,0,0,0,0,0,0,0,0,0,0,0,0,0,0,0,0,0,0,0,25130,0,217,217,217
238,36,25mm AAA truck,235,SP AA gun,6,anti-air,1,wheel,1982,1,1990,9,3,4,2,43,18,90,10,10,5,1,0,9,0,10,0,0,235,35,5,0,0,0,0,0,0,0,0,0,0,0,0,0,0,0,0,0,0,0,1,1,1,1,1,1,0,0,0,0,0,0,0,0,0,25135,0,1850,1850,1850
239,36,3 x Motorcycles,282,motorcycle,8,recon,0,default,1949,10,1980,12,1,3,0,11,30,0,0,0,0,0,0,9,6,10,0,0,10,60,0,0,0,0,0,0,0,0,0,0,0,0,0,0,0,0,0,0,0,0,0,0,0,0,0,0,0,0,0,0,0,0,0,0,11,25137,0,830,830,830
240,36,Motorcycle Sec,264,scout APC,8,recon,0,default,1949,10,1959,12,0,6,0,19,7,90,0,0,0,0,0,9,0,0,0,0,16,80,0,0,0,121,12,0,0,0,0,0,0,0,0,0,0,0,0,0,0,0,0,0,0,0,0,0,0,0,0,0,0,0,0,0,0,11000,0,0,0,0
241,36,Motorcycle Sec,264,scout APC,8,recon,0,default,1959,1,1980,12,0,6,0,22,7,90,0,0,0,0,0,9,0,0,0,0,8,80,0,0,0,121,12,0,15,0,2,0,0,0,0,0,0,0,0,0,0,0,0,0,0,0,0,0,0,0,0,0,0,0,0,0,0,11109,0,0,0,0
242,36,Motorcycle Sec,264,scout APC,8,recon,0,default,1970,1,1980,12,0,6,0,23,7,90,0,0,0,0,0,9,0,0,0,0,8,80,0,0,0,121,12,0,18,0,2,0,0,0,0,0,0,0,0,0,0,0,0,0,0,0,0,0,0,0,0,0,0,0,0,0,0,11109,0,0,0,0
243,36,Headquarters,290,force HQ,9,C&C,0,default,1949,10,1954,12,0,6,0,50,6,90,0,0,0,0,0,9,0,0,0,0,6,60,0,0,0,121,6,0,0,0,0,0,0,0,0,0,0,0,0,0,0,0,0,0,0,0,0,0,0,0,0,0,0,0,0,0,0,23847,0,0,0,0
244,36,Headquarters,290,force HQ,9,C&C,0,default,1955,1,1977,12,0,6,0,50,6,90,0,0,0,0,0,9,0,0,0,0,8,60,0,0,0,121,6,0,0,0,0,0,0,0,0,0,0,0,0,0,0,0,0,0,0,0,0,0,0,0,0,0,0,0,0,0,0,23847,0,0,0,0
245,36,Headquarters,290,force HQ,9,C&C,0,default,1978,1,1990,9,0,6,0,50,6,90,10,0,0,0,0,9,0,0,0,0,5,60,0,0,0,121,6,0,0,0,0,0,0,0,0,0,0,0,0,0,0,0,0,0,0,0,0,0,0,0,0,0,0,0,0,0,0,23847,0,0,0,0
246,36,Assault Boat,325,assault boat,12,navy,0,default,1946,1,1990,9,1,1,0,0,0,0,0,0,0,0,0,6,13,1,3,0,0,0,0,0,0,0,0,0,0,0,0,0,0,0,0,0,0,0,0,0,0,0,0,0,0,0,0,0,0,0,0,0,0,0,0,0,0,25061,0,239,247,229
247,36,Barge,321,landing barge,12,navy,0,default,1946,1,1990,9,12,5,6,40,0,90,0,0,0,0,0,0,254,101,6,0,0,0,0,0,0,0,0,0,0,0,0,0,0,0,6,6,6,6,6,6,0,0,4,4,4,4,4,4,0,0,0,0,0,0,0,0,232,247,0,7792,7792,7792
248,36,Barge Carrier,322,barge carrier,12,navy,0,default,1946,1,1990,9,6,6,0,29,9,50,0,0,0,0,0,0,0,50,0,0,0,0,0,0,0,0,0,0,0,0,0,0,0,0,0,0,0,0,0,0,0,0,0,0,0,0,0,0,0,0,0,0,0,0,0,0,0,248,0,648,648,648
249,36,Crew,340,crew,14,other,0,default,1946,1,1990,9,1,4,0,0,6,0,0,0,0,0,0,9,0,0,0,0,2,6,0,0,0,121,4,0,0,0,0,0,0,0,0,0,0,0,0,0,0,0,0,0,0,0,0,0,0,0,0,0,0,0,0,0,0,2249,0,0,0,0
252,36,PTS-M,244,heavy amphibian unit,7,marine unit,0,default,1956,1,1990,9,4,3,4,32,14,90,0,0,0,0,0,0,150,100,4,0,0,0,0,0,0,0,0,0,0,0,0,0,0,0,0,0,0,0,0,0,0,0,1,1,1,1,1,1,0,0,0,0,0,0,0,0,0,65383,0,7786,7788,7787
253,36,K-61,243,light amphibian unit,7,marine unit,0,default,1960,1,1990,9,4,2,4,30,12,90,0,0,0,0,0,0,150,100,3,0,0,0,0,0,0,0,0,0,0,0,0,0,0,0,0,0,0,0,0,0,0,0,1,1,1,1,1,1,0,0,0,0,0,0,0,0,0,7509,0,7789,7791,7790
254,36,K-61 Munitions,338,ammo carrier,14,other,3,track,1963,1,1990,9,4,2,3,33,12,90,0,0,0,0,0,0,0,100,3,0,0,0,0,0,0,0,0,0,0,0,0,0,0,0,0,0,0,0,0,0,0,0,1,1,1,1,1,1,0,0,0,0,0,0,0,0,0,7509,0,3220,3221,3221
255,36,SPW-50 Munition,338,ammo carrier,14,other,3,track,1971,1,1990,9,4,2,4,41,16,60,0,0,0,0,0,9,0,12,4,0,53,90,0,0,0,0,0,0,0,0,0,0,0,0,0,0,0,0,0,0,0,0,2,1,1,2,1,1,1,0,0,0,0,0,0,0,0,11057,0,7722,2081,7723
256,36,Border Police,33,police,0,infantry,0,default,1946,1,1955,12,1,9,0,16,6,50,0,0,0,0,0,9,0,0,0,0,6,70,0,0,0,2,70,0,121,9,0,0,0,0,0,0,0,0,0,0,0,0,0,0,0,0,0,0,0,0,0,0,0,0,0,0,0,11103,0,0,0,0
257,36,Border Police,33,police,0,infantry,0,default,1946,1,1955,12,1,9,0,16,6,52,0,0,0,0,0,9,0,0,0,0,30,70,0,0,0,2,70,0,121,9,0,0,0,0,0,0,0,0,0,0,0,0,0,0,0,0,0,0,0,0,0,0,0,0,0,0,0,23509,0,0,0,0
260,36,Observer,252,forward observer,8,recon,0,default,1949,10,1954,12,0,2,0,71,6,90,0,0,0,0,0,9,0,0,0,0,6,50,0,0,0,121,4,0,0,0,0,0,0,0,0,0,0,0,0,0,0,0,0,0,0,0,0,0,0,0,0,0,0,0,0,0,0,245,0,0,0,0
261,36,Observer,252,forward observer,8,recon,0,default,1955,1,1990,9,0,2,0,71,6,90,0,0,0,0,0,9,0,0,0,0,8,50,0,0,0,121,4,0,0,0,0,0,0,0,0,0,0,0,0,0,0,0,0,0,0,0,0,0,0,0,0,0,0,0,0,0,0,245,0,0,0,0
262,36,Observer,252,forward observer,8,recon,0,default,1980,1,1990,9,0,2,0,75,6,90,10,0,0,0,0,9,0,0,0,0,5,50,0,0,0,121,4,0,0,0,0,0,0,0,0,0,0,0,0,0,0,0,0,0,0,0,0,0,0,0,0,0,0,0,0,0,0,245,0,0,0,0
266,36,Scouts,261,scout,8,recon,0,default,1949,10,1959,12,0,3,0,14,7,90,0,0,0,0,0,9,0,0,0,0,6,60,0,0,0,121,6,0,0,0,0,0,0,0,0,0,0,0,0,0,0,0,0,0,0,0,0,0,0,0,0,0,0,0,0,0,0,23849,0,0,0,0
267,36,Scouts,261,scout,8,recon,0,default,1959,1,1970,12,0,3,0,17,7,90,0,0,0,0,0,9,0,0,0,0,8,60,0,0,0,121,6,0,15,0,2,0,0,0,0,0,0,0,0,0,0,0,0,0,0,0,0,0,0,0,0,0,0,0,0,0,0,23849,0,0,0,0
268,36,Scouts,261,scout,8,recon,0,default,1970,1,1990,9,0,3,0,22,7,90,10,0,0,0,0,9,0,0,0,0,8,60,0,0,0,121,6,0,18,0,2,0,0,0,0,0,0,0,0,0,0,0,0,0,0,0,0,0,0,0,0,0,0,0,0,0,0,23849,0,0,0,0
269,36,Scouts,261,scout,8,recon,0,default,1980,1,1990,9,0,3,0,27,7,90,10,0,0,0,0,9,0,0,0,0,8,60,0,0,0,124,12,0,122,0,2,19,0,1,0,0,0,0,0,0,0,0,0,0,0,0,0,0,0,0,0,0,0,0,0,0,0,23849,0,0,0,0
270,36,Scouts,261,scout,8,recon,0,default,1987,1,1990,9,0,3,0,26,7,90,10,0,0,0,0,9,0,0,0,0,8,60,0,0,0,124,12,0,123,0,2,24,0,1,0,0,0,0,0,0,0,0,0,0,0,0,0,0,0,0,0,0,0,0,0,0,0,23849,0,0,0,0
275,36,Sniper,20,sniper,0,infantry,0,default,1949,10,2025,12,0,1,0,10,6,2,0,0,0,0,0,9,0,0,0,0,1,50,0,0,0,121,2,0,0,0,0,0,0,0,0,0,0,0,0,0,0,0,0,0,0,0,0,0,0,0,0,0,0,0,0,0,0,12112,0,0,0,0
276,36,Sniper,20,sniper,0,infantry,0,default,1949,10,2025,12,0,1,0,16,6,2,0,5,5,0,0,9,0,0,0,0,1,50,0,0,0,121,2,0,0,0,0,0,0,0,0,0,0,0,0,0,0,0,0,0,0,0,0,0,0,0,0,0,0,0,0,0,0,12112,0,0,0,0
277,36,Sniper,20,sniper,0,infantry,0,default,1949,10,2025,12,0,1,0,24,6,2,0,10,10,0,0,9,0,0,0,0,1,50,0,0,0,121,2,0,0,0,0,0,0,0,0,0,0,0,0,0,0,0,0,0,0,0,0,0,0,0,0,0,0,0,0,0,0,12112,0,0,0,0
278,36,Sniper,20,sniper,0,infantry,0,default,1960,1,1990,9,0,1,0,28,6,11,5,10,10,0,0,9,0,0,0,0,1,50,0,0,0,121,2,0,0,0,0,0,0,0,0,0,0,0,0,0,0,0,0,0,0,0,0,0,0,0,0,0,0,0,0,0,0,12112,0,0,0,0
279,36,Sniper,20,sniper,0,infantry,0,default,1970,1,1990,9,0,1,0,29,6,21,10,10,10,0,0,9,0,0,0,0,9,50,0,0,0,121,2,0,0,0,0,0,0,0,0,0,0,0,0,0,0,0,0,0,0,0,0,0,0,0,0,0,0,0,0,0,0,11112,0,0,0,0
280,36,Sniper,20,sniper,0,infantry,0,default,1980,1,1990,9,0,1,0,32,6,31,15,10,10,0,0,9,0,0,0,0,9,50,0,0,0,121,2,0,0,0,0,0,0,0,0,0,0,0,0,0,0,0,0,0,0,0,0,0,0,0,0,0,0,0,0,0,0,11112,0,0,0,0
283,36,SPW-152,161,wheeled APC,3,APC,2,wheel (AT),1971,1,1989,12,4,2,4,16,22,31,0,0,0,0,0,9,115,10,0,0,53,90,0,0,0,0,0,0,0,0,0,0,0,0,0,0,0,0,0,0,0,0,2,1,1,2,1,1,0,0,0,0,0,0,0,0,0,11056,0,8983,8987,8989
284,36,SPW-152a,161,wheeled APC,3,APC,2,wheel (AT),1971,1,1989,12,4,2,4,27,22,31,20,0,0,0,0,9,115,10,0,0,54,90,0,0,0,0,0,0,0,0,0,0,0,0,0,0,0,0,0,0,0,0,2,1,1,2,1,1,0,0,0,0,0,0,0,0,0,11056,0,8983,8987,8989
285,36,SPW-152K,161,wheeled APC,3,APC,2,wheel (AT),1971,1,1990,9,4,2,4,25,22,31,0,0,0,0,0,9,115,10,0,0,54,90,0,0,0,0,0,0,0,0,0,0,0,0,0,0,0,0,0,0,0,0,2,1,1,2,1,1,1,0,0,0,0,0,0,0,0,24,0,8991,8999,9001
286,36,SPW-50PK,166,tracked APC,3,APC,3,track,1971,1,1990,9,4,2,4,29,16,60,0,0,0,0,0,9,120,12,4,0,53,90,0,0,0,0,0,0,0,0,0,0,0,0,0,0,0,0,0,0,0,0,2,1,1,2,1,1,1,0,0,0,0,0,0,0,0,11057,0,7722,2081,7723
290,36,Light Truck,295,light truck,10,transport,2,wheel (AT),1946,1,1990,9,2,2,0,10,20,10,0,0,0,0,0,0,112,10,0,0,0,0,0,0,0,0,0,0,0,0,0,0,0,0,0,0,0,0,0,0,0,0,0,0,0,0,0,0,0,0,0,0,0,0,0,0,0,65014,0,4498,4499,4498
293,36,Medium Truck,296,medium truck,10,transport,1,wheel,1946,1,1990,9,3,2,0,11,18,10,0,0,0,0,0,0,118,12,0,0,0,0,0,0,0,0,0,0,0,0,0,0,0,0,0,0,0,0,0,0,0,0,0,0,0,0,0,0,0,0,0,0,0,0,0,0,0,2067,0,8015,8016,8017
300,36,An-2 Colt,301,paratroop transport,10,transport,0,default,1953,1,1990,9,5,2,0,23,3,90,0,0,0,0,0,0,112,0,0,0,0,0,0,0,0,0,0,0,0,0,0,0,0,0,0,0,0,0,0,0,0,0,6,0,0,0,0,0,0,0,0,0,0,0,0,0,0,11018,0,7983,7981,7988
302,36,VEB-14,301,paratroop transport,10,transport,0,default,1956,1,1990,9,5,2,0,32,4,90,0,0,0,0,0,0,32,0,0,0,0,0,0,0,0,0,0,0,0,0,0,0,0,0,0,0,0,0,0,0,0,0,6,0,0,0,0,0,0,0,0,0,0,0,0,0,0,11160,0,1129,1129,1129
309,36,L-29 Delfin,318,COIN fighter,11,air force,0,default,1972,1,1981,12,3,2,0,40,7,90,10,15,0,0,0,9,0,0,0,0,193,1,0,0,0,193,1,0,0,0,0,0,0,0,0,0,0,0,0,0,0,0,6,0,0,0,0,0,0,0,0,0,0,0,0,0,84,52604,0,1104,1104,1104
310,36,L-29 Delfin,318,COIN fighter,11,air force,0,default,1972,1,1981,12,3,2,0,40,7,90,10,15,0,0,0,9,0,0,0,0,196,1,0,0,0,196,1,0,0,0,0,0,0,0,0,0,0,0,0,0,0,0,6,0,0,0,0,0,0,0,0,0,0,0,0,0,84,52604,0,1104,1104,1104
311,36,L-29 Delfin,318,COIN fighter,11,air force,0,default,1972,1,1990,9,3,2,0,42,7,90,10,15,0,0,0,9,0,0,0,0,185,4,0,0,0,185,4,0,0,0,0,0,0,0,0,0,0,0,0,0,0,0,6,0,0,0,0,0,0,0,0,0,0,0,0,0,84,52604,0,1104,1104,1104
312,36,L-39ZO Albatros,318,COIN fighter,11,air force,0,default,1977,1,1990,9,3,2,0,59,9,90,20,15,0,1,0,9,0,0,0,0,182,3,1,0,0,195,3,0,195,3,0,0,0,0,0,0,0,0,0,0,0,0,6,0,0,0,0,0,0,0,0,0,0,0,0,0,84,52607,0,1108,1108,1108
313,36,L-39ZO Albatros,318,COIN fighter,11,air force,0,default,1980,1,1990,9,3,2,0,62,9,90,20,15,0,1,0,9,0,0,0,0,182,3,1,0,0,185,4,0,185,4,0,194,4,0,0,0,0,0,0,0,0,0,6,0,0,0,0,0,0,0,0,0,0,0,0,0,84,52607,0,1108,1108,1108
320,36,100mm T12 ATG,212,AT gun,5,anti-tank,0,default,1985,1,1990,9,1,8,0,55,0,60,20,8,6,0,0,6,0,3,0,0,97,20,0,20,20,8,60,0,121,8,0,0,0,0,0,0,0,0,0,0,0,0,0,0,0,0,0,0,0,0,0,0,0,0,0,0,0,23001,0,8412,8412,8412
322,36,B11 Recoilless,212,AT gun,5,anti-tank,0,default,1967,1,1978,12,1,6,0,14,3,60,0,2,2,0,0,6,0,0,0,0,46,10,0,20,0,6,60,0,121,6,0,0,0,0,0,0,0,0,0,0,0,0,0,0,0,0,0,0,0,0,0,0,0,0,0,0,0,23037,0,3048,3048,3048
325,36,T-34/85,129,CS tank,2,armor,3,track,1965,1,1969,12,4,5,3,49,18,51,0,3,3,0,0,7,13,24,0,0,81,40,15,0,0,66,120,0,0,0,0,65,120,0,0,0,0,0,0,0,0,0,9,6,7,10,8,6,2,0,0,0,0,0,0,0,0,8448,0,49,49,2560
327,36,T-54A,129,CS tank,2,armor,3,track,1965,1,1980,12,4,4,4,78,16,61,10,3,6,0,1,6,13,27,0,0,89,24,0,10,0,62,120,0,54,90,0,61,120,0,0,0,0,0,0,0,0,0,19,8,6,23,15,6,4,0,0,0,0,0,0,0,0,11005,0,2267,711,2559
328,36,T-54AM,129,CS tank,2,armor,3,track,1974,1,1990,9,4,4,4,93,16,62,20,3,11,0,2,6,13,27,0,0,89,24,0,10,0,62,120,0,54,90,0,61,120,0,0,0,0,0,0,0,0,0,19,8,6,23,15,6,4,0,0,0,0,0,0,0,0,23023,0,2667,2667,2667
329,36,T-55A,129,CS tank,2,armor,3,track,1972,1,1990,9,4,4,4,89,18,62,20,5,6,0,2,6,13,27,0,0,89,31,3,9,0,62,120,0,54,90,0,0,0,0,0,0,0,0,0,0,0,0,20,8,6,23,15,6,4,0,0,0,0,0,0,0,0,11005,0,2267,2267,2559
330,36,T-55AD,129,CS tank,2,armor,3,track,1983,1,1990,9,4,4,4,140,18,81,20,20,22,2,2,6,0,27,0,0,91,28,3,12,0,64,120,0,54,90,0,0,0,0,0,0,0,0,0,0,0,0,20,8,6,23,15,6,4,0,0,0,0,0,0,0,0,32114,0,2589,2590,2591
332,36,T-72M,129,CS tank,2,armor,3,track,1989,1,1990,9,4,3,4,164,22,82,20,20,22,0,2,6,13,41,0,1,100,28,0,8,8,64,120,0,52,90,0,0,0,0,45,24,6,43,20,7,5,0,34,10,6,39,18,7,5,0,0,0,0,0,0,0,0,11015,0,1474,1472,1472
335,36,Para Observer,259,paratroop FO,8,recon,0,default,1962,2,1990,9,0,2,0,76,6,90,0,0,0,0,0,9,0,0,0,0,8,60,0,0,0,121,6,0,121,6,0,0,0,0,0,0,0,0,0,0,0,0,0,0,0,0,0,0,0,0,0,0,0,0,0,0,0,245,0,0,0,0
336,36,Para Observer,259,paratroop FO,8,recon,0,default,1980,1,1990,9,0,2,0,80,6,90,10,0,0,0,0,9,0,0,0,0,5,60,0,0,0,121,6,0,121,6,0,0,0,0,0,0,0,0,0,0,0,0,0,0,0,0,0,0,0,0,0,0,0,0,0,0,0,245,0,0,0,0
340,36,Para Section,77,paratroop,0,infantry,0,default,1962,2,1977,12,1,8,0,27,6,90,0,0,0,0,0,9,0,0,0,0,8,90,0,0,0,13,90,0,18,0,6,121,24,0,0,0,0,0,0,0,0,0,0,0,0,0,0,0,0,0,0,0,0,0,0,0,0,11109,0,0,0,0
341,36,Para Section,77,paratroop,0,infantry,0,default,1962,2,1977,12,1,8,0,25,6,90,0,0,0,0,0,9,0,0,0,0,8,90,0,0,0,13,90,0,120,4,0,121,24,0,0,0,0,0,0,0,0,0,0,0,0,0,0,0,0,0,0,0,0,0,0,0,0,11109,0,0,0,0
342,36,Para Section,77,paratroop,0,infantry,0,default,1978,1,1990,9,1,8,0,27,6,91,5,0,0,0,0,9,0,0,0,0,7,90,0,0,0,13,90,0,5,50,0,124,32,0,0,0,0,0,0,0,0,0,0,0,0,0,0,0,0,0,0,0,0,0,0,0,0,23852,0,0,0,0
343,36,Para Section,77,paratroop,0,infantry,0,default,1978,1,1990,9,1,8,0,28,6,91,5,0,0,0,0,9,0,0,0,0,7,90,0,0,0,13,90,0,120,4,0,124,32,0,0,0,0,0,0,0,0,0,0,0,0,0,0,0,0,0,0,0,0,0,0,0,0,23851,0,0,0,0
345,36,Para Scout,275,paratroop scout,8,recon,0,default,1962,2,1977,12,0,4,0,28,7,90,0,0,0,0,0,9,0,0,0,0,8,70,0,0,0,120,2,0,121,12,0,122,0,3,0,0,0,0,0,0,0,0,0,0,0,0,0,0,0,0,0,0,0,0,0,0,0,23850,0,0,0,0
346,36,Para Scout,275,paratroop scout,8,recon,0,default,1978,1,1990,9,0,3,0,28,7,90,5,0,0,0,0,9,0,0,0,0,7,70,0,0,0,120,2,0,121,9,0,123,0,3,0,0,0,0,0,0,0,0,0,0,0,0,0,0,0,0,0,0,0,0,0,0,0,23850,0,0,0,0
350,36,Para Sniper,84,paratroop sniper,0,infantry,0,default,1962,2,1990,9,0,1,0,32,6,92,0,10,10,0,0,9,0,0,0,0,1,50,0,0,0,121,3,0,0,0,0,0,0,0,0,0,0,0,0,0,0,0,0,0,0,0,0,0,0,0,0,0,0,0,0,0,0,11112,0,0,0,0
351,36,Para Sniper,84,paratroop sniper,0,infantry,0,default,1975,1,1990,9,0,1,0,36,6,91,10,10,10,0,0,9,0,0,0,0,9,50,0,0,0,121,3,0,0,0,0,0,0,0,0,0,0,0,0,0,0,0,0,0,0,0,0,0,0,0,0,0,0,0,0,0,0,11112,0,0,0,0
358,36,T-34/85,156,reserve tank,2,armor,3,track,1965,1,1977,12,4,5,3,55,18,51,0,3,3,0,0,7,13,24,0,0,87,25,10,20,0,66,120,0,0,0,0,65,120,0,0,0,0,0,0,0,0,0,9,6,7,10,8,6,2,0,0,0,0,0,0,0,0,8452,0,49,49,2560
359,36,T-34/85m,156,reserve tank,2,armor,3,track,1966,1,1977,12,4,5,3,56,19,72,0,3,3,0,0,7,13,24,0,0,87,25,10,20,0,66,120,0,0,0,0,65,120,0,0,0,0,0,0,0,0,0,9,6,7,10,8,6,2,0,0,0,0,0,0,0,0,8450,0,1294,1294,2560
360,36,T-34/85,156,reserve tank,2,armor,3,track,1978,1,1988,12,4,5,3,55,18,51,0,3,3,0,0,7,13,24,0,0,87,25,10,20,0,66,120,0,0,0,0,65,120,0,0,0,0,0,0,0,0,0,9,6,7,10,8,6,2,0,0,0,0,0,0,0,0,8452,0,49,49,2560
361,36,T-34/85m,156,reserve tank,2,armor,3,track,1978,1,1990,9,4,5,3,56,19,71,0,3,3,0,0,7,13,24,0,0,87,25,10,20,0,66,120,0,0,0,0,65,120,0,0,0,0,0,0,0,0,0,9,6,7,10,8,6,2,0,0,0,0,0,0,0,0,8450,0,1294,1294,2560
362,36,T-54A,156,reserve tank,2,armor,3,track,1974,1,1989,12,4,4,4,81,16,62,10,3,6,0,2,6,13,27,0,0,89,15,19,0,0,62,120,0,54,90,0,61,120,0,0,0,0,0,0,0,0,0,19,8,6,23,15,6,4,0,0,0,0,0,0,0,0,11005,0,2267,711,711
363,36,T-54AM,156,reserve tank,2,armor,3,track,1979,1,1990,9,4,4,4,92,16,62,20,3,11,0,2,6,13,27,0,0,91,15,19,0,0,62,120,0,54,90,0,61,120,0,0,0,0,0,0,0,0,0,19,8,6,23,15,6,4,0,0,0,0,0,0,0,0,23023,0,2667,2667,2667
364,36,T-55A,156,reserve tank,2,armor,3,track,1980,1,1991,12,4,4,4,93,18,62,20,5,6,0,2,6,13,27,0,0,91,22,10,6,5,62,120,0,54,90,0,0,0,0,0,0,0,0,0,0,0,0,20,8,6,23,15,6,4,0,0,0,0,0,0,0,0,11005,0,2267,2267,2559
365,36,T-55AD,156,reserve tank,2,armor,3,track,1989,1,1990,9,4,4,4,143,18,81,20,20,22,2,2,6,0,27,0,0,91,22,0,6,15,64,120,0,54,90,0,0,0,0,0,0,0,0,0,0,0,0,20,8,6,23,15,6,4,0,0,0,0,0,0,0,0,32114,0,2589,2590,2591
370,36,57mm S-60 AAG,233,AA gun,6,anti-air,0,default,1957,6,1990,9,3,7,0,31,0,60,0,10,6,0,0,9,0,3,0,0,58,35,5,0,0,6,60,0,0,0,0,0,0,0,0,0,0,0,0,0,0,0,0,0,0,0,0,0,0,0,0,0,0,0,0,0,0,11089,0,8418,8418,8418
371,36,57mm AAG Radar,233,AA gun,6,anti-air,0,default,1970,1,1990,9,3,7,0,36,0,90,0,100,6,0,0,9,0,3,0,0,58,35,5,0,0,6,60,0,0,0,0,0,0,0,0,0,0,0,0,0,0,0,0,0,0,0,0,0,0,0,0,0,0,0,0,0,0,11089,0,8418,8418,8418
380,36,KVP Squad,5,rifle section,0,infantry,0,default,1949,10,1956,2,1,8,0,21,6,50,0,0,0,0,0,9,0,0,0,0,3,80,0,0,0,10,80,0,121,16,0,15,0,3,0,0,0,0,0,0,0,0,0,0,0,0,0,0,0,0,0,0,0,0,0,0,0,11098,0,0,0,0
381,36,KVP Squad,6,SMG section,0,infantry,0,default,1949,10,1956,2,1,8,0,20,6,40,0,0,0,0,0,9,0,0,0,0,6,80,0,0,0,10,80,0,121,16,0,15,0,3,0,0,0,0,0,0,0,0,0,0,0,0,0,0,0,0,0,0,0,0,0,0,0,11103,0,0,0,0
385,36,Sandbag MG Pit,332,fort,13,fortification,0,default,1957,1,1972,12,0,10,2,20,0,31,5,2,2,0,0,9,0,100,0,0,34,90,0,0,0,34,90,0,6,90,0,121,10,0,0,0,0,0,0,0,0,0,3,3,3,3,3,3,0,0,0,0,0,0,0,0,0,52052,0,432,432,432
386,36,Sandbag MG Pit,332,fort,13,fortification,0,default,1968,1,1990,12,0,10,2,20,0,31,5,2,2,0,0,9,0,100,0,0,35,90,0,0,0,35,90,0,8,90,0,121,10,0,0,0,0,0,0,0,0,0,3,3,3,3,3,3,0,0,0,0,0,0,0,0,0,52052,0,432,432,432
387,36,Sandbag MG Pit,332,fort,13,fortification,0,default,1949,10,1979,12,0,10,2,24,0,31,5,2,2,0,0,9,0,100,0,0,38,90,0,0,0,38,90,0,6,90,0,121,10,0,0,0,0,0,0,0,0,0,3,3,3,3,3,3,0,0,0,0,0,0,0,0,0,52052,0,432,432,432
388,36,Sandbag MG Pit,332,fort,13,fortification,0,default,1972,1,1990,9,0,10,2,25,0,31,5,2,2,0,0,9,0,100,0,0,37,90,0,0,0,37,90,0,7,90,0,121,10,0,0,0,0,0,0,0,0,0,3,3,3,3,3,3,0,0,0,0,0,0,0,0,0,52052,0,432,432,432
390,36,Sandbag Foxhole,332,fort,13,fortification,0,default,1956,3,1962,12,0,10,2,24,0,30,5,2,2,0,0,9,0,100,0,0,3,90,0,0,0,10,90,0,121,10,0,15,0,3,0,0,0,0,0,0,0,0,3,3,3,3,3,3,0,0,0,0,0,0,0,0,0,9153,0,433,433,433
391,36,Sandbag Foxhole,332,fort,13,fortification,0,default,1959,1,1971,12,0,10,2,24,0,30,5,2,2,0,0,9,0,100,0,0,8,90,0,0,0,11,90,0,121,10,0,15,0,3,0,0,0,0,0,0,0,0,3,3,3,3,3,3,0,0,0,0,0,0,0,0,0,9153,0,433,433,433
392,36,Sandbag Foxhole,332,fort,13,fortification,0,default,1964,1,1976,12,0,10,2,25,0,30,5,2,2,0,0,9,0,100,0,0,8,90,0,0,0,12,90,0,121,10,0,18,0,6,0,0,0,0,0,0,0,0,3,3,3,3,3,3,0,0,0,0,0,0,0,0,0,9153,0,433,433,433
393,36,Sandbag Foxhole,332,fort,13,fortification,0,default,1969,1,1990,9,0,10,2,25,0,30,5,2,2,0,0,9,0,100,0,0,8,90,0,0,0,13,90,0,121,10,0,18,0,6,0,0,0,0,0,0,0,0,3,3,3,3,3,3,0,0,0,0,0,0,0,0,0,9153,0,433,433,433
400,36,Reserve Squad,22,second line infantry,0,infantry,0,default,1956,3,1972,12,1,8,0,20,6,30,0,0,0,0,0,9,0,0,0,0,3,70,0,0,0,10,70,0,121,8,0,15,0,2,0,0,0,0,0,0,0,0,0,0,0,0,0,0,0,0,0,0,0,0,0,0,0,11098,0,0,0,0
401,36,Reserve Squad,22,second line infantry,0,infantry,0,default,1969,1,1981,12,1,8,0,20,6,40,0,0,0,0,0,9,0,0,0,0,8,70,0,0,0,11,70,0,121,8,0,15,0,2,0,0,0,0,0,0,0,0,0,0,0,0,0,0,0,0,0,0,0,0,0,0,0,11109,0,0,0,0
402,36,Reserve Squad,22,second line infantry,0,infantry,0,default,1974,1,1990,9,1,8,0,22,6,50,0,0,0,0,0,9,0,0,0,0,8,70,0,0,0,12,70,0,121,8,0,18,0,3,0,0,0,0,0,0,0,0,0,0,0,0,0,0,0,0,0,0,0,0,0,0,0,11109,0,0,0,0
403,36,Reserve Squad,22,second line infantry,0,infantry,0,default,1982,1,1990,9,1,8,0,22,6,60,0,0,0,0,0,9,0,0,0,0,8,70,0,0,0,13,70,0,121,8,0,18,0,3,0,0,0,0,0,0,0,0,0,0,0,0,0,0,0,0,0,0,0,0,0,0,0,11109,0,0,0,0
410,36,Reserve II Sqd,66,militia heavy wpns squad,0,infantry,0,default,1956,3,1977,12,1,8,0,19,6,20,0,0,0,0,0,9,0,0,0,0,3,70,0,0,0,10,70,0,121,8,0,15,0,2,0,0,0,0,0,0,0,0,0,0,0,0,0,0,0,0,0,0,0,0,0,0,0,11098,0,0,0,0
411,36,Reserve II Sqd,66,militia heavy wpns squad,0,infantry,0,default,1969,1,1986,12,1,8,0,20,6,30,0,0,0,0,0,9,0,0,0,0,8,70,0,0,0,11,70,0,121,8,0,15,0,2,0,0,0,0,0,0,0,0,0,0,0,0,0,0,0,0,0,0,0,0,0,0,0,11109,0,0,0,0
412,36,Reserve II Sqd,66,militia heavy wpns squad,0,infantry,0,default,1974,1,1990,9,1,8,0,21,6,40,0,0,0,0,0,9,0,0,0,0,8,70,0,0,0,12,70,0,121,8,0,18,0,2,0,0,0,0,0,0,0,0,0,0,0,0,0,0,0,0,0,0,0,0,0,0,0,11109,0,0,0,0
420,36,Border Squad,54,Guards infantry,0,infantry,0,default,1956,3,1959,12,1,8,0,22,6,90,0,0,0,0,0,9,0,0,0,0,3,90,0,0,0,10,90,0,121,24,0,15,0,4,0,0,0,0,0,0,0,0,0,0,0,0,0,0,0,0,0,0,0,0,0,0,0,11098,0,0,0,0
421,36,Border Squad,54,Guards infantry,0,infantry,0,default,1959,1,1968,12,1,8,0,22,6,90,0,0,0,0,0,9,0,0,0,0,8,90,0,0,0,11,90,0,121,24,0,15,0,4,0,0,0,0,0,0,0,0,0,0,0,0,0,0,0,0,0,0,0,0,0,0,0,11109,0,0,0,0
422,36,Border Squad,54,Guards infantry,0,infantry,0,default,1969,1,1977,12,1,8,0,23,6,90,0,0,0,0,0,9,0,0,0,0,8,90,0,0,0,13,90,0,121,24,0,18,0,6,0,0,0,0,0,0,0,0,0,0,0,0,0,0,0,0,0,0,0,0,0,0,0,11109,0,0,0,0
423,36,Border Squad,54,Guards infantry,0,infantry,0,default,1978,1,1980,12,1,8,0,26,6,90,5,0,0,0,0,9,0,0,0,0,7,90,0,0,0,13,90,0,121,24,0,18,0,6,0,0,0,0,0,0,0,0,0,0,0,0,0,0,0,0,0,0,0,0,0,0,0,11102,0,0,0,0
424,36,Border Squad,54,Guards infantry,0,infantry,0,default,1980,1,1984,12,1,8,0,26,6,90,5,0,0,0,0,9,0,0,0,0,7,90,0,0,0,13,90,0,121,24,0,19,0,6,0,0,0,0,0,0,0,0,0,0,0,0,0,0,0,0,0,0,0,0,0,0,0,11102,0,0,0,0
425,36,Border Squad,54,Guards infantry,0,infantry,0,default,1984,1,1990,9,1,8,0,25,6,90,5,0,0,0,0,9,0,0,0,0,7,90,0,0,0,13,90,0,121,24,0,24,0,6,0,0,0,0,0,0,0,0,0,0,0,0,0,0,0,0,0,0,0,0,0,0,0,11102,0,0,0,0
426,36,Border Squad,54,Guards infantry,0,infantry,0,default,1984,1,1990,9,1,8,0,26,6,91,5,0,0,0,0,9,0,0,0,0,7,90,0,0,0,13,90,0,121,24,0,25,0,5,0,0,0,0,0,0,0,0,0,0,0,0,0,0,0,0,0,0,0,0,0,0,0,11102,0,0,0,0
430,36,Engineers,14,engineers,0,infantry,0,default,1949,10,1969,12,1,8,0,23,6,72,0,0,0,0,0,9,0,0,0,0,6,80,0,0,0,121,16,0,118,0,4,120,4,0,0,0,0,0,0,0,0,0,0,0,0,0,0,0,0,0,0,0,0,0,0,0,0,11103,0,0,0,0
431,36,Engineers,14,engineers,0,infantry,0,default,1962,1,1976,12,1,8,0,22,6,82,0,0,0,0,0,9,0,0,0,0,8,80,0,0,0,121,16,0,122,0,4,120,4,0,0,0,0,0,0,0,0,0,0,0,0,0,0,0,0,0,0,0,0,0,0,0,0,11109,0,0,0,0
432,36,Engineers,14,engineers,0,infantry,0,default,1969,1,1990,9,1,8,0,23,6,82,0,0,0,0,0,9,0,0,0,0,8,80,0,0,0,121,16,0,118,0,4,120,4,0,0,0,0,0,0,0,0,0,0,0,0,0,0,0,0,0,0,0,0,0,0,0,0,11109,0,0,0,0
433,36,Engineers,14,engineers,0,infantry,0,default,1980,1,1990,9,1,8,0,26,6,91,10,0,0,0,0,9,0,0,0,0,7,80,0,0,0,121,16,0,123,0,4,120,4,0,0,0,0,0,0,0,0,0,0,0,0,0,0,0,0,0,0,0,0,0,0,0,0,11102,0,0,0,0
440,36,Border Scouts,270,Guards scout,8,recon,0,default,1956,3,1959,12,0,3,0,15,7,90,0,0,0,0,0,9,0,0,0,0,6,70,0,0,0,3,70,0,121,9,0,0,0,0,0,0,0,0,0,0,0,0,0,0,0,0,0,0,0,0,0,0,0,0,0,0,0,13355,0,0,0,0
441,36,Border Scouts,270,Guards scout,8,recon,0,default,1959,1,1977,12,0,3,0,15,7,90,0,0,0,0,0,9,0,0,0,0,6,70,0,0,0,8,70,0,121,9,0,0,0,0,0,0,0,0,0,0,0,0,0,0,0,0,0,0,0,0,0,0,0,0,0,0,0,13355,0,0,0,0
442,36,Border Scouts,270,Guards scout,8,recon,0,default,1978,1,1990,9,0,3,0,23,7,90,10,0,0,0,0,9,0,0,0,0,5,70,0,0,0,7,70,0,124,12,0,121,9,0,0,0,0,0,0,0,0,0,0,0,0,0,0,0,0,0,0,0,0,0,0,0,0,13355,0,0,0,0
443,36,Border Scouts,270,Guards scout,8,recon,0,default,1980,1,1990,9,0,3,0,23,7,90,10,0,0,0,0,9,0,0,0,0,5,70,0,0,0,7,70,0,124,12,0,121,9,0,0,0,0,0,0,0,0,0,0,0,0,0,0,0,0,0,0,0,0,0,0,0,0,13355,0,0,0,0
445,36,82mm Mortar,184,mortar(sub type a),4,artillery,0,default,1949,10,1990,9,1,4,0,19,2,92,0,0,0,0,0,7,0,0,0,0,40,50,0,0,0,4,60,0,0,0,0,0,0,0,0,0,0,0,0,0,0,0,0,0,0,0,0,0,0,0,0,0,0,0,0,0,0,30737,0,67,67,67
446,36,120mm Mortar,184,mortar(sub type a),4,artillery,0,default,1949,10,1990,9,1,6,0,27,1,90,0,0,0,0,0,5,0,2,0,0,42,40,0,0,0,4,60,0,0,0,0,0,0,0,0,0,0,0,0,0,0,0,0,0,0,0,0,0,0,0,0,0,0,0,0,0,0,11078,0,68,68,68
455,36,130mm M46 FG,189,field gun,4,artillery,0,default,1956,1,1995,12,2,8,0,33,0,91,0,0,0,0,0,6,0,3,0,0,115,35,0,3,0,8,60,0,0,0,0,0,0,0,0,0,0,0,0,0,0,0,0,0,0,0,0,0,0,0,0,0,0,0,0,0,0,41262,0,60,60,60
469,36,RPG-7V Team,221,commando AT infantry,5,anti-tank,0,default,1980,1,1999,12,0,2,0,17,6,20,0,0,0,0,0,6,0,0,0,0,19,0,0,5,0,8,60,0,122,0,2,0,0,0,0,0,0,0,0,0,0,0,0,0,0,0,0,0,0,0,0,0,0,0,0,0,0,44044,0,0,0,0
470,36,RPG-2 Team,223,paratroop AT infantry,5,anti-tank,0,default,1955,1,1963,12,0,2,0,21,6,30,0,0,0,0,0,7,0,0,0,0,15,0,0,6,0,4,60,0,122,0,2,121,6,0,0,0,0,0,0,0,0,0,0,0,0,0,0,0,0,0,0,0,0,0,0,0,0,44045,0,0,0,0
471,36,RPG-7 Team,223,paratroop AT infantry,5,anti-tank,0,default,1964,1,1979,12,0,2,0,22,6,30,0,0,0,0,0,7,0,0,0,0,18,0,0,6,0,8,60,0,122,0,2,121,6,0,0,0,0,0,0,0,0,0,0,0,0,0,0,0,0,0,0,0,0,0,0,0,0,44044,0,0,0,0
472,36,RPG-7V Team,223,paratroop AT infantry,5,anti-tank,0,default,1980,1,1990,12,0,2,0,26,6,30,10,0,0,0,0,6,0,0,0,0,19,0,0,6,0,8,60,0,122,0,2,121,6,0,0,0,0,0,0,0,0,0,0,0,0,0,0,0,0,0,0,0,0,0,0,0,0,44044,0,0,0,0
473,36,Metis Team,223,paratroop AT infantry,5,anti-tank,0,default,1988,1,1990,9,0,2,0,49,6,62,10,0,0,0,0,4,0,0,0,0,170,0,0,3,0,5,60,0,123,0,3,121,6,0,0,0,0,0,0,0,0,0,0,0,0,0,0,0,0,0,0,0,0,0,0,0,0,23745,0,0,0,0
475,36,RPG-7V Team,220,AT infantry,5,anti-tank,0,default,1980,1,1990,12,0,2,0,12,6,20,0,0,0,0,0,7,0,0,0,0,19,0,0,6,0,8,50,0,121,4,0,0,0,0,0,0,0,0,0,0,0,0,0,0,0,0,0,0,0,0,0,0,0,0,0,0,0,44044,0,0,0,0
545,36,Pack Mules,305,pack animals,10,transport,0,default,1946,1,1959,12,2,4,0,12,7,20,0,0,0,0,0,9,109,10,0,0,2,6,0,0,0,3,10,0,121,4,0,0,0,0,0,0,0,0,0,0,0,0,0,0,0,0,0,0,0,0,0,0,0,0,0,0,222,13014,0,642,642,642
546,36,Wagon,304,wagon,10,transport,2,wheel (AT),1946,1,1959,12,3,2,0,10,7,10,0,0,0,0,0,0,118,15,0,0,0,0,0,0,0,0,0,0,0,0,0,0,0,0,0,0,0,0,0,0,0,0,0,0,0,0,0,0,0,0,0,0,0,0,0,0,222,36010,0,859,859,859
547,36,Ammo Wagon,338,ammo carrier,14,other,2,wheel (AT),1946,1,1960,12,3,2,0,23,7,11,0,0,0,0,0,0,0,25,0,0,0,0,0,0,0,0,0,0,0,0,0,0,0,0,0,0,0,0,0,0,0,0,0,0,0,0,0,0,0,0,0,0,0,0,0,0,222,36010,0,859,859,859
560,36,Spotter Plane,255,FO aircraft,8,recon,0,default,1946,1,1990,9,2,1,0,36,1,90,0,0,0,0,0,0,0,0,0,0,0,0,0,0,0,0,0,0,0,0,0,0,0,0,0,0,0,0,0,0,0,0,4,0,0,0,0,0,0,0,0,0,0,0,0,0,0,23537,0,496,496,496
570,36,SPW-40,159,light support APC,3,APC,2,wheel (AT),1956,3,1989,12,2,2,3,16,27,90,0,0,0,0,0,9,108,10,0,0,53,90,0,0,0,0,0,0,0,0,0,0,0,0,0,0,0,0,0,0,0,0,1,1,1,1,1,1,0,0,0,0,0,0,0,0,0,101,0,2927,2927,2927
571,36,SPW-40P,159,light support APC,3,APC,2,wheel (AT),1961,1,1988,12,3,3,3,33,29,90,10,0,0,0,0,9,103,10,3,0,54,90,0,0,0,53,90,0,0,0,0,0,0,0,0,0,0,0,0,0,0,0,2,1,1,2,1,1,1,0,0,0,0,0,0,0,0,11052,0,2932,2932,2932
572,36,SPW-40P2,159,light support APC,3,APC,2,wheel (AT),1967,1,1990,9,3,3,3,44,36,92,20,0,3,0,0,9,104,10,4,0,80,50,25,0,0,64,120,0,0,0,0,0,0,0,0,0,0,0,0,0,0,0,2,1,1,2,1,1,1,0,0,0,0,0,0,0,0,11053,0,2235,2235,2235
573,36,MT-LB,159,light support APC,3,APC,3,track,1970,1,1990,9,3,2,4,32,20,61,10,1,3,0,0,9,111,10,2,0,63,90,0,0,0,0,0,0,0,0,0,0,0,0,0,0,0,0,0,0,0,0,2,1,1,2,1,1,1,0,0,0,0,0,0,0,0,11101,0,1728,1728,1728
574,36,BRM-1,159,light support APC,3,APC,3,track,1980,1,1984,12,3,3,3,64,24,90,30,5,10,0,0,7,4,11,2,0,75,20,0,20,0,64,120,0,0,0,0,0,0,0,0,0,0,0,0,0,0,0,3,2,2,4,3,2,1,0,0,0,0,0,0,0,0,11037,0,1703,1703,1703
575,36,BRM-1,159,light support APC,3,APC,3,track,1985,1,1990,9,3,3,3,64,24,90,30,5,10,0,0,7,4,11,2,0,84,20,0,20,0,64,120,0,0,0,0,0,0,0,0,0,0,0,0,0,0,0,3,2,2,4,3,2,1,0,0,0,0,0,0,0,0,11037,0,1703,1703,1703
584,36,Gaz 69,158,light APC,3,APC,2,wheel (AT),1946,1,1990,9,2,2,0,13,24,90,0,0,0,0,0,9,106,10,0,0,53,90,0,0,0,0,0,0,0,0,0,0,0,0,0,0,0,0,0,0,0,0,0,0,0,0,0,0,0,0,0,0,0,0,0,0,0,7066,0,2956,2956,2956
585,36,MT-LB,158,light APC,3,APC,3,track,1970,1,1990,9,3,2,4,32,20,61,10,1,3,0,0,9,111,10,2,0,63,90,0,0,0,0,0,0,0,0,0,0,0,0,0,0,0,0,0,0,0,0,2,1,1,2,1,1,1,0,0,0,0,0,0,0,0,11101,0,1737,1737,1737
586,36,MT-LB 1V21,158,light APC,3,APC,3,track,1970,1,1990,9,3,5,4,39,20,90,20,1,3,0,0,9,106,10,2,0,63,120,0,0,0,0,0,0,0,0,0,0,0,0,0,0,0,0,0,0,0,0,2,1,1,2,1,1,1,0,0,0,0,0,0,0,0,11101,0,1734,1734,1734
587,36,MT-LB 1V23,158,light APC,3,APC,3,track,1981,1,1990,9,3,5,4,42,20,90,30,1,3,0,0,9,106,10,2,0,63,120,0,0,0,0,0,0,0,0,0,0,0,0,0,0,0,0,0,0,0,0,2,1,1,2,1,1,1,0,0,0,0,0,0,0,0,11101,0,1733,1733,1733
590,36,T-34T,294,artillery prime mover,10,transport,3,track,1956,3,1990,9,4,4,3,28,18,61,0,0,0,0,0,9,118,12,0,0,0,0,0,0,0,0,0,0,0,0,0,65,120,0,0,0,0,0,0,0,0,0,10,8,6,10,8,6,0,0,0,0,0,0,0,0,0,9195,0,2901,2901,2901
591,36,ATS-59 Tractor,294,artillery prime mover,10,transport,3,track,1961,1,1990,9,1,2,3,17,13,10,0,0,0,0,0,9,112,10,0,0,0,0,0,0,0,0,0,0,0,0,0,0,0,0,0,0,0,0,0,0,0,0,1,1,1,1,1,1,1,0,0,0,0,0,0,0,0,36360,0,3045,3044,3046
592,36,Tank Transport,299,heavy transporter,10,transport,1,wheel,1960,1,1990,9,4,2,0,26,9,90,0,0,0,0,0,0,255,28,0,0,0,0,0,0,0,0,0,0,0,0,0,0,0,0,0,0,0,0,0,0,0,0,0,0,0,0,0,0,0,0,0,0,0,0,0,0,0,45423,0,828,828,828
594,36,85mm Gun Empl,332,fort,13,fortification,0,default,1956,1,1961,12,1,10,2,33,0,91,5,12,8,0,0,7,0,100,0,0,221,20,40,10,10,53,90,0,0,0,0,6,90,0,0,0,0,0,0,0,0,0,25,25,25,1,1,1,0,0,0,0,0,0,0,0,0,45006,0,426,426,426
595,36,8.8cm Gun Empl,332,fort,13,fortification,0,default,1949,10,1955,12,1,10,2,36,0,91,5,15,5,0,0,7,0,100,0,0,116,20,40,10,10,53,90,0,0,0,0,6,90,0,0,0,0,0,0,0,0,0,25,25,25,1,1,1,0,0,0,0,0,0,0,0,0,41105,0,426,426,426
597,36,Shelter Bunker,332,fort,13,fortification,0,default,1949,10,1990,9,0,10,6,33,0,63,0,5,5,0,0,9,40,100,0,0,3,90,0,0,0,0,0,0,0,0,0,0,0,0,0,0,0,0,0,0,0,0,8,8,10,7,12,12,18,0,0,0,0,0,0,0,0,23495,0,416,416,416
598,36,Shelter Bunker,332,fort,13,fortification,0,default,1969,1,1990,9,0,10,6,40,0,63,5,5,5,0,0,9,40,100,0,0,8,90,0,0,0,0,0,0,0,0,0,0,0,0,0,0,0,0,0,0,0,0,16,16,18,14,24,24,36,0,0,0,0,0,0,0,0,23495,0,416,416,416
599,36,Shelter Bunker,332,fort,13,fortification,0,default,1979,1,1990,9,0,10,6,46,0,63,10,5,5,0,0,9,40,100,0,0,8,90,0,0,0,0,0,0,0,0,0,0,0,0,0,0,0,0,0,0,0,0,24,24,24,21,36,36,54,0,0,0,0,0,0,0,0,23495,0,416,416,416
650,36,Su-22,307,level bomber,11,air force,0,default,1983,1,1990,9,5,1,0,85,22,91,0,0,0,4,0,9,0,0,0,0,193,4,0,0,0,193,2,0,0,0,0,0,0,0,0,0,0,0,0,0,0,0,15,0,0,0,0,0,0,0,0,0,0,0,0,0,0,11152,0,1994,1994,1994
651,36,Su-22,307,level bomber,11,air force,0,default,1983,1,1990,9,5,1,0,89,22,91,0,0,0,4,0,9,0,0,0,0,198,4,0,0,0,198,2,0,0,0,0,0,0,0,0,0,0,0,0,0,0,0,15,0,0,0,0,0,0,0,0,0,0,0,0,0,0,11152,0,1994,1994,1994
652,36,Su-22,307,level bomber,11,air force,0,default,1983,1,1990,9,5,1,0,97,22,91,0,0,0,4,0,9,0,0,0,0,200,4,0,0,0,200,2,0,0,0,0,0,0,0,0,0,0,0,0,0,0,0,15,0,0,0,0,0,0,0,0,0,0,0,0,0,0,11152,0,1994,1994,1994
656,36,Motorcycle,282,motorcycle,8,recon,2,wheel (AT),1955,1,1964,12,1,2,0,14,28,90,0,0,0,0,0,9,0,0,0,0,8,50,0,0,0,15,0,2,0,0,0,0,0,0,0,0,0,0,0,0,0,0,0,0,0,0,0,0,0,0,0,0,0,0,0,0,11,34444,0,836,834,836
657,36,Motorcycle,282,motorcycle,8,recon,2,wheel (AT),1964,1,1979,12,1,2,0,14,26,90,0,0,0,0,0,9,0,0,0,0,8,50,0,0,0,18,0,2,0,0,0,0,0,0,0,0,0,0,0,0,0,0,0,0,0,0,0,0,0,0,0,0,0,0,0,0,11,34444,0,836,834,836
658,36,Motorcycle,282,motorcycle,8,recon,2,wheel (AT),1980,1,1990,9,1,2,0,15,34,90,0,0,0,0,0,9,0,0,0,0,8,50,0,0,0,19,0,2,0,0,0,0,0,0,0,0,0,0,0,0,0,0,0,0,0,0,0,0,0,0,0,0,0,0,0,0,11,34444,0,836,834,836
710,36,UAZ 69 AM,337,utility vehicle,14,other,2,wheel (AT),1957,1,1990,9,2,2,0,12,24,90,0,0,0,0,0,0,108,10,0,0,0,0,0,0,0,0,0,0,0,0,0,0,0,0,0,0,0,0,0,0,0,0,0,0,0,0,0,0,0,0,0,0,0,0,0,0,0,7066,0,2960,2961,2960
711,36,Trabant 601,337,utility vehicle,14,other,1,wheel,1958,1,1990,9,2,1,1,6,33,12,0,0,0,0,0,8,4,10,0,0,0,0,0,0,0,0,0,0,0,0,0,0,0,0,0,0,0,0,0,0,0,0,0,0,0,0,0,0,0,0,0,0,0,0,0,0,0,1441,0,147,147,147
712,36,UAZ-469u,337,utility vehicle,14,other,2,wheel (AT),1972,1,1990,9,2,2,1,11,24,90,0,0,0,0,0,0,106,10,0,0,0,0,0,0,0,0,0,0,0,0,0,0,0,0,0,0,0,0,0,0,0,0,0,0,0,0,0,0,0,0,0,0,0,0,0,0,0,45365,0,2969,2970,2969
713,36,UAZ-469,158,light APC,3,APC,2,wheel (AT),1972,1,1990,9,2,2,1,11,24,90,0,0,0,0,0,0,106,10,0,0,0,0,0,0,0,0,0,0,0,0,0,0,0,0,0,0,0,0,0,0,0,0,0,0,0,0,0,0,0,0,0,0,0,0,0,0,0,45365,0,2969,2970,2969
715,36,SPW-40P2U,253,FO vehicle,8,recon,2,wheel (AT),1967,1,2025,12,3,3,3,102,36,92,20,0,3,0,0,9,0,10,4,0,80,50,25,0,0,64,120,0,0,0,0,0,0,0,0,0,0,0,0,0,0,0,2,1,1,2,1,1,1,0,0,0,0,0,0,0,0,11053,0,2235,2235,2235
716,36,SPW-40 9P133,228,wheeled ATGM launcher,5,anti-tank,2,wheel (AT),1985,1,1990,9,2,3,3,136,29,60,20,0,0,0,0,4,0,10,3,0,155,0,0,14,0,0,0,0,0,0,0,0,0,0,0,0,0,0,0,0,0,0,2,1,1,2,1,1,1,0,0,0,0,0,0,0,0,11030,0,2238,2238,4222
718,36,2S3 Akatsiya,201,SP artillery,4,artillery,3,track,1978,1,1990,12,5,4,4,51,20,90,0,0,0,0,0,5,0,27,0,0,111,36,0,4,0,53,120,0,0,0,0,0,0,0,0,0,0,0,0,0,0,0,3,2,1,3,2,2,1,0,0,0,0,0,0,0,0,11011,0,3598,37,3598
720,36,SPW-152 JPz,190,SP gun,4,artillery,2,wheel (AT),1968,1,1976,12,4,2,4,29,22,31,20,0,0,0,0,7,115,10,0,0,45,10,0,46,0,53,90,0,0,0,0,0,0,0,0,0,0,0,0,0,0,0,2,1,1,2,1,1,0,0,0,0,0,0,0,0,0,11056,0,3769,3769,3769
725,36,PNSR-1 Team,252,forward observer,8,recon,0,default,1988,1,1990,9,0,2,0,129,6,90,50,0,0,0,0,9,0,0,0,0,5,50,0,0,0,121,4,0,0,0,0,0,0,0,0,0,0,0,0,0,0,0,0,0,0,0,0,0,0,0,0,0,0,0,0,0,0,245,0,0,0,0
900,0,OTHER UNITS,332,fort,13,fortification,0,default,1901,1,1901,1,0,0,0,2,0,0,0,0,0,0,0,0,0,0,0,0,0,0,0,0,0,0,0,0,0,0,0,0,0,0,0,0,0,0,0,0,0,0,0,0,0,0,0,0,0,0,0,0,0,0,0,0,0,0,0,0,0,0
902,36,Earthen Bunker,332,fort,13,fortification,0,default,1980,1,2025,12,1,12,3,39,0,90,10,3,3,0,0,9,112,100,0,0,8,90,0,0,0,38,90,0,35,90,0,71,6,0,0,0,0,0,0,0,0,0,8,14,16,2,32,36,54,0,0,0,0,0,0,0,0,23495,0,403,403,403
903,36,Concrete Bunker,332,fort,13,fortification,0,default,1980,1,2025,12,1,12,5,61,0,91,20,5,5,0,0,6,124,100,0,0,38,90,0,0,0,38,90,0,49,80,0,71,6,0,0,0,0,0,0,0,0,0,20,30,40,4,60,60,90,0,0,0,0,0,0,0,0,23497,0,402,402,402
920,36,Mi-24P,311,attack helicopter,11,air force,0,default,1989,12,1990,9,4,4,0,291,105,91,30,20,12,4,5,9,108,100,0,0,191,25,12,0,0,165,0,4,188,10,10,188,10,10,0,0,0,0,0,0,0,0,14,2,0,0,0,0,0,0,0,0,0,0,0,0,0,11122,0,3491,3491,3491
921,36,Mi-24D,311,attack helicopter,11,air force,0,default,1984,1,1990,9,4,4,0,264,105,91,30,15,12,4,5,9,108,100,0,0,177,15,0,0,0,149,0,4,188,10,10,188,10,10,0,0,0,0,0,0,0,0,14,2,0,0,0,0,0,0,0,0,0,0,0,0,0,40053,0,3487,3487,3487
922,36,Mi-24D,311,attack helicopter,11,air force,0,default,1984,1,1990,9,4,4,0,255,105,91,30,15,12,4,5,9,108,100,0,0,177,15,0,0,0,149,0,4,205,2,1,205,2,1,0,0,0,0,0,0,0,0,14,2,0,0,0,0,0,0,0,0,0,0,0,0,0,40053,0,3487,3487,3487
923,36,Mi-24P,311,attack helicopter,11,air force,0,default,1989,12,1990,9,4,4,0,282,105,91,30,20,12,4,5,9,108,100,0,0,191,25,12,0,0,165,0,4,205,2,1,205,2,1,0,0,0,0,0,0,0,0,14,2,0,0,0,0,0,0,0,0,0,0,0,0,0,11122,0,3491,3491,3491
924,36,Mi-24D,311,attack helicopter,11,air force,0,default,1978,8,1990,9,4,4,0,211,105,91,30,15,12,3,5,9,108,100,0,0,177,15,0,0,0,187,8,8,187,8,8,0,0,0,0,0,0,0,0,0,0,0,14,2,0,0,0,0,0,0,0,0,0,0,0,0,0,40053,0,3487,3487,3487
926,36,Mi-24P,311,attack helicopter,11,air force,0,default,1989,12,1990,9,4,4,0,229,105,91,30,20,12,4,5,9,108,100,0,0,191,25,12,0,0,187,8,8,187,8,8,0,0,0,0,0,0,0,0,0,0,0,14,2,0,0,0,0,0,0,0,0,0,0,0,0,0,11122,0,3491,3491,3491
928,36,Mi-24P,311,attack helicopter,11,air force,0,default,1989,12,1990,9,4,4,0,238,105,91,30,20,12,4,5,9,108,100,0,0,191,25,12,0,0,188,10,10,188,10,10,0,0,0,0,0,0,0,0,0,0,0,14,2,0,0,0,0,0,0,0,0,0,0,0,0,0,11122,0,3491,3491,3491
950,36,MiG-21bis,306,fighter-bomber,11,air force,0,default,1975,1,1990,9,4,1,0,93,22,92,10,10,0,1,0,9,0,0,0,0,182,4,1,0,0,210,2,0,193,2,0,0,0,0,0,0,0,0,0,0,0,0,9,0,0,0,0,0,0,0,0,0,0,0,0,0,0,11141,0,2760,2760,2760
951,36,MiG-21PFM,306,fighter-bomber,11,air force,0,default,1964,1,1989,12,4,1,0,69,22,92,10,10,0,1,0,9,0,0,0,0,183,4,2,0,0,193,2,0,0,0,0,0,0,0,0,0,0,0,0,0,0,0,9,0,0,0,0,0,0,0,0,0,0,0,0,0,0,11141,0,2760,2760,2760
952,36,MiG-21MF,306,fighter-bomber,11,air force,0,default,1972,1,1990,9,4,1,0,60,22,91,0,5,0,0,0,9,0,0,0,0,182,4,1,0,0,207,2,0,207,2,0,0,0,0,0,0,0,0,0,0,0,0,9,0,0,0,0,0,0,0,0,0,0,0,0,0,0,11141,0,2761,2761,2761
953,36,MiG-21SPS,306,fighter-bomber,11,air force,0,default,1966,1,1974,12,4,1,0,67,22,91,10,10,0,1,0,9,0,0,0,0,183,4,2,0,0,207,1,0,207,1,0,0,0,0,0,0,0,0,0,0,0,0,8,0,0,0,0,0,0,0,0,0,0,0,0,0,0,11141,0,2757,2757,2757
954,36,Su-22,306,fighter-bomber,11,air force,0,default,1981,1,1990,9,5,1,0,128,22,91,30,15,0,4,0,9,0,0,0,0,183,5,2,0,0,207,3,0,207,3,0,207,3,0,0,0,0,0,0,0,0,0,15,0,0,0,0,0,0,0,0,0,0,0,0,0,0,11152,0,1994,1994,1994
