rid,name,uclass,arm_SK,size,crew,wpn_w1,wpn_w2,wpn_w3,wpn_w4,wpn_ammo_HE1,wpn_ammo_AP1,wpn_ammo_HE2,wpn_ammo_AP2,wpn_ammo_HE3,wpn_ammo_AP3,wpn_ammo_HE4,wpn_ammo_AP4,speed,arm.FH,arm.SH,arm.RH,arm.FT,arm.ST,arm.RT,arm.TP,B39,B40,B41,B42,B43,B44,B45,B46,B47,B48,B49,B50,B51,B52,slp.FH,slp.SH,slp.RH,slp.FT,slp.ST,slp.RT,radio,start_yr,end_yr,cost,nation,lbm,irvis,fc,wpn1_APCRammo,wpn1_HEATammo,rof,stab,rf,B73,load_cap,survive,load_cost,icon,movcl,swim,end_mo,smkdev,start_mo,sound,wpn1_snd,wpn2_snd,wpn3_snd,wpn4_snd,X1,X2,msound
1,Vickers VI A,12,0,2,3,5,179,0,0,80,0,60,0,0,0,0,0,34,16,12,6,18,12,12,4,6,6,6,10,9,9,9,0,0,0,0,0,0,0,48,0,32,12,8,8,90,36,41,43,90,9956,0,4,0,0,9,0,2,0,4,1,224,0,1,0,0,1,7,0,0,0,0,1,0,0,0
2,Stuart VI,12,0,2,4,9,139,177,131,33,70,60,0,60,0,60,0,32,63,29,28,67,32,32,13,0,0,0,0,0,0,0,0,0,0,0,0,0,0,42,0,33,10,0,0,92,42,49,94,90,9040,0,4,20,0,6,4,2,0,6,2,226,247,0,0,0,1,6,0,0,0,228,90,0,0,0
3,Stuart I,12,50,2,4,2,139,177,131,43,85,60,0,60,0,60,0,34,44,25,25,56,25,25,13,0,0,0,0,0,0,0,0,0,0,0,0,0,0,18,0,16,5,5,5,90,41,42,73,90,9041,0,4,0,0,6,4,2,0,6,2,226,1,0,0,0,1,11,0,0,0,38,35,0,0,0
4,Section HQ,99,0,0,3,242,87,0,0,50,0,6,0,0,0,0,0,9,0,0,0,0,0,0,0,0,0,0,0,0,0,0,0,0,0,0,0,0,0,0,0,0,0,0,0,93,30,49,9,90,9026,0,0,0,0,9,0,0,0,0,0,0,29,0,0,0,0,1,0,0,0,80,139,0,0,0
5,Crusader I,64,0,3,5,20,179,0,130,0,110,60,0,0,0,60,0,28,26,27,27,39,19,24,10,0,0,0,0,0,0,0,0,0,0,0,0,0,0,48,0,0,19,40,25,80,41,43,58,90,636,0,4,0,0,7,0,3,0,8,3,226,2,0,0,0,0,6,0,0,0,35,35,0,0,0
6,AOP Carrier,85,0,2,3,111,148,0,0,0,0,90,0,0,0,0,0,30,12,12,12,12,12,12,0,0,0,0,0,0,0,0,0,0,0,0,0,0,0,14,0,8,0,0,0,93,40,49,28,90,9039,0,1,0,0,9,0,1,0,2,2,123,248,0,0,0,1,1,0,0,0,81,90,0,0,0
7,Ammo Boxes,56,0,0,1,0,0,0,0,0,0,0,0,0,0,0,0,0,0,0,0,0,0,0,0,0,0,0,0,0,0,0,0,0,0,0,0,0,0,0,0,0,0,0,0,13,30,49,50,90,1000,0,0,0,0,0,0,0,0,0,0,5,1,0,0,0,0,1,0,0,0,35,35,0,0,0
8,Crusader I,65,0,3,5,20,179,0,130,0,110,60,0,0,0,60,0,28,26,27,27,39,19,24,10,16,12,6,18,12,12,4,0,0,0,0,0,0,0,48,0,0,19,40,25,90,41,43,58,90,636,0,4,0,0,7,0,3,0,8,3,226,0,0,0,0,0,6,0,0,0,236,62,0,0,0
9,Crusader I CS,38,0,3,5,35,179,0,130,4,0,60,0,0,0,60,0,28,26,27,27,39,19,24,10,63,29,28,67,32,32,13,0,0,0,0,0,0,0,48,0,0,19,40,25,81,41,43,39,90,628,0,2,0,0,5,0,0,0,8,3,226,0,0,0,0,1,6,0,0,0,3,35,0,0,0
10,Crusader II,64,0,3,4,20,179,0,0,0,110,60,0,0,0,0,0,28,32,26,27,49,23,30,8,44,25,25,56,25,25,13,0,0,0,0,0,0,0,37,0,40,16,40,25,90,41,42,61,90,619,0,4,2,0,7,0,3,0,8,3,226,252,152,0,0,0,11,0,0,0,124,74,0,0,0
11,Crusader II CS,38,0,3,4,35,179,0,0,6,0,60,0,0,0,0,0,28,32,26,27,49,23,30,8,0,0,0,0,0,0,0,0,0,0,0,0,0,0,37,0,40,16,40,25,91,41,43,41,90,617,0,2,0,0,5,0,0,0,8,3,226,1,2,0,0,0,11,0,0,0,2,1,0,0,0
12,Ammo Crates,56,0,0,1,0,0,0,0,0,0,0,0,0,0,0,0,0,0,0,0,0,0,0,0,26,27,27,39,19,24,10,0,0,0,0,0,0,0,0,0,0,0,0,0,0,30,49,40,90,1000,0,0,0,0,0,0,0,0,0,0,105,250,143,0,0,0,1,0,0,0,237,83,0,0,0
13,Capt M 13/40,93,60,3,4,21,225,0,222,33,29,90,0,0,0,90,0,18,30,25,25,54,25,25,14,12,12,12,12,12,12,0,0,0,0,0,0,0,0,15,7,15,16,22,22,12,40,41,55,90,9001,0,4,0,0,5,0,2,0,6,2,226,1,3,0,0,0,12,0,0,0,3,1,0,0,0
14,Capt M 11/39,93,60,3,3,224,0,14,0,60,0,0,0,30,52,0,0,20,30,25,25,54,25,25,14,0,0,0,0,0,0,0,0,0,0,0,0,0,0,30,7,15,16,22,22,12,40,41,57,90,9078,0,4,0,0,6,0,2,0,6,2,226,133,135,0,0,0,12,0,0,0,232,64,0,0,0
15,Rifle Section,40,0,1,9,242,92,96,87,50,0,8,0,50,0,8,0,9,0,0,0,0,0,0,0,26,27,27,39,19,24,10,0,0,0,0,0,0,0,0,0,0,0,0,0,40,30,37,19,90,9021,0,0,0,0,9,0,0,0,0,0,0,2,3,0,0,0,1,0,0,0,3,30,0,0,0
16,ReSupply Troops,107,0,0,3,242,0,0,0,40,0,0,0,0,0,0,0,8,0,0,0,0,0,0,0,26,27,27,39,19,24,10,0,0,0,0,0,0,0,0,0,0,0,0,0,13,30,49,9,90,9026,0,0,0,0,9,0,0,0,5,0,0,252,0,0,0,0,1,0,0,0,124,48,0,0,0
17,LRDG Team,71,0,1,6,242,85,96,87,40,0,0,6,50,0,12,0,11,0,0,0,0,0,0,0,32,26,27,49,23,30,8,0,0,0,0,0,0,0,0,0,0,0,0,0,13,40,43,22,90,9991,0,0,0,0,9,0,0,0,0,0,0,1,0,0,0,0,9,0,0,0,2,35,0,0,0
18,Grant II,105,50,4,6,197,177,0,45,38,90,60,0,0,0,30,25,22,51,38,38,57,57,57,18,32,26,27,49,23,30,8,0,0,0,0,0,0,0,35,0,17,47,15,15,90,43,49,114,90,9042,0,4,0,0,6,0,2,0,6,3,230,252,117,0,0,0,1,0,94,0,116,91,0,0,0
19,Grant I,105,70,4,6,2,177,176,42,38,90,60,0,60,0,40,25,22,51,38,38,76,51,51,18,0,0,0,0,0,0,0,0,0,0,0,0,0,0,35,0,17,43,35,0,91,42,42,109,90,9042,0,4,0,0,6,0,2,0,6,3,230,1,0,0,0,0,4,0,30,0,2,35,0,0,0
20,Sherman III,91,70,4,5,45,177,0,131,52,45,60,0,0,0,60,0,26,51,38,38,95,51,51,18,30,25,25,54,25,25,14,0,0,0,0,0,0,0,56,0,5,28,15,8,92,42,45,101,90,384,0,4,0,0,5,4,2,0,8,3,230,238,125,0,0,1,10,0,0,0,107,94,0,0,0
21,Sherman V,65,0,4,5,45,139,177,0,47,50,60,0,60,0,0,0,26,64,38,38,103,64,64,21,30,25,25,54,25,25,14,0,0,0,0,0,0,0,42,0,11,38,12,8,91,43,46,119,90,7772,0,4,0,0,5,4,3,0,8,3,230,1,0,0,0,1,7,0,0,0,2,0,0,0,0
22,Sherman V,91,0,4,5,45,139,177,131,47,50,60,0,60,0,60,0,26,64,38,38,103,64,64,21,0,0,0,0,0,0,0,0,0,0,0,0,0,0,42,0,11,38,12,8,91,43,49,121,90,7772,0,4,0,0,5,4,3,0,8,3,230,238,125,0,0,1,7,0,0,0,105,94,0,0,0
23,Matilda II,63,72,3,4,19,179,0,0,40,53,60,0,0,0,0,0,14,78,70,55,82,75,75,18,0,0,0,0,0,0,0,0,0,0,0,0,0,0,28,0,25,11,12,0,91,43,49,83,90,9063,0,4,0,0,6,0,3,0,8,4,226,1,0,0,0,0,1,0,0,0,2,0,0,0,0
24,SherDozer,36,50,4,5,45,139,177,131,47,50,60,0,60,0,60,0,22,51,38,38,95,51,51,18,0,0,0,0,0,0,0,0,0,0,0,0,0,0,51,0,5,28,12,8,91,44,49,102,90,394,0,4,0,0,5,4,2,0,8,3,230,133,158,0,0,1,1,0,0,0,232,37,0,0,0
25,VC Firefly,65,50,4,4,38,139,177,0,24,37,60,0,60,0,0,0,26,64,38,38,90,51,64,21,51,38,38,57,57,57,18,0,0,0,0,0,0,0,42,0,11,28,12,8,92,44,49,188,90,648,0,4,6,0,5,0,7,0,8,3,230,2,3,0,0,1,6,0,0,0,3,30,0,0,0
26,Sherman IB CS,15,70,4,5,68,139,177,131,56,0,60,0,60,0,60,0,22,64,38,38,97,51,51,18,51,38,38,76,51,51,18,0,0,0,0,0,0,0,47,0,10,28,12,8,92,44,49,83,90,395,0,4,0,10,4,0,2,0,6,3,230,75,10,0,0,1,10,0,0,0,41,151,0,0,0
27,Rifle Section,108,0,1,12,242,92,96,87,50,0,8,0,50,0,8,0,9,0,0,0,0,0,0,0,51,38,38,95,51,51,18,0,0,0,0,0,0,0,0,0,0,0,0,0,40,30,37,22,90,9009,0,0,0,0,9,0,0,0,0,0,0,2,2,0,0,0,1,0,0,0,35,2,0,0,0
28,Matilda II,63,72,3,4,20,179,0,0,0,93,60,0,0,0,0,0,14,78,70,55,82,75,75,18,64,38,38,103,64,64,21,0,0,0,0,0,0,0,28,0,25,11,12,0,90,39,42,79,90,9064,0,4,0,0,6,0,3,0,8,4,228,74,0,0,0,0,1,0,0,0,118,0,0,0,0
29,Matilda III CS,38,72,3,4,35,179,0,0,10,0,60,0,0,0,0,0,14,78,70,55,82,75,75,18,64,38,38,103,64,64,21,0,0,0,0,0,0,0,28,0,25,11,12,0,91,41,49,66,90,9062,0,2,0,0,5,0,0,0,8,3,226,2,0,0,0,1,5,0,0,0,35,0,0,0,0
30,Valentine II,63,70,3,3,20,179,0,0,0,79,60,0,0,0,0,0,16,60,60,31,65,65,65,14,78,70,55,82,75,75,18,0,0,0,0,0,0,0,17,6,24,18,8,8,82,41,43,64,90,158,0,4,0,0,4,0,3,0,8,3,226,0,130,0,0,0,11,0,162,0,61,237,0,0,0
31,Valentine III,63,70,3,4,20,179,0,0,0,79,60,0,0,0,0,0,16,54,54,31,68,54,65,14,51,38,38,95,51,51,18,0,0,0,0,0,0,0,17,6,24,18,8,8,82,42,43,67,90,639,0,4,0,0,6,0,3,0,8,3,226,0,3,0,0,0,11,0,1,0,35,3,0,0,0
32,Valentine IIICS,38,70,3,4,35,179,0,0,10,0,60,0,0,0,0,0,16,54,54,31,68,54,65,14,64,38,38,90,51,64,21,0,0,0,0,0,0,0,17,6,24,18,8,8,82,43,44,52,90,639,0,2,0,0,5,0,0,0,8,3,226,0,130,0,0,0,6,0,0,0,66,44,0,0,0
33,Sherman IVB CS,15,0,4,5,68,139,177,131,56,0,60,0,60,0,60,0,26,64,51,51,97,51,51,18,64,38,38,97,51,51,18,0,0,0,0,0,0,0,42,0,11,28,12,8,91,44,49,86,90,395,0,4,0,10,4,0,2,0,6,4,230,0,3,0,0,1,10,0,0,0,35,30,0,0,0
34,Churchill IV,63,72,3,5,81,179,0,130,0,66,60,0,0,0,60,0,14,95,76,64,89,89,89,22,0,0,0,0,0,0,0,0,0,0,0,0,0,0,25,0,8,0,8,8,92,42,49,109,90,642,0,4,18,0,6,0,3,0,8,5,228,0,147,0,0,1,8,0,0,0,7,5,0,0,0
35,Rifle Section,108,0,1,10,243,86,97,87,50,0,0,6,50,0,8,0,9,0,0,0,0,0,0,0,78,70,55,82,75,75,18,0,0,0,0,0,0,0,0,0,0,0,0,0,40,41,43,25,90,9009,0,0,0,0,9,0,0,0,0,0,0,0,3,0,0,0,1,0,0,0,39,2,0,0,0
36,Churchill V CS,15,72,3,5,67,179,0,130,35,0,60,0,0,0,60,0,14,95,76,64,89,89,89,22,78,70,55,82,75,75,18,0,0,0,0,0,0,0,25,0,8,0,8,8,92,44,49,98,90,656,0,4,0,12,4,0,3,0,6,5,228,226,56,0,0,0,5,0,0,0,82,7,0,0,0
37,Churchill VII,63,72,3,5,105,179,0,130,40,44,60,0,0,0,60,0,12,152,85,50,152,95,95,22,60,60,31,65,65,65,14,0,0,0,0,0,0,0,10,0,8,0,0,0,93,44,49,133,90,624,0,4,0,0,5,0,4,0,8,5,228,1,2,0,0,0,6,0,0,0,35,1,0,0,0
38,Churchill VIII,14,72,3,5,67,179,0,130,35,0,60,0,0,0,60,0,12,152,85,50,152,95,95,22,54,54,31,68,54,65,14,0,0,0,0,0,0,0,10,0,8,0,0,0,92,44,49,104,90,659,0,4,0,12,4,0,3,0,8,5,228,226,147,0,0,0,7,0,0,0,82,28,0,0,0
39,Scorpion,36,72,4,4,19,179,0,0,0,93,60,0,0,0,0,0,12,78,70,55,82,75,75,18,54,54,31,68,54,65,14,0,0,0,0,0,0,0,28,0,25,11,12,0,90,42,43,80,90,622,0,4,0,0,5,0,3,0,0,3,228,1,3,0,0,0,10,0,0,0,35,30,0,0,0
40,Sherman Crab,36,50,4,5,45,139,177,0,47,50,60,0,60,0,0,0,20,51,38,38,95,51,51,18,64,51,51,97,51,51,18,0,0,0,0,0,0,0,56,0,5,28,15,8,90,44,49,109,90,437,0,4,0,0,5,4,3,0,0,3,230,223,16,0,0,0,6,0,0,0,128,93,0,0,0
41,Valentine IX,63,0,3,3,81,0,0,0,16,37,0,0,0,0,0,0,18,62,54,31,74,45,65,14,95,76,64,89,89,89,22,0,0,0,0,0,0,0,17,6,24,18,12,8,81,43,43,88,90,623,0,4,0,0,5,0,3,0,8,4,226,1,2,0,0,1,3,0,0,0,1,35,0,0,0
42,Crocodile,17,72,3,5,105,179,0,108,42,42,60,0,0,0,32,0,12,152,85,50,152,95,95,22,0,0,0,0,0,0,0,0,0,0,0,0,0,0,10,0,8,0,0,0,91,44,49,138,90,657,0,4,0,0,5,0,2,0,0,3,228,27,221,0,0,0,3,0,0,0,92,44,0,0,0
43,Carrier 2pdr,79,0,2,4,20,148,0,0,0,60,60,0,0,0,0,0,30,12,12,12,14,0,0,0,95,76,64,89,89,89,22,0,0,0,0,0,0,0,14,0,8,0,0,0,23,42,43,37,90,9028,0,4,0,0,7,0,3,0,4,1,124,2,0,0,0,0,6,0,0,0,30,35,0,0,0
44,Achilles IIC,79,0,3,5,38,140,0,0,12,22,60,0,0,0,0,0,30,51,25,25,57,25,25,0,152,85,50,152,95,95,22,0,0,0,0,0,0,0,48,38,38,45,15,0,90,44,49,198,90,621,0,4,8,0,6,0,7,0,8,4,228,27,52,0,0,1,9,0,0,0,92,92,0,0,0
45,Mortar Section,5,0,1,5,37,244,0,0,50,0,40,0,0,0,0,0,4,0,0,0,0,0,0,0,152,85,50,152,95,95,22,0,0,0,0,0,0,0,0,0,0,0,0,0,82,32,42,28,90,57,0,2,0,0,8,0,0,0,0,0,0,2,2,0,0,0,1,0,0,0,30,35,0,0,0
46,M7 Priest (NZ),21,0,4,4,71,140,0,0,50,0,60,0,0,0,0,0,26,68,38,13,15,13,13,0,78,70,55,82,75,75,18,0,0,0,0,0,0,0,15,0,10,30,0,0,90,42,49,78,90,396,0,2,0,4,4,0,1,0,6,2,228,239,152,0,0,0,12,0,0,0,103,24,0,0,0
47,2pdr AT Gun,6,0,1,5,19,0,0,0,0,50,0,0,0,0,0,0,1,0,0,0,0,0,0,0,51,38,38,95,51,51,18,0,0,0,0,0,0,0,0,0,0,0,0,0,50,43,45,22,90,9002,0,2,10,0,7,0,3,0,0,0,105,1,3,0,0,0,1,0,0,0,35,30,0,0,0
48,Humber II,11,0,2,3,101,179,0,0,60,0,60,0,0,0,0,0,46,15,10,10,15,15,15,7,62,54,31,74,45,65,14,0,0,0,0,0,0,0,24,16,20,30,12,12,71,41,43,47,90,662,0,4,0,0,9,0,2,0,2,2,224,31,250,0,0,1,11,0,0,0,138,218,0,0,0
49,Lt A/C "Rover",88,0,2,5,97,0,0,238,50,0,0,0,0,0,60,0,48,8,8,8,12,6,6,6,152,85,50,152,95,95,22,0,0,0,0,0,0,0,0,0,0,0,0,0,90,42,43,14,90,9015,0,4,0,0,5,0,2,0,4,1,224,2,1,0,0,0,10,0,0,0,1,38,0,0,0
50,Staghound I,11,0,3,5,9,139,177,131,34,64,60,0,60,0,60,0,54,22,19,16,44,32,32,12,12,12,12,14,0,0,0,0,0,0,0,0,0,0,24,12,8,32,8,8,91,43,49,65,90,663,0,4,5,0,5,0,2,0,2,2,226,3,136,0,0,1,7,0,0,0,136,101,0,0,0
51,Bren Carrier AT,19,0,2,2,111,148,0,134,0,0,60,0,0,0,0,40,30,12,12,12,14,12,12,0,51,25,25,57,25,25,0,0,0,0,0,0,0,0,14,0,8,0,0,0,52,40,42,22,90,7765,0,2,0,0,9,0,2,0,108,2,124,2,3,0,0,1,1,0,0,0,2,35,0,0,0
52,M5 Halftrack,24,0,3,2,140,0,0,0,60,0,0,0,0,0,0,0,40,15,8,8,16,8,8,0,0,0,0,0,0,0,0,0,0,0,0,0,0,0,24,0,0,22,0,0,90,42,49,32,90,7766,0,1,0,0,9,0,1,0,113,3,226,178,39,0,0,0,10,0,0,0,139,21,0,0,0
53,MG Carrier,59,0,2,4,111,148,0,238,0,0,60,0,0,0,60,0,30,12,12,12,14,12,12,0,68,38,13,15,13,13,0,0,0,0,0,0,0,0,14,0,8,0,0,0,52,40,49,25,90,9039,0,2,0,0,9,0,2,0,106,2,123,3,2,0,0,1,3,0,0,0,1,32,0,0,0
54,Dodge T110,27,0,3,2,0,0,0,0,0,0,0,0,0,0,0,0,29,0,0,0,0,0,0,0,0,0,0,0,0,0,0,0,0,0,0,0,0,0,0,0,0,0,0,0,20,43,45,21,90,9033,0,0,0,0,9,0,0,0,118,4,226,0,144,0,0,0,1,0,0,0,61,86,0,0,0
55,Mack 7-1/2ton,28,0,4,2,0,0,0,0,0,0,0,0,0,0,0,0,23,0,0,0,0,0,0,0,15,10,10,15,15,15,7,0,0,0,0,0,0,0,0,0,0,0,0,0,20,42,49,24,90,404,0,0,0,0,9,0,0,0,223,5,228,0,3,0,0,0,5,0,0,0,35,35,0,0,0
56,M29 Weasel,33,0,2,2,0,0,0,0,0,0,0,0,0,0,0,0,38,8,8,8,10,8,8,0,8,8,8,12,6,6,6,0,0,0,0,0,0,0,30,4,18,30,0,0,92,43,49,25,90,9962,0,0,0,0,9,0,0,0,108,2,224,239,242,4,0,0,7,0,0,0,104,119,0,0,0
57,DUKW,33,0,4,4,140,0,0,0,60,0,0,0,0,0,0,0,34,8,4,4,10,4,4,0,22,19,16,44,32,32,12,0,0,0,0,0,0,0,33,0,12,33,0,12,90,43,49,46,90,402,0,1,0,0,9,0,1,0,124,4,228,1,0,6,0,0,3,0,0,0,35,32,0,0,0
58,LVT 4 Buffalo,34,50,6,4,139,139,0,0,60,0,60,0,0,0,0,0,20,25,18,18,25,18,18,0,12,12,12,14,12,12,0,0,0,0,0,0,0,0,30,0,0,30,0,0,91,44,49,44,90,400,0,1,0,0,4,0,1,0,124,6,230,239,234,7,0,0,6,0,0,0,102,170,0,0,0
59,2pdr AT Gun,6,0,1,5,20,0,0,0,0,72,0,0,0,0,0,0,1,0,0,0,0,0,0,0,15,8,8,16,8,8,0,0,0,0,0,0,0,0,0,0,0,0,0,0,50,42,45,18,90,9002,0,2,8,0,7,0,3,0,0,0,104,1,0,0,0,0,1,0,0,0,35,3,0,0,0
60,6pdr AT Gun,6,0,1,6,29,0,0,0,15,55,0,0,0,0,0,0,1,0,0,0,0,0,0,0,12,12,12,14,12,12,0,0,0,0,0,0,0,0,0,0,0,0,0,0,61,42,44,40,90,9043,0,3,0,0,7,0,3,0,0,0,105,140,157,0,0,0,6,0,0,0,0,206,0,0,0
61,6pdr AT Gun,6,0,1,6,82,0,0,0,16,44,0,0,0,0,0,0,1,0,0,0,0,0,0,0,0,0,0,0,0,0,0,0,0,0,0,0,0,0,0,0,0,0,0,0,71,43,49,51,90,9043,0,3,16,0,7,0,3,0,0,0,105,3,3,0,0,0,11,0,0,0,0,38,0,0,0
62,17pdr AT Gun,6,0,1,6,38,0,0,0,20,40,0,0,0,0,0,0,1,0,0,0,0,0,0,0,0,0,0,0,0,0,0,0,0,0,0,0,0,0,0,0,0,0,0,0,81,43,44,111,90,9048,0,3,0,0,6,0,7,0,0,0,108,140,178,0,0,0,6,0,61,0,127,24,0,0,0
63,17pdr AT Gun+,6,0,1,6,38,0,0,0,20,32,0,0,0,0,0,0,1,0,0,0,0,0,0,0,8,8,8,10,8,8,0,0,0,0,0,0,0,0,0,0,0,0,0,0,81,44,49,121,90,9048,0,3,8,0,6,0,7,0,0,0,108,3,0,0,0,0,8,0,32,0,2,32,0,0,0
64,40mm AA Gun,8,0,1,8,17,0,0,0,50,20,0,0,0,0,0,0,1,0,0,0,0,0,0,0,8,4,4,10,4,4,0,0,0,0,0,0,0,0,0,0,0,0,0,0,80,36,49,42,90,685,0,3,0,0,8,0,3,0,0,0,108,0,144,0,0,0,1,0,0,0,127,210,0,0,0
65,25pdr Field Gun,9,0,2,6,63,0,0,0,50,10,0,0,0,0,0,0,1,0,0,0,0,0,0,0,25,18,18,25,18,18,0,0,0,0,0,0,0,0,0,0,0,0,0,0,80,41,49,46,90,672,0,2,0,0,6,0,1,0,0,0,106,2,3,0,0,0,1,0,0,0,2,38,0,0,0
66,Mortar Section,5,0,1,5,37,192,0,0,50,0,40,0,0,0,0,0,4,0,0,0,0,0,0,0,0,0,0,0,0,0,0,0,0,0,0,0,0,0,0,0,0,0,0,0,80,42,49,28,90,9942,0,2,0,0,8,0,0,0,0,0,0,178,41,0,0,0,1,0,94,0,139,126,0,0,0
67,Hvy Mortar Sec,82,0,1,6,72,192,0,0,50,0,40,0,0,0,0,0,1,0,0,0,0,0,0,0,0,0,0,0,0,0,0,0,0,0,0,0,0,0,0,0,0,0,0,0,82,42,49,27,90,9941,0,2,0,0,6,0,0,0,0,0,0,3,0,0,0,0,10,0,30,0,1,2,0,0,0
68,MG Section,4,0,1,5,118,87,245,0,60,0,4,0,40,0,0,0,8,0,0,0,0,0,0,0,0,0,0,0,0,0,0,0,0,0,0,0,0,0,0,0,0,0,0,0,40,30,49,22,90,675,0,2,0,0,9,0,2,0,0,0,0,120,113,0,0,0,1,0,0,0,130,106,0,0,0
69,Rifle Section,108,0,1,10,243,90,97,87,50,0,0,6,50,0,8,0,9,0,0,0,0,0,0,0,0,0,0,0,0,0,0,0,0,0,0,0,0,0,0,0,0,0,0,0,40,43,49,25,90,9025,0,0,0,0,9,0,0,0,0,0,0,3,1,0,0,0,7,0,0,0,2,35,0,0,0
70,Rifle Section,1,0,1,10,242,93,97,87,50,0,0,6,50,0,8,0,9,0,0,0,0,0,0,0,0,0,0,0,0,0,0,0,0,0,0,0,0,0,0,0,0,0,0,0,40,40,49,24,90,9023,0,0,0,0,9,0,0,0,0,0,0,0,26,0,0,0,1,0,0,0,49,70,0,0,0
71,Rifle Section,1,0,1,10,243,87,97,236,50,0,8,0,50,0,40,0,9,0,0,0,0,0,0,0,0,0,0,0,0,0,0,0,0,0,0,0,0,0,0,0,0,0,0,0,40,42,49,20,90,9025,0,0,0,0,9,0,0,0,0,0,0,0,2,0,0,0,3,0,0,0,35,35,0,0,0
72,Airborne Sectn,72,0,1,10,243,87,97,0,50,0,10,0,50,0,0,0,10,0,0,0,0,0,0,0,0,0,0,0,0,0,0,0,0,0,0,0,0,0,0,0,0,0,0,0,40,42,49,21,90,7732,0,0,0,0,9,0,0,0,0,0,0,121,226,0,0,0,1,0,0,0,144,95,108,0,0
73,Rifle Section,1,0,1,10,243,87,97,228,50,0,8,0,50,0,40,0,9,0,0,0,0,0,0,0,0,0,0,0,0,0,0,0,0,0,0,0,0,0,0,0,0,0,0,0,40,42,49,20,90,9025,0,0,0,0,9,0,0,0,0,0,0,3,1,0,0,0,7,0,0,0,2,35,0,0,0
74,Engineer Sectn,20,0,1,10,243,84,97,87,50,0,0,4,50,0,10,0,9,0,0,0,0,0,0,0,0,0,0,0,0,0,0,0,0,0,0,0,0,0,0,0,0,0,0,0,21,42,49,28,90,9050,0,0,0,0,9,0,0,0,0,0,0,242,245,0,0,0,1,0,0,0,112,94,108,0,0
75,Engineer Sectn,20,0,1,10,244,87,236,186,50,0,8,0,40,0,4,0,9,0,0,0,0,0,0,0,0,0,0,0,0,0,0,0,0,0,0,0,0,0,0,0,0,0,0,0,20,30,42,23,90,9025,0,0,0,0,9,0,0,0,0,0,0,1,1,0,0,0,1,0,0,0,2,35,0,0,0
76,Commandos,70,0,1,9,242,84,87,0,50,0,0,4,10,0,0,0,11,0,0,0,0,0,0,0,0,0,0,0,0,0,0,0,0,0,0,0,0,0,0,0,0,0,0,0,32,41,49,24,90,9008,0,0,0,0,9,0,0,0,0,0,0,122,233,0,0,0,1,0,0,0,144,178,108,0,0
77,AT Rifle Team,2,0,0,2,134,245,0,0,0,30,40,0,0,0,0,0,9,0,0,0,0,0,0,0,0,0,0,0,0,0,0,0,0,0,0,0,0,0,0,0,0,0,0,0,0,38,45,10,90,684,0,0,0,0,9,0,0,0,0,0,0,3,0,0,0,0,6,0,0,0,2,3,0,0,0
78,PIAT Team,2,0,0,2,90,192,0,0,0,6,40,0,0,0,0,0,9,0,0,0,0,0,0,0,0,0,0,0,0,0,0,0,0,0,0,0,0,0,0,0,0,0,0,0,0,43,49,10,90,686,0,0,0,0,9,0,0,0,0,0,0,11,239,0,0,0,7,0,0,0,110,89,0,0,0
79,Sniper,45,0,0,1,146,0,0,0,50,0,0,0,0,0,0,0,12,0,0,0,0,0,0,0,0,0,0,0,0,0,0,0,0,0,0,0,0,0,0,0,0,0,0,0,0,30,49,20,90,7797,0,4,0,0,4,0,3,0,0,0,0,2,1,0,0,0,1,0,0,0,2,35,0,0,0
80,Crusader I AA,22,0,3,5,17,0,0,0,50,20,0,0,0,0,0,0,26,38,23,27,10,8,8,0,0,0,0,0,0,0,0,0,0,0,0,0,0,0,23,0,14,15,8,0,91,42,45,62,90,7716,0,4,0,0,4,0,3,0,0,3,226,30,41,0,0,0,7,0,0,0,181,126,0,0,0
81,4.5in FH Troop,10,0,2,24,102,102,102,102,40,0,40,0,40,0,40,0,0,0,0,0,0,0,0,0,0,0,0,0,0,0,0,0,0,0,0,0,0,0,0,0,0,0,0,0,92,30,45,82,90,643,0,2,0,0,4,0,0,0,0,0,255,2,0,0,0,0,1,0,0,0,1,2,0,0,0
82,6in FH Troop,10,0,2,40,79,79,79,79,40,0,40,0,40,0,40,0,0,0,0,0,0,0,0,0,0,0,0,0,0,0,0,0,0,0,0,0,0,0,0,0,0,0,0,0,92,30,42,91,90,7903,0,2,0,0,4,0,0,0,0,0,255,240,0,0,0,0,7,0,0,0,111,0,0,0,0
83,Ammo Dump,66,0,6,20,242,87,113,0,50,0,7,0,40,0,0,0,0,0,0,0,0,0,0,0,0,0,0,0,0,0,0,0,0,0,0,0,0,0,0,0,0,0,0,0,0,30,49,136,90,9919,0,0,0,0,9,0,0,0,0,0,255,1,0,0,0,0,1,0,0,0,2,0,0,0,0
84,Sm Naval Guns,111,0,3,99,188,188,188,188,40,0,40,0,40,0,40,0,0,99,99,99,99,99,99,99,0,0,0,0,0,0,0,0,0,0,0,0,0,0,0,0,0,0,0,0,92,30,49,99,90,925,0,0,0,0,10,0,0,0,0,0,255,124,239,0,0,0,1,0,0,0,145,102,108,0,0
85,Med Naval Guns,111,0,4,99,189,189,189,0,40,0,40,0,40,0,0,0,0,0,0,0,0,0,0,0,0,0,0,0,0,0,0,0,0,0,0,0,0,0,0,0,0,0,0,0,92,30,43,83,90,911,0,0,0,0,30,0,0,0,0,0,255,3,1,0,0,0,1,0,0,0,2,35,0,0,0
86,Med Naval Guns,111,0,4,99,189,189,189,0,40,0,40,0,40,0,0,0,0,0,0,0,0,0,0,0,0,0,0,0,0,0,0,0,0,0,0,0,0,0,0,0,0,0,0,0,92,44,49,83,90,911,0,0,0,0,15,0,0,0,0,0,255,78,0,0,0,0,10,0,0,0,68,61,0,0,0
87,P-51D Mustang,44,0,3,1,164,175,175,175,10,6,2,0,2,0,2,0,6,11,1,0,0,0,0,1,38,23,27,10,8,8,0,0,0,0,0,0,0,0,0,0,0,0,0,0,92,44,49,73,90,8253,0,4,0,0,9,0,1,0,0,0,255,3,0,0,0,0,11,0,0,0,35,35,0,0,0
88,Rifle Section,1,0,1,10,242,87,96,0,50,0,8,0,50,0,0,0,9,0,0,0,0,0,0,0,0,0,0,0,0,0,0,0,0,0,0,0,0,0,0,0,0,0,0,0,40,30,41,19,90,9023,0,0,0,0,9,0,0,0,0,0,0,6,0,0,0,0,1,0,0,0,109,176,0,0,0
89,Beaufighter VI,44,0,4,2,166,162,174,174,15,4,20,6,4,0,4,0,6,14,1,0,0,0,0,1,0,0,0,0,0,0,0,0,0,0,0,0,0,0,0,0,0,0,0,0,91,42,45,67,90,518,0,4,0,0,9,0,1,0,0,0,255,2,0,0,0,0,5,0,0,0,2,1,0,0,0
90,CAC Boomerang,44,0,3,1,166,162,180,0,15,2,30,4,2,0,0,0,4,7,1,0,0,0,0,1,0,0,0,0,0,0,0,0,0,0,0,0,0,0,0,0,0,0,0,0,90,43,45,50,90,9006,0,4,0,0,9,0,1,0,0,0,255,67,245,0,0,0,6,0,0,0,214,140,0,0,0
91,Rifle Section,108,0,1,12,242,134,96,87,50,0,0,15,50,0,8,0,9,0,0,0,0,0,0,0,99,99,99,99,99,99,99,0,0,0,0,0,0,0,0,0,0,0,0,0,40,38,41,25,90,9009,0,0,0,0,9,0,0,0,0,0,0,0,0,0,0,0,1,0,0,0,38,32,0,0,0
92,Hurricane Mk.IV,44,0,2,1,162,174,174,0,15,2,4,0,4,0,0,0,5,16,1,0,0,0,0,1,0,0,0,0,0,0,0,0,0,0,0,0,0,0,0,0,0,0,0,0,90,43,46,59,90,7759,0,4,0,0,9,0,1,0,0,0,255,24,241,0,0,0,3,0,0,0,140,142,0,66,0
93,BeaufighterMk21,44,0,4,2,166,175,175,0,15,4,4,0,4,0,0,0,6,14,1,0,0,0,0,1,0,0,0,0,0,0,0,0,0,0,0,0,0,0,0,0,0,0,0,0,91,44,49,63,90,7707,0,4,0,0,9,0,1,0,0,0,255,2,0,0,0,0,6,0,0,0,1,32,0,0,0
94,A-31 Vengeance,44,0,2,2,164,182,0,0,15,4,4,0,0,0,0,0,3,8,1,0,0,0,0,1,11,1,0,0,0,0,1,0,0,0,0,0,0,0,0,0,0,0,0,0,91,43,46,46,90,9035,0,4,0,0,9,0,1,0,0,0,255,54,128,0,0,0,6,0,0,0,42,141,0,0,0
95,Typhoon,44,0,3,1,166,174,174,0,15,4,4,0,4,0,0,0,6,13,0,0,0,0,0,0,0,0,0,0,0,0,0,0,0,0,0,0,0,0,0,0,0,0,0,0,91,44,45,63,90,520,0,4,0,0,9,0,1,0,0,0,255,0,2,0,0,0,7,0,0,0,35,32,0,0,0
96,Command Post,68,0,5,20,242,87,113,0,50,0,7,0,40,0,0,0,0,0,0,0,0,0,0,0,14,1,0,0,0,0,1,0,0,0,0,0,0,0,0,0,0,0,0,0,90,30,49,138,90,9000,0,0,0,0,9,0,0,0,0,1,255,9,128,0,0,0,1,0,0,0,150,141,0,0,0
97,Bunker,0,70,2,10,242,118,118,97,50,0,120,0,90,0,50,0,0,60,60,60,20,120,120,180,7,1,0,0,0,0,1,0,0,0,0,0,0,0,0,0,0,0,0,0,90,39,49,68,90,9902,0,0,0,0,9,0,5,0,0,3,255,2,2,0,0,0,1,0,0,0,2,32,0,0,0
98,Pillbox,0,70,2,10,20,63,118,87,0,80,60,0,90,0,18,0,0,105,76,51,38,76,51,38,0,0,0,0,0,0,0,0,0,0,0,0,0,0,15,15,15,0,15,15,92,35,42,136,90,9904,0,4,0,0,6,0,5,0,0,3,255,87,128,0,0,0,1,0,0,0,55,145,0,0,0
99,Pillbox,0,70,2,10,29,118,118,239,0,80,90,0,90,0,40,0,0,105,76,51,38,76,51,38,16,1,0,0,0,0,1,0,0,0,0,0,0,0,15,15,15,0,15,15,92,42,45,139,90,9905,0,4,20,0,6,0,5,0,0,3,255,0,2,0,0,0,5,0,0,0,35,32,0,0,0
100,Naval Fort,86,70,4,18,191,29,118,118,80,0,0,50,90,0,90,0,0,100,100,100,30,200,200,44,14,1,0,0,0,0,1,0,0,0,0,0,0,0,0,0,0,0,0,0,90,36,45,170,90,9916,0,4,0,0,4,0,5,0,0,6,255,10,152,0,0,0,1,0,0,0,151,233,0,0,0
101,Sentinel AC1,13,50,4,5,20,137,0,238,0,50,60,0,0,0,60,0,28,65,45,45,65,65,65,21,8,1,0,0,0,0,1,0,0,0,0,0,0,0,35,0,12,0,40,40,92,42,43,76,90,9005,0,4,0,0,5,0,3,0,8,2,226,2,2,0,0,1,8,0,0,0,2,30,0,0,0
102,Morris D-type,27,0,3,2,0,0,0,0,0,0,0,0,0,0,0,0,31,0,0,0,0,0,0,0,13,0,0,0,0,0,0,0,0,0,0,0,0,0,0,0,0,0,0,0,20,30,40,15,90,7780,0,0,0,0,9,0,0,0,112,4,226,250,49,0,0,0,1,0,0,0,78,65,0,0,0
103,Pillbox,0,70,2,10,29,63,118,239,0,80,80,0,90,0,40,0,0,105,76,51,38,76,51,38,0,0,0,0,0,0,0,0,0,0,0,0,0,0,15,15,15,0,15,15,92,43,45,146,90,9905,0,4,0,0,6,0,5,0,0,3,255,1,0,0,0,0,1,0,0,0,35,30,0,0,0
104,Bunker,0,70,2,10,242,118,118,87,50,0,90,0,90,0,15,0,0,60,60,60,20,120,120,180,60,60,60,20,120,120,180,0,0,0,0,0,0,0,0,0,0,0,0,0,90,30,41,69,90,9907,0,0,0,0,9,0,5,0,0,3,255,35,48,0,0,0,1,0,0,0,86,35,0,0,0
105,Crusader II AA,22,0,3,5,249,0,0,0,50,0,0,0,0,0,0,0,24,28,26,23,25,13,13,13,105,76,51,38,76,51,38,0,0,0,0,0,0,0,37,0,40,0,20,0,92,43,44,48,90,7718,0,4,0,0,9,0,3,0,0,3,226,2,0,0,0,0,7,0,0,0,30,30,0,0,0
106,Staghound AA,22,0,2,3,185,0,0,0,100,0,0,0,0,0,0,0,52,22,19,16,45,37,23,7,105,76,51,38,76,51,38,0,0,0,0,0,0,0,24,12,8,32,8,8,92,43,49,59,90,7740,0,4,0,0,9,0,2,0,0,2,226,250,48,0,0,1,7,0,0,0,79,44,0,0,0
107,3.7in Howitzer,9,0,1,6,64,0,0,0,50,0,0,0,0,0,0,0,1,0,0,0,0,0,0,0,100,100,100,30,200,200,44,0,0,0,0,0,0,0,0,0,0,0,0,0,91,30,45,36,90,8912,0,2,0,0,6,0,1,0,0,0,104,1,0,0,0,0,1,0,0,0,35,1,0,0,0
108,18pdr FG Troop,10,0,1,24,33,33,33,33,40,0,40,0,40,0,40,0,0,0,0,0,0,0,0,0,65,45,45,65,65,65,21,0,0,0,0,0,0,0,0,0,0,0,0,0,91,30,43,76,90,9047,0,2,0,0,10,0,0,0,0,0,255,13,4,0,0,0,1,0,0,0,73,198,0,30,0
109,18pdr Field Gun,9,0,1,6,33,0,0,0,50,0,0,0,0,0,0,0,1,0,0,0,0,0,0,0,0,0,0,0,0,0,0,0,0,0,0,0,0,0,0,0,0,0,0,0,61,30,43,35,90,9047,0,2,0,0,8,0,1,0,0,0,106,2,0,0,0,0,1,0,0,0,35,38,0,0,0
110,5.5in FG Troop,10,0,1,32,75,75,75,75,40,0,40,0,40,0,40,0,0,0,0,0,0,0,0,0,105,76,51,38,76,51,38,0,0,0,0,0,0,0,0,0,0,0,0,0,91,42,45,97,90,682,0,2,0,0,6,0,0,0,0,0,255,34,10,0,0,0,1,0,0,0,148,0,0,36,0
111,7.2in FH Troop,10,0,2,40,76,76,76,76,40,0,40,0,40,0,40,0,0,0,0,0,0,0,0,0,60,60,60,20,120,120,180,0,0,0,0,0,0,0,0,0,0,0,0,0,92,42,43,96,90,425,0,2,0,0,4,0,0,0,0,0,255,2,0,0,0,0,1,0,0,0,1,0,0,0,0
112,75mm Pack FH,9,0,1,6,32,0,0,0,40,0,0,0,0,0,0,0,4,0,0,0,0,0,0,0,28,26,23,25,13,13,13,0,0,0,0,0,0,0,0,0,0,0,0,0,91,43,49,38,90,8205,0,2,0,0,8,0,1,0,0,0,105,179,0,0,0,0,7,0,0,0,234,119,0,0,0
113,105mm FH Troop,10,0,2,32,71,71,71,71,40,0,40,0,40,0,40,0,0,0,0,0,0,0,0,0,22,19,16,45,37,23,7,0,0,0,0,0,0,0,0,0,0,0,0,0,91,43,49,84,90,8207,0,2,0,0,6,0,0,0,0,0,255,3,0,0,0,0,7,0,0,0,38,35,0,0,0
114,155mm FG Troop,10,0,2,40,104,104,104,104,40,0,40,0,40,0,40,0,0,0,0,0,0,0,0,0,0,0,0,0,0,0,0,0,0,0,0,0,0,0,0,0,0,0,0,0,92,42,49,98,90,8204,0,2,0,0,4,0,0,0,0,0,255,231,0,0,0,0,11,0,0,0,146,47,0,0,0
115,25pdr Short FH,9,0,2,6,63,0,0,0,50,10,0,0,0,0,0,0,1,0,0,0,0,0,0,0,0,0,0,0,0,0,0,0,0,0,0,0,0,0,0,0,0,0,0,0,91,43,49,50,90,9003,0,2,0,0,8,0,1,0,0,0,105,0,0,0,0,0,9,0,0,0,1,35,0,0,0
116,Bren Carrier,25,0,2,2,111,148,0,133,0,0,60,0,0,0,60,0,30,12,12,12,14,12,12,0,0,0,0,0,0,0,0,0,0,0,0,0,0,0,14,0,8,0,0,0,52,40,49,26,90,9039,0,2,0,0,9,0,2,0,108,2,124,242,0,0,0,1,1,0,0,0,144,60,0,0,0
117,Carrier 2in Mtr,38,0,2,3,112,148,0,0,60,0,40,0,0,0,0,0,30,12,12,12,14,12,12,0,0,0,0,0,0,0,0,0,0,0,0,0,0,0,14,0,8,0,0,0,93,40,49,43,90,7712,0,2,0,0,9,0,0,0,0,2,123,0,0,0,0,1,1,0,0,0,1,35,0,0,0
118,MG Carrier LP,59,0,2,2,111,148,0,133,0,0,60,0,0,0,60,0,24,10,8,8,12,8,8,0,0,0,0,0,0,0,0,0,0,0,0,0,0,0,0,0,0,0,0,0,52,40,42,19,90,664,0,2,0,0,4,0,2,0,110,2,123,54,0,0,0,1,1,0,0,0,42,90,0,0,0
119,Scout Jeep,32,0,2,2,237,0,0,0,60,0,0,0,0,0,0,0,44,4,0,0,0,0,0,0,0,0,0,0,0,0,0,0,0,0,0,0,0,0,0,0,0,0,0,0,90,42,49,9,90,442,0,0,0,0,9,0,0,0,2,1,104,0,0,0,0,0,5,0,0,0,35,35,0,0,0
120,Vickers Jeep,23,0,2,2,140,204,0,0,60,0,50,0,0,0,0,0,44,4,0,0,0,0,0,0,0,0,0,0,0,0,0,0,0,0,0,0,0,0,0,0,0,0,0,0,82,42,45,26,90,7714,0,1,0,0,9,0,1,0,6,1,110,55,162,0,0,0,5,0,0,0,83,56,0,0,0
121,Airborne Sectn,73,0,1,10,227,87,97,110,50,0,8,0,50,0,20,0,10,0,0,0,0,0,0,0,0,0,0,0,0,0,0,0,0,0,0,0,0,0,0,0,0,0,0,0,4,42,45,23,90,7732,0,0,0,0,9,0,0,0,0,0,0,0,2,0,0,0,1,0,0,0,35,30,0,0,0
122,Airborne Sectn,73,0,1,10,243,91,97,110,50,0,0,6,50,0,20,0,10,0,0,0,0,0,0,0,0,0,0,0,0,0,0,0,0,0,0,0,0,0,0,0,0,0,0,0,40,43,49,27,90,7732,0,0,0,0,9,0,0,0,0,0,0,55,0,0,0,0,7,0,0,0,83,77,0,0,0
123,Lt Mortar Team,80,0,0,2,107,245,0,0,50,0,40,0,0,0,0,0,9,0,0,0,0,0,0,0,12,12,12,14,12,12,0,0,0,0,0,0,0,0,0,0,0,0,0,0,90,38,49,18,90,9939,0,2,0,0,9,0,0,0,0,0,0,0,0,0,0,0,1,0,0,0,35,35,0,0,0
124,Jeep FO (Aus),57,0,2,2,114,0,0,0,50,0,0,0,0,0,0,0,44,4,0,0,0,0,0,0,12,12,12,14,12,12,0,0,0,0,0,0,0,0,0,0,0,0,0,0,90,42,49,20,90,442,0,0,0,0,9,0,0,0,2,1,104,60,0,0,0,0,5,0,0,0,88,54,0,0,0
125,Humber Snipe,59,0,2,1,0,0,0,0,0,0,0,0,0,0,0,0,54,0,0,0,0,0,0,0,10,8,8,12,8,8,0,0,0,0,0,0,0,0,0,0,0,0,0,0,90,42,49,8,90,305,0,0,0,0,9,0,0,0,6,2,226,0,0,0,0,0,6,0,0,0,35,30,0,0,0
126,Engineer Sectn,20,0,1,10,227,85,87,186,50,0,0,6,8,0,4,0,9,0,0,0,0,0,0,0,4,0,0,0,0,0,0,0,0,0,0,0,0,0,0,0,0,0,0,0,21,30,42,29,90,9050,0,0,0,0,9,0,0,0,0,0,0,60,111,0,0,0,1,0,0,0,88,69,0,0,0
127,Aussie SMG Sec,108,0,1,10,235,90,97,87,50,0,0,6,50,0,8,0,9,0,0,0,0,0,0,0,4,0,0,0,0,0,0,0,0,0,0,0,0,0,0,0,0,0,0,0,41,43,49,26,90,9022,0,0,0,0,9,0,0,0,0,0,0,0,0,0,0,0,7,0,0,0,35,35,0,0,0
128,Engineer Sectn,20,0,1,10,243,87,97,186,50,0,8,0,50,0,4,0,9,0,0,0,0,0,0,0,0,0,0,0,0,0,0,0,0,0,0,0,0,0,0,0,0,0,0,0,21,42,49,28,90,9050,0,0,0,0,9,0,0,0,0,0,0,148,147,0,0,0,1,0,0,0,173,225,0,0,0
129,Rifle Section,40,0,1,9,243,90,97,87,50,0,0,6,50,0,8,0,9,0,0,0,0,0,0,0,0,0,0,0,0,0,0,0,0,0,0,0,0,0,0,0,0,0,0,0,40,43,49,24,90,9022,0,0,0,0,9,0,0,0,0,0,0,2,2,0,0,0,1,0,0,0,2,30,0,0,0
130,Light AAMG,8,0,1,4,246,0,0,0,80,0,0,0,0,0,0,0,4,0,0,0,0,0,0,0,0,0,0,0,0,0,0,0,0,0,0,0,0,0,0,0,0,0,0,0,12,30,42,10,90,330,0,2,0,0,9,0,2,0,0,0,105,149,166,0,0,0,1,0,0,0,160,26,0,0,0
131,Chevrolet C60L,27,0,3,2,0,0,0,0,0,0,0,0,0,0,0,0,29,0,0,0,0,0,0,0,4,0,0,0,0,0,0,0,0,0,0,0,0,0,0,0,0,0,0,0,20,42,49,20,90,339,0,0,0,0,9,0,0,0,117,4,226,2,2,0,0,0,1,0,0,0,2,30,0,0,0
132,Morris 15cwt,27,0,3,2,0,0,0,0,0,0,0,0,0,0,0,0,31,0,0,0,0,0,0,0,0,0,0,0,0,0,0,0,0,0,0,0,0,0,0,0,0,0,0,0,90,38,49,15,90,7744,0,0,0,0,9,0,0,0,112,4,226,67,79,0,0,0,5,0,0,0,214,53,0,0,0
133,Commandos,70,0,1,9,227,87,186,0,50,0,10,0,4,0,0,0,11,0,0,0,0,0,0,0,0,0,0,0,0,0,0,0,0,0,0,0,0,0,0,0,0,0,0,0,30,41,49,26,90,9008,0,0,0,0,9,0,0,0,0,0,0,0,4,0,0,0,1,0,0,0,38,30,0,0,0
134,Marm-Her II/III,11,0,2,3,134,148,136,0,0,25,60,0,60,0,0,0,50,12,12,9,12,12,9,6,0,0,0,0,0,0,0,0,0,0,0,0,0,0,18,12,34,0,8,8,71,41,42,33,90,9051,0,4,0,0,9,0,2,0,2,2,226,68,149,0,0,0,2,0,0,0,213,76,0,0,0
135,Marm-Herr IIIA,11,0,2,3,8,148,0,0,45,0,60,0,0,0,0,0,50,12,12,9,8,0,0,0,0,0,0,0,0,0,0,0,0,0,0,0,0,0,18,12,34,0,8,8,71,41,42,37,90,94,0,4,0,0,6,0,2,0,2,2,224,0,3,0,0,0,6,0,0,0,38,30,0,0,0
136,Marm-Herr IIIB,11,0,2,3,15,148,0,0,20,30,60,0,0,0,0,0,50,12,12,9,18,12,0,0,0,0,0,0,0,0,0,0,0,0,0,0,0,0,18,12,34,0,8,8,72,41,42,44,90,94,0,4,0,0,6,0,2,0,2,2,224,0,148,0,0,0,11,0,0,0,163,77,0,0,0
137,Rolls-Royce AC,11,0,2,3,4,0,0,0,90,0,0,0,0,0,0,0,40,10,9,6,10,9,9,9,0,0,0,0,0,0,0,0,0,0,0,0,0,0,20,0,0,18,28,18,51,30,41,38,90,7717,0,4,0,0,9,0,2,0,2,2,224,0,3,0,0,0,1,0,0,0,2,30,0,0,0
138,Staghound I,89,0,3,5,9,139,177,131,34,64,60,0,60,0,60,0,54,22,19,16,44,32,32,12,0,0,0,0,0,0,0,0,0,0,0,0,0,0,24,12,8,32,8,8,91,43,49,65,90,663,0,4,5,0,5,0,2,0,2,2,226,0,156,0,0,1,7,0,0,0,65,31,0,0,0
139,,0,0,0,0,0,0,0,0,0,0,0,0,0,0,0,0,0,0,0,0,0,0,0,0,0,0,0,0,0,0,0,0,0,0,0,0,0,0,0,0,0,0,0,0,0,0,0,0,0,0,0,0,0,0,0,0,0,0,0,0,0,0,3,0,0,0,1,0,0,0,35,30,0,0,0
140,AOP Lynx,57,0,2,2,0,0,0,130,0,0,0,0,0,0,40,0,54,26,18,12,26,18,12,0,0,0,0,0,0,0,0,0,0,0,0,0,0,0,12,8,16,12,8,16,91,44,49,41,90,8811,0,2,0,0,9,0,2,0,6,2,224,0,15,0,0,0,1,0,28,0,63,56,0,0,0
141,Daimler Dingo,32,0,2,2,148,0,0,133,60,0,0,0,0,0,60,0,54,30,14,10,30,14,14,0,12,12,9,12,12,9,6,0,0,0,0,0,0,0,0,0,0,0,14,14,90,42,44,27,90,7724,0,4,0,0,9,0,2,0,2,1,224,0,1,0,0,0,6,0,30,0,35,35,0,0,0
142,Hurricane IIC,44,0,2,1,166,182,0,0,10,4,2,0,0,0,0,0,6,12,1,0,0,0,0,1,12,12,9,8,0,0,0,0,0,0,0,0,0,0,0,0,0,0,0,0,90,42,44,67,90,517,0,4,0,0,9,0,1,0,0,0,255,0,0,0,0,0,1,0,7,0,65,49,0,0,0
143,P-47D,44,0,3,1,164,175,175,181,20,8,3,0,3,0,2,0,5,16,1,0,0,0,0,1,12,12,9,18,12,0,0,0,0,0,0,0,0,0,0,0,0,0,0,0,92,44,49,69,90,263,0,4,0,0,9,0,1,0,0,0,255,0,0,0,0,0,6,0,1,0,35,35,0,0,0
144,Hurricane IID,44,0,2,1,162,169,0,0,15,2,5,2,0,0,0,0,5,12,1,0,0,0,0,1,10,9,6,10,9,9,9,0,0,0,0,0,0,0,0,0,0,0,0,0,90,42,44,55,90,7708,0,4,0,0,9,0,1,0,0,0,255,0,46,0,0,0,1,0,0,0,0,100,0,0,0
145,Beaufort MkVIII,44,0,4,4,162,241,181,0,15,2,1,0,2,0,0,0,6,12,1,0,0,0,0,1,22,19,16,44,32,32,12,0,0,0,0,0,0,0,0,0,0,0,0,0,92,42,45,69,90,9053,0,4,0,0,9,0,1,0,0,0,255,0,0,0,0,0,5,0,0,0,0,35,0,0,0
146,Wirraway,44,0,2,2,162,181,0,0,15,2,2,0,0,0,0,0,4,7,0,0,0,0,0,0,0,0,0,0,0,0,0,0,0,0,0,0,0,0,0,0,0,0,0,0,90,39,43,51,90,9004,0,4,0,0,9,0,1,0,0,0,255,0,60,0,0,0,9,0,0,0,65,170,0,0,0
147,F4U-1C Corsair,44,0,3,1,164,182,0,0,20,6,2,0,0,0,0,0,5,13,2,0,0,0,0,1,26,18,12,26,18,12,0,0,0,0,0,0,0,0,0,0,0,0,0,0,90,44,49,60,90,9052,0,4,0,0,9,0,1,0,0,0,255,0,0,0,0,0,6,0,0,0,35,2,0,0,0
148,Kittyhawk,44,0,2,1,164,182,180,0,15,6,1,0,2,0,0,0,5,12,0,0,0,0,0,0,30,14,10,30,14,14,0,0,0,0,0,0,0,0,0,0,0,0,0,0,90,42,45,67,90,7704,0,4,0,0,9,0,1,0,0,0,255,0,60,0,0,0,3,0,0,0,90,0,0,0,0
149,Loyd Carrier,26,0,2,2,111,0,0,130,0,0,0,0,0,0,90,0,24,9,6,6,11,5,5,0,12,1,0,0,0,0,1,0,0,0,0,0,0,0,18,0,0,0,5,0,52,38,49,23,90,9946,0,2,0,0,9,0,2,0,110,2,224,0,0,0,0,1,1,0,0,0,35,0,0,0,0
150,Carrier 3in Mtr,38,0,2,5,37,148,0,0,50,0,40,0,0,0,0,0,30,12,12,12,14,12,12,0,16,1,0,0,0,0,1,0,0,0,0,0,0,0,14,0,8,0,0,0,93,41,49,35,90,9061,0,2,0,0,6,0,0,0,0,2,124,0,0,0,0,1,11,0,0,0,65,62,0,0,0
151,White Scout Car,32,50,2,3,140,139,139,0,60,0,60,0,60,0,0,0,50,12,7,7,13,7,7,0,12,1,0,0,0,0,1,0,0,0,0,0,0,0,24,0,0,22,0,0,91,42,49,27,90,8213,0,1,0,0,9,0,1,0,106,3,224,0,0,0,0,0,5,0,0,0,35,35,0,0,0
152,2pdr Portee,79,0,3,5,20,0,0,0,0,50,0,0,0,0,0,0,44,4,0,0,4,0,0,0,12,1,0,0,0,0,1,0,0,0,0,0,0,0,0,0,0,12,0,0,21,42,42,30,90,9046,0,4,0,0,7,0,3,0,0,3,226,0,212,0,0,0,6,0,0,0,48,46,0,0,0
153,LVT(A) 2,34,0,6,4,139,139,0,0,60,0,60,0,0,0,0,0,20,25,18,18,25,18,18,0,7,0,0,0,0,0,0,0,0,0,0,0,0,0,30,0,0,30,0,0,92,44,44,43,90,8311,0,1,0,0,9,0,1,0,118,6,230,0,2,7,0,0,1,0,0,0,35,30,0,0,0
154,LVT(A) 1,35,50,6,6,2,177,139,139,54,50,60,0,60,0,60,0,12,25,18,18,51,25,25,12,13,2,0,0,0,0,1,0,0,0,0,0,0,0,30,0,0,5,5,5,90,44,44,87,90,938,0,4,0,0,9,4,2,0,116,6,230,0,35,6,0,0,1,0,0,0,172,221,0,0,0
155,Bofors Portee,30,0,2,8,17,0,0,0,50,20,0,0,0,0,0,0,44,4,0,0,12,0,0,0,12,0,0,0,0,0,0,0,0,0,0,0,0,0,0,0,0,20,0,0,61,40,42,64,90,9934,0,4,0,0,7,0,3,0,0,3,226,0,2,0,0,0,6,0,0,0,2,31,0,0,0
156,Sherman Flame,17,50,4,5,44,140,177,108,47,50,60,0,60,0,27,0,22,51,38,38,95,51,51,18,9,6,6,11,5,5,0,0,0,0,0,0,0,0,51,0,5,28,12,8,92,43,49,149,90,8216,0,4,0,0,5,4,2,0,6,2,230,0,229,0,0,0,7,0,0,0,174,95,0,0,0
157,6pdr Portee,79,0,3,5,29,0,0,0,0,60,0,0,0,0,0,0,44,4,0,0,0,0,0,0,12,12,12,14,12,12,0,0,0,0,0,0,0,0,0,0,0,12,0,0,21,42,42,37,90,9938,0,4,0,0,7,0,3,0,0,3,226,0,1,0,0,0,5,0,0,0,2,0,0,0,0
158,Matilda Murray,17,72,3,4,108,179,0,0,25,0,60,0,0,0,0,0,14,78,70,55,82,75,75,18,12,7,7,13,7,7,0,0,0,0,0,0,0,0,28,0,25,11,12,0,91,45,49,86,90,638,0,4,0,0,6,0,2,0,6,1,226,0,45,0,0,0,5,0,0,0,0,31,0,0,0
159,Matilda Dozer,37,72,3,4,19,148,179,0,0,93,60,0,60,0,0,0,14,78,70,55,82,75,75,18,4,0,0,4,0,0,0,0,0,0,0,0,0,0,28,0,25,11,12,0,90,43,49,91,90,9066,0,4,0,0,6,0,3,0,8,3,226,0,2,0,0,0,10,0,0,0,0,32,0,0,0
160,Lee I,105,60,4,6,2,177,0,42,58,90,60,0,0,0,26,20,22,51,38,38,57,57,57,18,25,18,18,25,18,18,0,0,0,0,0,0,0,0,35,0,17,47,15,15,90,42,42,111,90,9030,0,4,0,0,7,0,2,0,6,3,230,127,182,0,0,0,4,0,0,0,36,90,0,0,0
161,Grant Dozer,36,70,4,6,197,177,0,45,38,90,60,0,0,0,26,20,16,51,38,38,76,51,51,18,25,18,18,51,25,25,12,0,0,0,0,0,0,0,38,0,17,47,15,0,90,45,49,116,90,9055,0,4,0,0,6,0,2,0,6,3,230,3,3,0,0,0,1,0,0,0,30,30,0,0,0
162,Yeramba,21,0,4,6,63,0,0,0,68,12,0,0,0,0,0,0,26,51,38,38,19,13,13,0,4,0,0,12,0,0,0,0,0,0,0,0,0,0,35,0,17,25,0,0,90,49,49,83,90,9054,0,2,0,0,4,0,1,0,8,3,228,60,137,0,0,0,1,0,0,0,131,91,0,0,0
163,LVT(A) 4,35,50,6,6,32,140,0,0,90,0,60,0,0,0,0,0,20,25,18,18,46,25,25,0,51,38,38,95,51,51,18,0,0,0,0,0,0,0,30,0,0,15,12,5,90,44,49,99,90,946,0,4,0,10,6,4,2,0,124,4,230,0,3,8,0,0,5,0,0,0,2,30,0,0,0
164,Mk II Hedgehog,98,72,3,4,19,179,43,0,0,80,90,0,7,0,0,0,14,78,70,55,82,75,75,18,4,0,0,0,0,0,0,0,0,0,0,0,0,0,28,0,25,11,12,0,93,45,49,98,90,9049,0,4,20,0,6,0,3,0,6,3,228,150,181,0,0,0,7,0,0,0,223,29,0,0,0
165,Matilda Frog,17,72,3,4,108,179,0,0,25,0,60,0,0,0,0,0,14,78,70,55,82,75,75,18,78,70,55,82,75,75,18,0,0,0,0,0,0,0,28,0,25,11,12,0,92,44,45,78,90,638,0,4,0,0,2,0,2,0,6,1,226,2,3,0,0,0,10,0,0,0,30,32,0,0,0
166,,0,0,0,0,0,0,0,0,0,0,0,0,0,0,0,0,0,0,0,0,0,0,0,0,78,70,55,82,75,75,18,0,0,0,0,0,0,0,0,0,0,0,0,0,0,0,0,0,0,0,0,0,0,0,0,0,0,0,0,0,0,137,0,0,0,0,1,0,0,0,191,90,0,0,0
167,Matilda III CS+,98,72,3,4,35,179,0,0,42,0,60,0,0,0,0,0,14,78,70,55,82,75,75,18,51,38,38,57,57,57,18,0,0,0,0,0,0,0,28,0,25,11,12,0,93,43,45,73,90,9062,0,4,0,0,5,0,2,0,6,3,228,2,0,0,0,1,5,0,0,0,38,35,0,0,0
168,Rifle Section,40,0,1,9,242,134,97,87,50,0,0,12,50,0,8,0,9,0,0,0,0,0,0,0,51,38,38,76,51,51,18,0,0,0,0,0,0,0,0,0,0,0,0,0,40,38,42,21,90,9021,0,0,0,0,9,0,0,0,0,0,0,0,0,0,0,0,1,0,0,0,157,162,0,0,0
169,Aussie Bazooka,2,0,0,2,91,192,0,0,0,8,40,0,0,0,0,0,9,0,0,0,0,0,0,0,51,38,38,19,13,13,0,0,0,0,0,0,0,0,0,0,0,0,0,0,0,43,49,14,90,432,0,0,0,0,9,0,0,0,0,0,0,0,0,0,0,0,7,0,0,0,3,1,0,0,0
170,LCVP,41,0,5,3,140,140,0,0,60,0,60,0,0,0,0,0,0,15,15,15,15,15,15,0,25,18,18,46,25,25,0,0,0,0,0,0,0,0,22,0,30,22,0,30,90,42,49,61,90,8332,0,1,0,0,9,0,1,0,132,6,255,0,0,8,0,0,6,0,0,0,143,163,0,0,0
171,LCT (Rocket),110,0,6,40,109,109,109,109,24,0,24,0,24,0,24,0,0,25,20,20,33,20,20,0,78,70,55,82,75,75,18,0,0,0,0,0,0,0,30,0,0,0,0,0,92,43,49,152,90,8334,0,2,0,0,12,0,1,0,0,10,255,0,0,8,0,0,7,0,0,0,3,1,0,0,0
172,LCG(M)(1)25pdr,46,0,6,31,63,63,147,147,50,0,50,0,100,0,100,0,0,38,29,29,55,50,40,10,78,70,55,82,75,75,18,0,0,0,0,0,0,0,0,0,0,0,0,0,90,44,49,109,90,8333,0,4,0,0,5,0,2,0,0,10,255,0,0,9,0,0,1,0,0,0,143,49,0,0,0
173,LCG(M)(1)17pdr,46,0,6,31,38,38,147,147,20,40,20,40,100,0,100,0,0,40,30,30,55,50,40,10,0,0,0,0,0,0,0,0,0,0,0,0,0,0,0,0,0,0,0,0,90,44,49,255,90,8333,0,4,0,0,5,0,7,0,0,10,255,0,0,9,0,0,6,0,0,0,3,35,0,0,0
174,LCG(L),46,0,6,31,187,187,147,147,40,0,40,0,100,0,100,0,0,40,30,30,55,50,40,10,78,70,55,82,75,75,18,0,0,0,0,0,0,0,0,0,0,0,0,0,90,42,49,82,90,8337,0,4,0,0,4,0,0,0,0,10,255,187,59,9,0,0,6,0,0,0,61,96,0,0,0
175,Light AAMG,8,0,1,8,126,0,0,0,80,0,0,0,0,0,0,0,4,0,0,0,0,0,0,0,0,0,0,0,0,0,0,0,0,0,0,0,0,0,0,0,0,0,0,0,80,30,39,10,90,7913,0,2,0,0,9,0,2,0,0,0,108,3,0,0,0,0,1,0,0,0,32,35,0,0,0
176,Medium II(S),98,58,3,5,24,137,137,238,20,20,60,0,60,0,40,0,24,12,10,8,14,8,8,10,0,0,0,0,0,0,0,0,0,0,0,0,0,0,42,0,34,8,14,14,22,30,41,48,90,7745,0,4,0,0,6,0,2,0,8,2,228,0,138,0,0,0,1,0,0,0,61,87,0,0,0
177,Centurion II,13,15,4,4,38,139,179,0,30,30,60,0,60,0,0,0,22,92,51,38,135,76,76,23,15,15,15,15,15,15,0,0,0,0,0,0,0,0,38,0,12,22,8,0,92,49,49,215,90,7715,0,4,8,0,5,4,7,0,8,6,228,0,2,0,0,0,1,0,0,0,35,35,0,0,0
178,Centurion III,92,15,4,4,62,139,179,0,12,30,60,0,60,0,0,0,20,128,68,52,167,114,84,25,25,20,20,33,20,20,0,0,0,0,0,0,0,0,38,0,12,22,8,0,92,49,49,254,90,300,0,4,10,0,4,4,7,0,8,6,228,16,132,0,0,0,1,0,0,0,6,45,0,0,0
179,Mule Pack,84,0,2,2,114,0,0,0,50,0,0,0,0,0,0,0,12,0,0,0,0,0,0,0,38,29,29,55,50,40,10,0,0,0,0,0,0,0,0,0,0,0,0,0,0,30,49,6,90,9926,0,0,0,0,9,0,0,0,105,1,124,2,3,1,0,0,1,0,0,0,2,30,0,0,0
180,Gun Team,83,0,4,4,114,0,0,0,50,0,0,0,0,0,0,0,16,0,0,0,0,0,0,0,40,30,30,55,50,40,10,0,0,0,0,0,0,0,0,0,0,0,0,0,0,30,42,11,90,7700,0,0,0,0,9,0,0,0,212,2,240,11,0,0,0,0,1,0,0,0,46,160,0,0,0
181,FT Team,51,0,0,2,83,236,0,0,4,0,50,0,0,0,0,0,10,0,0,0,0,0,0,0,40,30,30,55,50,40,10,0,0,0,0,0,0,0,0,0,0,0,0,0,43,37,45,12,90,9079,0,0,0,0,9,0,0,0,0,0,0,1,0,0,0,0,1,0,0,0,35,2,0,0,0
182,Jungle Patrol,71,0,1,10,221,83,87,0,40,0,4,0,5,0,0,0,11,0,0,0,0,0,0,0,0,0,0,0,0,0,0,0,0,0,0,0,0,0,0,0,0,0,0,0,40,45,45,23,90,9007,0,0,0,0,9,0,0,0,0,0,0,0,0,1,0,0,5,0,0,0,49,90,0,0,0
183,Jungle Patrol,71,0,1,10,227,87,97,0,40,0,10,0,40,0,0,0,9,0,0,0,0,0,0,0,12,10,8,14,8,8,10,0,0,0,0,0,0,0,0,0,0,0,0,0,40,42,45,21,90,9020,0,0,0,0,9,0,0,0,0,0,0,0,0,1,0,0,2,0,0,0,35,35,0,0,0
184,Aussie Pioneers,100,0,1,10,242,86,87,186,50,0,0,4,8,0,4,0,9,0,0,0,0,0,0,0,92,51,38,135,76,76,23,0,0,0,0,0,0,0,0,0,0,0,0,0,40,37,49,24,90,9050,0,0,0,0,9,0,0,0,0,0,0,147,119,0,0,0,1,0,0,0,79,62,0,0,0
185,LMG Team,51,0,0,3,97,87,245,0,50,0,4,0,50,0,0,0,9,0,0,0,0,0,0,0,128,68,52,167,114,84,25,0,0,0,0,0,0,0,0,0,0,0,0,0,93,36,49,11,90,7736,0,1,0,0,9,0,0,0,0,0,0,3,3,0,0,0,1,0,0,0,30,30,0,0,0
186,NZ Engineers,102,0,1,10,243,84,228,186,50,0,0,3,40,0,3,0,9,0,0,0,0,0,0,0,0,0,0,0,0,0,0,0,0,0,0,0,0,0,0,0,0,0,0,0,21,43,49,26,90,9037,0,0,0,0,9,0,0,0,0,0,0,16,0,0,0,0,1,0,0,0,27,0,0,0,0
187,NZ Engineers,102,0,1,10,227,86,87,186,50,0,0,4,8,0,3,0,9,0,0,0,0,0,0,0,0,0,0,0,0,0,0,0,0,0,0,0,0,0,0,0,0,0,0,0,20,43,49,28,90,7734,0,0,0,0,9,0,0,0,0,0,0,2,0,0,0,0,1,0,0,0,30,0,0,0,0
188,3A Tractor,28,0,4,2,0,0,0,0,0,0,0,0,0,0,0,0,23,0,0,0,0,0,0,0,0,0,0,0,0,0,0,0,0,0,0,0,0,0,0,0,0,0,0,0,10,39,42,24,90,9029,0,0,0,0,9,0,0,0,223,5,228,221,0,0,0,0,9,0,0,0,75,236,0,0,0
189,20mm AA Gun,8,0,1,8,147,0,0,0,50,0,0,0,0,0,0,0,1,0,0,0,0,0,0,0,0,0,0,0,0,0,0,0,0,0,0,0,0,0,0,0,0,0,0,0,80,36,45,16,90,7905,0,3,0,0,9,0,2,0,0,0,108,0,0,0,0,0,1,0,0,0,35,3,0,0,0
190,3.7in AA Gun,8,0,2,8,59,0,0,0,40,15,0,0,0,0,0,0,0,0,0,0,0,0,0,0,0,0,0,0,0,0,0,0,0,0,0,0,0,0,0,0,0,0,0,0,80,36,45,68,90,7706,0,3,0,0,9,0,4,0,0,0,108,145,239,0,0,0,1,0,0,0,8,105,0,0,0
191,Hadrian,77,0,4,3,0,0,0,0,0,0,0,0,0,0,0,0,3,12,0,0,0,0,0,0,0,0,0,0,0,0,0,0,0,0,0,0,0,0,0,0,0,0,0,0,90,43,49,25,90,7733,0,0,0,0,0,0,0,0,14,0,255,3,1,0,0,0,1,0,0,0,2,35,0,0,0
192,Horsa,77,0,4,3,0,0,0,0,0,0,0,0,0,0,0,0,3,12,0,0,0,0,0,0,0,0,0,0,0,0,0,0,0,0,0,0,0,0,0,0,0,0,0,0,90,43,47,46,90,7756,0,0,0,0,0,0,0,0,128,0,255,136,239,0,0,0,1,0,0,0,0,103,0,0,0
193,Hamilcar,77,0,4,3,0,0,0,0,0,0,0,0,0,0,0,0,3,12,0,0,0,0,0,0,0,0,0,0,0,0,0,0,0,0,0,0,0,0,0,0,0,0,0,0,90,43,49,41,90,7757,0,0,0,0,0,0,0,0,228,0,255,2,1,0,0,0,1,0,0,0,0,35,0,0,0
194,Dakota,78,0,4,3,0,0,0,0,0,0,0,0,0,0,0,0,4,18,0,0,0,0,0,0,0,0,0,0,0,0,0,0,0,0,0,0,0,0,0,0,0,0,0,0,90,42,49,40,90,7711,0,0,0,0,0,0,0,0,28,0,255,167,45,0,0,0,1,0,0,0,0,46,0,0,0
195,DH 86A,78,0,4,3,0,0,0,0,0,0,0,0,0,0,0,0,4,16,0,0,0,0,0,0,0,0,0,0,0,0,0,0,0,0,0,0,0,0,0,0,0,0,0,0,90,39,44,31,90,9016,0,0,0,0,0,0,0,0,10,0,255,2,0,0,0,0,1,0,0,0,0,1,0,0,0
196,Rifle Section,108,0,1,10,242,134,97,87,50,0,0,15,50,0,8,0,9,0,0,0,0,0,0,0,0,0,0,0,0,0,0,0,0,0,0,0,0,0,0,0,0,0,0,0,40,41,43,23,90,9009,0,0,0,0,9,0,0,0,0,0,0,175,223,0,0,0,1,0,0,0,0,128,0,0,0
197,Tortoise (A39),61,72,5,7,151,89,130,0,40,50,90,0,90,0,0,0,7,168,90,81,203,107,107,38,0,0,0,0,0,0,0,0,0,0,0,0,0,0,42,0,10,30,0,0,92,49,49,239,90,9060,0,4,0,0,4,0,7,0,10,7,230,2,1,0,0,0,1,0,0,0,0,1,0,0,0
198,5.5in Field Gun,9,0,2,8,75,0,0,0,50,0,0,0,0,0,0,0,0,0,0,0,0,0,0,0,12,0,0,0,0,0,0,0,0,0,0,0,0,0,0,0,0,0,0,0,90,42,49,52,90,682,0,2,0,0,5,0,1,0,0,0,210,175,45,0,0,0,5,0,0,0,0,46,0,0,0
199,4.5in Howitzer,9,0,2,6,102,0,0,0,40,0,0,0,0,0,0,0,0,0,0,0,0,0,0,0,12,0,0,0,0,0,0,0,0,0,0,0,0,0,0,0,0,0,0,0,92,30,45,22,90,643,0,2,0,0,4,0,0,0,0,0,106,2,0,0,0,0,1,0,0,0,0,1,0,0,0
200,NZ SMG Section,108,0,1,10,227,90,97,87,50,0,0,6,50,0,8,0,9,0,0,0,0,0,0,0,12,0,0,0,0,0,0,0,0,0,0,0,0,0,0,0,0,0,0,0,80,43,49,27,90,9022,0,0,0,0,9,0,0,0,0,0,0,175,0,0,0,0,7,0,0,0,0,239,0,0,0
201,Stuart Recce,90,50,2,4,139,0,0,131,60,0,0,0,0,0,60,0,36,44,25,25,44,25,25,0,18,0,0,0,0,0,0,0,0,0,0,0,0,0,33,25,33,33,25,33,91,43,45,39,90,7726,0,1,0,0,9,0,1,0,6,2,224,2,0,0,0,0,1,0,0,0,0,3,0,0,0
202,M5A1 Halftrack,24,0,3,2,140,139,0,0,60,0,60,0,0,0,0,0,45,15,8,8,16,8,8,0,16,0,0,0,0,0,0,0,0,0,0,0,0,0,24,0,0,22,0,0,90,42,49,33,90,8157,0,1,0,0,9,0,1,0,113,3,226,215,1,0,0,0,10,0,0,0,45,0,0,33,0
203,M5 Halftrack,24,0,3,2,139,0,0,0,60,0,0,0,0,0,0,0,40,15,8,8,16,8,8,0,0,0,0,0,0,0,0,0,0,0,0,0,0,0,24,0,0,22,0,0,90,42,49,28,90,95,0,1,0,0,9,0,1,0,113,3,226,0,3,0,0,0,10,0,0,0,35,0,0,0,0
204,M17 MGMC,22,0,3,5,215,0,0,0,40,0,0,0,0,0,0,0,38,15,8,8,16,0,0,0,168,90,81,203,107,107,38,0,0,0,0,0,0,0,24,0,0,22,0,0,90,45,49,39,90,8223,0,4,0,0,9,0,2,0,0,2,226,13,83,0,0,0,4,0,0,0,100,172,0,0,0
205,M5 HT Mortar,38,0,3,6,37,139,0,0,65,0,60,0,0,0,0,0,40,15,8,8,16,8,8,0,0,0,0,0,0,0,0,0,0,0,0,0,0,0,24,0,0,22,0,0,93,42,49,47,90,7770,0,2,0,0,8,0,0,0,0,2,226,2,0,0,0,0,10,0,0,0,30,38,0,0,0
206,M4A1 81mm MMC,38,40,3,6,56,139,0,0,80,0,60,0,0,0,0,0,40,12,7,7,13,7,7,0,0,0,0,0,0,0,0,0,0,0,0,0,0,0,24,0,0,22,0,0,93,42,49,48,90,7771,0,2,0,0,8,0,0,0,0,2,226,167,83,0,0,0,10,0,0,0,0,172,0,0,0
207,M3 75mm GMC,21,40,3,5,34,0,0,0,44,15,0,0,0,0,0,0,38,12,7,7,13,7,7,0,0,0,0,0,0,0,0,0,0,0,0,0,0,0,24,0,0,22,0,0,92,43,49,88,90,8221,0,4,0,0,6,0,2,0,0,2,226,2,0,0,0,0,1,0,0,0,0,38,0,0,0
208,Aussie Pioneers,100,0,1,10,242,84,228,87,50,0,0,4,40,0,8,0,9,0,0,0,0,0,0,0,44,25,25,44,25,25,0,0,0,0,0,0,0,0,0,0,0,0,0,0,21,37,49,22,90,9050,0,0,0,0,9,0,0,0,0,0,0,175,143,0,0,0,1,0,0,0,0,233,0,0,0
209,MG Section,4,0,0,4,120,87,192,0,60,0,4,0,40,0,0,0,8,0,0,0,0,0,0,0,15,8,8,16,8,8,0,0,0,0,0,0,0,0,0,0,0,0,0,0,40,43,49,19,90,418,0,2,0,0,9,0,2,0,0,0,0,2,3,0,0,0,5,0,0,0,0,3,0,0,0
210,HMG Section,81,0,1,6,106,87,192,0,60,0,4,0,40,0,0,0,6,0,0,0,0,0,0,0,15,8,8,16,8,8,0,0,0,0,0,0,0,0,0,0,0,0,0,0,92,42,49,34,90,419,0,3,0,0,9,0,2,0,0,0,0,126,72,0,0,0,5,0,0,0,38,233,0,0,0
211,Rifle Section,1,0,1,10,242,87,0,0,50,0,8,0,0,0,0,0,9,0,0,0,0,0,0,0,15,8,8,16,0,0,0,0,0,0,0,0,0,0,0,0,0,0,0,0,40,30,39,16,90,9009,0,0,0,0,9,0,0,0,0,0,0,3,0,0,0,0,1,0,0,0,30,3,0,0,0
212,60pdr FH Troop,10,0,2,32,74,74,74,74,40,0,40,0,40,0,40,0,0,0,0,0,0,0,0,0,15,8,8,16,8,8,0,0,0,0,0,0,0,0,0,0,0,0,0,0,92,30,41,90,90,9056,0,2,0,0,3,0,0,0,0,0,255,141,142,0,0,0,1,0,0,0,60,233,0,0,0
213,18pdr FG (AT),6,0,1,6,33,0,0,0,20,50,0,0,0,0,0,0,1,0,0,0,0,0,0,0,12,7,7,13,7,7,0,0,0,0,0,0,0,0,0,0,0,0,0,0,51,36,41,34,90,9047,0,3,0,0,6,0,2,0,0,0,106,3,3,0,0,0,1,0,0,0,30,3,0,0,0
214,Wasp II,17,0,2,4,148,0,0,108,90,0,0,0,0,0,18,0,30,12,12,12,14,12,12,0,12,7,7,13,7,7,0,0,0,0,0,0,0,0,14,0,8,0,0,8,52,44,49,45,90,7725,0,4,0,0,6,0,2,0,0,1,124,145,0,0,0,0,8,0,0,0,208,0,0,0,0
215,25pdr FG Troop,10,0,2,24,63,63,63,63,40,0,40,0,40,0,40,0,0,0,0,0,0,0,0,0,0,0,0,0,0,0,0,0,0,0,0,0,0,0,0,0,0,0,0,0,81,41,49,79,90,672,0,2,0,0,8,0,0,0,0,0,255,2,0,0,0,0,1,0,0,0,34,0,0,0,0
216,NZ Engineers,102,0,1,10,242,85,228,186,50,0,0,4,40,0,4,0,9,0,0,0,0,0,0,0,0,0,0,0,0,0,0,0,0,0,0,0,0,0,0,0,0,0,0,0,20,42,42,26,90,9024,0,0,0,0,9,0,0,0,0,0,0,138,0,0,0,0,1,0,0,0,87,236,0,0,0
217,Sherman I,91,70,4,5,44,177,0,131,47,50,60,0,0,0,60,0,22,51,38,38,95,51,51,18,0,0,0,0,0,0,0,0,0,0,0,0,0,0,56,0,5,28,15,8,91,42,46,96,90,7742,0,4,0,0,5,4,2,0,12,2,230,2,0,0,0,1,10,0,0,0,35,3,0,0,0
218,,0,0,0,0,0,0,0,0,0,0,0,0,0,0,0,0,0,0,0,0,0,0,0,0,0,0,0,0,0,0,0,0,0,0,0,0,0,0,0,0,0,0,0,0,0,0,0,0,0,0,0,0,0,0,0,0,0,0,0,0,0,138,0,0,0,0,1,0,0,0,87,236,0,0,0
219,Platoon Leader,7,0,1,6,242,87,113,0,40,0,10,0,40,0,0,0,9,0,0,0,0,0,0,0,0,0,0,0,0,0,0,0,0,0,0,0,0,0,0,0,0,0,0,0,90,30,41,12,90,9026,0,0,0,0,9,0,0,0,0,0,0,2,0,0,0,0,1,0,0,0,35,3,0,0,0
220,Matilda IV,63,72,3,4,19,179,0,0,23,52,60,0,0,0,0,0,16,78,70,55,82,75,75,18,0,0,0,0,0,0,0,0,0,0,0,0,0,0,28,0,25,11,12,0,90,43,49,86,90,9065,0,4,13,0,6,0,3,0,8,3,228,60,0,0,0,0,10,0,0,0,170,236,0,0,0
221,Matilda II,63,72,3,4,19,179,0,0,0,53,60,0,0,0,0,0,14,78,70,55,82,75,75,18,12,12,12,14,12,12,0,0,0,0,0,0,0,0,28,0,25,11,12,0,91,43,45,88,90,9063,0,4,12,0,6,0,3,0,8,4,226,0,0,0,0,0,1,0,0,0,2,3,0,0,0
222,Morris 15 LRDG+,23,0,3,3,147,136,148,0,60,0,60,0,40,0,0,0,33,0,0,0,0,0,0,0,0,0,0,0,0,0,0,0,0,0,0,0,0,0,0,0,0,0,0,0,93,41,43,16,90,302,0,1,0,0,9,0,1,0,6,3,226,60,213,0,0,0,11,0,0,0,169,0,0,0,0
223,Sherman III,65,70,4,5,45,177,0,0,52,45,60,0,0,0,0,0,26,51,38,38,95,51,51,18,0,0,0,0,0,0,0,0,0,0,0,0,0,0,56,0,5,28,15,8,92,42,45,97,90,384,0,4,0,0,5,4,2,0,8,3,230,0,0,0,0,0,10,0,0,0,1,0,0,0,0
224,Morris 15 LRDG,23,0,3,3,136,246,134,0,60,0,60,0,0,40,0,0,33,0,0,0,0,0,0,0,51,38,38,95,51,51,18,0,0,0,0,0,0,0,0,0,0,0,0,0,91,40,41,14,90,302,0,1,0,0,9,0,1,0,6,3,226,145,0,0,0,0,9,0,0,0,13,0,0,0,0
225,Company HQ,101,0,1,9,242,87,236,0,50,0,10,0,40,0,0,0,9,0,0,0,0,0,0,0,0,0,0,0,0,0,0,0,0,0,0,0,0,0,0,0,0,0,0,0,90,30,49,16,90,7791,0,0,0,0,9,0,0,0,0,0,0,2,0,0,0,0,1,0,0,0,32,0,0,0,0
226,Wagon,75,0,3,2,114,0,0,0,50,0,0,0,0,0,0,0,18,0,0,0,0,0,0,0,0,0,0,0,0,0,0,0,0,0,0,0,0,0,0,0,0,0,0,0,0,30,42,11,90,7044,0,0,0,0,9,0,0,0,112,1,240,144,0,0,0,0,1,0,0,0,15,238,0,0,0
227,Coastal Gun,86,70,6,20,191,74,74,247,120,120,40,0,40,0,100,0,0,203,152,222,105,203,152,105,78,70,55,82,75,75,18,0,0,0,0,0,0,0,18,18,0,12,18,12,52,30,49,254,90,9900,0,4,0,0,7,0,5,0,0,6,255,2,0,0,0,0,6,0,0,0,32,3,0,0,0
228,Coastal Gun,86,70,6,20,191,191,59,59,120,120,40,0,40,0,40,0,0,203,152,222,105,203,152,105,78,70,55,82,75,75,18,0,0,0,0,0,0,0,18,18,0,12,18,12,52,40,49,255,90,9922,0,4,0,0,7,0,5,0,0,6,255,60,0,0,0,0,1,0,0,0,12,238,0,0,0
229,Ammo Carrier,56,0,4,2,0,0,0,0,0,0,0,0,0,0,0,0,18,0,0,0,0,0,0,0,0,0,0,0,0,0,0,0,0,0,0,0,0,0,0,0,0,0,0,0,20,30,37,46,90,7774,0,0,0,0,9,0,0,0,0,1,230,0,0,0,0,0,1,0,0,0,32,3,0,0,0
230,Ammo Carrier,56,0,4,2,0,0,0,0,0,0,0,0,0,0,0,0,18,0,0,0,0,0,0,0,51,38,38,95,51,51,18,0,0,0,0,0,0,0,0,0,0,0,0,0,20,42,49,46,90,8805,0,0,0,0,9,0,0,0,0,1,226,149,0,0,0,0,5,0,0,0,43,238,0,0,0
231,Ammo Carrier,56,0,2,2,0,0,0,0,0,0,0,0,0,0,0,0,18,0,0,0,0,0,0,0,0,0,0,0,0,0,0,0,0,0,0,0,0,0,0,0,0,0,0,0,20,38,42,46,90,7767,0,0,0,0,9,0,0,0,0,1,228,2,0,0,0,0,1,0,0,0,35,3,0,0,0
232,Lt Horse Troop,3,0,2,10,242,87,0,0,50,0,4,0,0,0,0,0,24,0,0,0,0,0,0,0,0,0,0,0,0,0,0,0,0,0,0,0,0,0,0,0,0,0,0,0,13,30,38,19,90,204,0,0,0,0,9,0,0,0,0,0,255,250,130,2,0,0,1,0,0,0,79,237,0,0,0
233,Platoon Leader,7,0,1,6,242,87,236,114,40,0,10,0,40,0,30,0,9,0,0,0,0,0,0,0,0,0,0,0,0,0,0,0,0,0,0,0,0,0,0,0,0,0,0,0,90,41,43,13,90,9026,0,0,0,0,9,0,0,0,0,0,0,1,3,0,0,0,1,0,0,0,35,3,0,0,0
234,Platoon Leader,7,0,1,6,242,87,114,0,40,0,8,0,40,0,0,0,9,0,0,0,0,0,0,0,203,152,222,105,203,152,105,0,0,0,0,0,0,0,0,0,0,0,0,0,90,38,40,12,90,9026,0,0,0,0,9,0,0,0,0,0,0,136,211,0,0,0,1,0,0,0,32,51,0,0,0
235,Platoon Leader,7,0,1,6,243,87,221,114,40,0,10,0,40,0,30,0,9,0,0,0,0,0,0,0,203,152,222,105,203,152,105,0,0,0,0,0,0,0,0,0,0,0,0,0,90,43,49,13,90,9026,0,0,0,0,9,0,0,0,0,0,0,3,3,0,0,0,7,0,0,0,30,1,0,0,0
236,Destroyer,67,0,6,99,187,187,232,249,80,0,80,0,60,40,100,0,0,52,52,52,52,52,52,52,0,0,0,0,0,0,0,0,0,0,0,0,0,0,0,0,0,0,0,0,93,42,49,99,90,902,0,4,0,0,5,0,0,0,0,12,255,250,0,11,0,0,6,0,0,0,152,47,0,0,0
237,FO Team,69,0,0,2,114,0,0,0,40,0,0,0,0,0,0,0,8,0,0,0,0,0,0,0,0,0,0,0,0,0,0,0,0,0,0,0,0,0,0,0,0,0,0,0,91,30,49,21,90,7735,0,0,0,0,9,0,0,0,0,0,0,1,0,0,0,0,1,0,0,0,2,35,0,0,0
238,Aussie Scouts,58,0,1,5,190,87,236,0,40,0,6,0,40,0,0,0,11,0,0,0,0,0,0,0,0,0,0,0,0,0,0,0,0,0,0,0,0,0,0,0,0,0,0,0,91,42,49,11,90,9027,0,0,0,0,9,0,0,0,0,0,0,131,0,0,0,0,1,0,0,0,186,40,105,0,0
239,Recce Team,58,0,0,2,244,87,0,0,40,0,4,0,0,0,0,0,12,0,0,0,0,0,0,0,0,0,0,0,0,0,0,0,0,0,0,0,0,0,0,0,0,0,0,0,91,30,49,9,90,9014,0,0,0,0,9,0,0,0,0,0,0,3,0,0,0,0,1,0,0,0,1,35,0,0,0
240,NZ Scout Patrol,58,0,0,4,190,87,228,0,40,0,4,0,40,0,0,0,12,0,0,0,0,0,0,0,0,0,0,0,0,0,0,0,0,0,0,0,0,0,0,0,0,0,0,0,91,43,49,12,90,8804,0,0,0,0,9,0,0,0,0,0,0,171,0,0,0,0,1,0,0,0,34,40,105,0,0
241,AOP Dingo,57,0,2,2,0,0,0,130,0,0,0,0,0,0,60,0,46,26,18,12,26,18,12,0,0,0,0,0,0,0,0,0,0,0,0,0,0,0,12,8,16,12,8,16,90,42,44,40,90,7724,0,2,0,0,9,0,2,0,6,2,226,3,0,0,0,0,6,0,0,0,30,35,0,0,0
242,Command Car,59,0,2,1,0,0,0,0,0,0,0,0,0,0,0,0,45,4,0,0,0,0,0,0,0,0,0,0,0,0,0,0,0,0,0,0,0,0,0,0,0,0,0,0,93,30,42,6,90,307,0,0,0,0,9,0,0,0,6,1,224,0,239,0,0,0,1,0,0,0,0,252,0,0,0
243,Jungle Patrol,71,0,1,10,143,83,87,0,40,0,4,0,5,0,0,0,11,0,0,0,0,0,0,0,52,52,52,52,52,52,52,0,0,0,0,0,0,0,0,0,0,0,0,0,40,45,49,22,90,9007,0,0,0,0,9,0,0,0,0,0,0,0,0,1,0,0,5,0,0,0,0,0,0,0,0
244,ANZ Commander,55,0,1,6,242,87,0,0,40,0,6,0,0,0,0,0,8,0,0,0,0,0,0,0,0,0,0,0,0,0,0,0,0,0,0,0,0,0,0,0,0,0,0,0,90,30,42,189,90,9000,0,0,0,0,9,0,0,0,0,0,0,0,228,0,0,0,1,0,0,0,0,72,0,0,0
245,ANZ Commander,55,0,1,6,243,87,114,0,40,0,4,0,40,0,0,0,8,0,0,0,0,0,0,0,0,0,0,0,0,0,0,0,0,0,0,0,0,0,0,0,0,0,0,0,90,43,49,190,90,9000,0,0,0,0,9,0,0,0,0,0,0,0,0,0,0,0,1,0,0,0,0,35,0,0,0
246,Assault Boat,42,0,2,2,0,0,0,0,0,0,0,0,0,0,0,0,0,0,0,0,0,0,0,0,0,0,0,0,0,0,0,0,0,0,0,0,0,0,0,0,0,0,0,0,0,30,49,12,90,9031,0,0,0,0,0,0,0,0,20,2,255,67,34,3,0,0,1,0,0,0,211,103,0,0,0
247,Barge,41,0,6,2,0,0,0,0,0,0,0,0,0,0,0,0,0,15,15,15,15,15,15,0,0,0,0,0,0,0,0,0,0,0,0,0,0,0,22,0,30,22,0,30,10,30,49,66,90,9032,0,0,0,0,0,0,0,0,254,6,255,0,2,6,0,0,1,0,0,0,38,30,0,0,0
248,Barge Carrier,48,0,6,6,0,0,0,0,0,0,0,0,0,0,0,0,19,0,0,0,0,0,0,0,26,18,12,26,18,12,0,0,0,0,0,0,0,0,0,0,0,0,0,0,50,30,49,53,90,7783,0,0,0,0,9,0,0,0,0,4,232,131,0,0,0,0,1,0,0,0,237,249,105,0,0
249,Crewmen,54,0,1,4,0,229,0,0,0,0,40,0,0,0,0,0,6,0,0,0,0,0,0,0,4,0,0,0,0,0,0,0,0,0,0,0,0,0,0,0,0,0,0,0,0,30,49,10,90,9036,0,0,0,0,6,0,0,0,0,0,0,3,0,0,0,0,1,0,0,0,3,0,0,0,0
