rid,name,uclass,arm_SK,size,crew,wpn_w1,wpn_w2,wpn_w3,wpn_w4,wpn_ammo_HE1,wpn_ammo_AP1,wpn_ammo_HE2,wpn_ammo_AP2,wpn_ammo_HE3,wpn_ammo_AP3,wpn_ammo_HE4,wpn_ammo_AP4,speed,arm.FH,arm.SH,arm.RH,arm.FT,arm.ST,arm.RT,arm.TP,arm.B07,arm.B08,arm.B09,arm.B10,arm.B11,arm.B12,arm.B13,B46,B47,B48,B49,B50,B51,B52,slp.FH,slp.SH,slp.RH,slp.FT,slp.ST,slp.RT,radio,start_yr,end_yr,cost,nation,lbm,irvis,fc,wpn1_APCRammo,wpn1_HEATammo,rof,stab,rf,B73,load_cap,survive,load_cost,icon,swim,end_mo,smkdev,start_mo,B83,B84,B85,B86,text,sound,B89,B90
1,Renault FT-17,12,60,2,2,196,0,0,0,90,0,0,0,0,0,0,0,8,16,12,10,22,12,12,8,0,0,0,0,0,0,0,0,0,0,0,0,0,0,36,0,20,12,10,14,11,30,41,13,85,230,0,4,0,0,6,0,2,0,0,1,226,991,0,0,0,1,0,0,0,0,230,0,0,0
2,Vickers VIB,12,0,2,3,100,179,0,0,80,0,60,0,0,0,0,0,34,16,12,6,18,12,12,4,0,0,0,0,0,0,0,0,0,0,0,0,0,0,48,0,32,12,8,8,90,38,41,42,85,9956,0,4,0,0,9,0,2,0,4,1,224,503,0,0,1,11,0,0,0,0,9956,0,0,0
3,AEC III,89,0,3,4,105,179,0,0,25,17,60,0,0,0,0,0,40,30,30,11,45,45,45,8,0,0,0,0,0,0,0,0,0,0,0,0,0,0,32,0,24,18,12,8,91,44,45,97,85,9955,0,4,0,0,6,0,4,0,4,2,226,40,0,0,1,10,0,0,0,0,679,0,0,0
4,Humber IV,11,0,2,3,18,179,0,0,20,35,60,0,0,0,0,0,46,15,12,12,15,15,15,8,0,0,0,0,0,0,0,0,0,0,0,0,0,0,28,16,20,30,12,12,91,44,45,53,85,9952,0,4,0,0,7,0,2,0,2,2,224,521,0,0,1,10,0,0,0,0,633,0,0,0
5,Marm-Herr IV,11,0,2,4,20,177,139,0,0,48,60,0,60,0,0,0,50,12,12,9,12,12,12,6,0,0,0,0,0,0,0,0,0,0,0,0,0,0,18,12,34,0,8,8,71,44,44,45,85,9953,0,4,0,0,6,0,3,0,2,2,224,582,0,0,0,10,0,0,0,0,620,0,0,0
6,UK Matilda II,63,72,3,4,20,179,0,0,0,93,60,0,0,0,0,0,14,78,70,55,82,75,75,18,0,0,0,0,0,0,0,0,0,0,0,0,0,0,28,0,25,11,12,0,90,41,41,81,85,638,0,4,0,0,6,0,3,0,8,4,226,495,0,0,1,3,0,0,0,0,638,0,0,0
7,UK Matilda CS,38,72,3,4,35,179,0,0,10,0,60,0,0,0,0,0,16,78,70,55,82,75,75,18,0,0,0,0,0,0,0,0,0,0,0,0,0,0,28,0,25,11,12,0,93,41,41,66,85,654,0,2,0,0,5,0,0,0,6,3,226,495,0,0,1,5,0,0,0,0,654,0,0,0
8,Captured AB40,11,50,2,4,224,210,0,127,90,0,90,0,0,0,60,0,48,15,9,15,20,9,9,6,16,12,10,22,12,12,8,0,0,0,0,0,0,0,45,22,32,16,20,16,91,40,41,34,85,454,0,4,0,0,9,0,2,0,0,4,224,266,0,0,0,11,0,0,0,0,798,0,0,0
9,UK Churchill IV,63,72,3,5,29,179,0,130,0,66,60,0,0,0,60,0,14,95,76,64,89,89,89,22,16,12,6,18,12,12,4,0,0,0,0,0,0,0,25,0,8,0,8,8,90,44,45,109,85,9978,0,4,18,0,6,0,3,0,8,5,228,888,0,0,1,10,0,0,0,0,642,108,0,0
10,UK Churchill CS,15,72,3,5,67,179,0,130,35,0,60,0,0,0,60,0,14,95,76,64,89,89,89,22,30,30,11,45,45,45,8,0,0,0,0,0,0,0,25,0,8,0,8,8,90,44,45,101,85,656,0,4,0,12,5,0,3,0,6,5,228,889,0,0,0,10,0,0,0,0,656,108,0,0
11,Capt'd Sdkf 221,11,0,2,2,176,0,0,0,90,0,0,0,0,0,0,0,48,9,8,5,10,8,8,0,15,12,12,15,15,15,8,0,0,0,0,0,0,0,36,35,31,35,35,35,90,41,44,21,85,137,0,2,0,0,9,0,2,0,0,1,226,435,0,0,1,6,0,0,0,0,137,0,0,0
12,Pz 35-S 739(f),93,72,3,3,22,212,0,0,28,90,60,0,0,0,0,0,22,47,40,30,52,42,42,25,12,12,9,12,12,12,6,0,0,0,0,0,0,0,21,15,30,11,23,22,12,41,44,71,85,232,0,4,0,0,5,0,2,0,6,4,228,579,0,0,0,6,0,0,0,0,232,0,0,0
13,Pz 39H 735(f),93,70,2,2,13,212,0,0,35,65,60,0,0,0,0,0,22,34,34,28,47,40,40,15,78,70,55,82,75,75,18,0,0,0,0,0,0,0,22,15,27,20,30,30,92,41,44,51,85,229,0,4,0,0,5,0,1,0,6,2,226,308,0,0,0,3,0,0,0,0,229,0,0,0
14,UK Sherman III,13,70,4,5,45,139,177,131,52,45,60,0,60,0,60,0,26,51,38,38,95,51,51,18,78,70,55,82,75,75,18,0,0,0,0,0,0,0,56,0,5,28,15,8,90,44,45,102,85,9968,0,4,0,0,5,4,2,0,8,3,230,479,0,0,0,10,0,0,0,0,384,0,0,0
15,UK Sherman V,13,0,4,5,45,139,177,131,47,50,60,0,60,0,60,0,26,64,38,38,103,64,64,21,15,9,15,20,9,9,6,0,0,0,0,0,0,0,42,0,11,38,12,8,90,44,45,120,85,9970,0,4,0,0,5,4,3,0,8,3,230,539,0,0,1,10,0,0,0,0,7769,0,0,0
16,UK VC Firefly,91,50,4,4,38,140,177,0,24,40,60,0,60,0,0,0,26,64,38,38,90,51,64,21,95,76,64,89,89,89,22,0,0,0,0,0,0,0,42,0,11,28,12,8,90,44,45,219,85,648,0,4,12,0,5,0,7,0,8,3,230,515,0,0,1,10,0,0,0,0,648,0,0,0
17,,0,0,0,0,0,0,0,0,0,0,0,0,0,0,0,0,0,0,0,0,0,0,0,0,95,76,64,89,89,89,22,0,0,0,0,0,0,0,0,0,0,0,0,0,0,0,0,0,0,0,0,0,0,0,0,0,0,0,0,0,0,0,0,0,0,1,0,0,0,0,0,0,0,0
18,Bren Carrier,25,0,2,2,109,0,0,133,0,0,0,0,0,0,90,0,30,12,12,12,14,12,12,0,9,8,5,10,8,8,0,0,0,0,0,0,0,0,14,0,8,0,0,0,52,44,49,22,85,9987,0,2,0,0,9,0,2,0,108,2,124,506,0,0,1,10,0,0,0,0,9987,0,0,0
19,Bren Carrier AT,19,0,2,2,109,148,0,134,0,0,60,0,0,0,0,15,30,12,12,12,14,12,12,0,47,40,30,52,42,42,25,0,0,0,0,0,0,0,14,0,8,0,0,0,52,44,49,26,85,9038,0,1,0,0,9,0,1,0,108,2,124,506,0,0,1,10,0,0,0,0,9038,0,0,0
20,37mm AT Gun,6,0,1,6,14,233,0,0,20,40,40,0,0,0,0,0,4,0,0,0,0,0,0,0,34,34,28,47,40,40,15,0,0,0,0,0,0,0,0,0,0,0,0,0,11,39,41,22,85,374,0,2,0,0,8,0,2,0,0,0,106,54,0,0,0,1,0,0,0,0,374,0,0,0
21,2pdr AT Gun,6,0,1,5,20,0,0,0,0,80,0,0,0,0,0,0,1,0,0,0,0,0,0,0,51,38,38,95,51,51,18,0,0,0,0,0,0,0,0,0,0,0,0,0,50,41,42,16,85,669,0,2,0,0,7,0,3,0,0,0,104,54,0,0,0,6,0,0,0,0,669,0,0,0
22,6pdr AT Gun,6,0,1,6,28,0,0,0,0,60,0,0,0,0,0,0,1,0,0,0,0,0,0,0,64,38,38,103,64,64,21,0,0,0,0,0,0,0,0,0,0,0,0,0,61,42,44,26,85,670,0,3,0,0,7,0,3,0,0,0,105,55,0,0,0,5,0,0,0,0,670,0,0,0
23,6pdr AT Gun,6,0,1,6,29,0,0,0,0,44,0,0,0,0,0,0,1,0,0,0,0,0,0,0,64,38,38,90,51,64,21,0,0,0,0,0,0,0,0,0,0,0,0,0,72,44,49,33,85,670,0,3,12,0,7,0,3,0,0,0,105,55,0,0,0,6,0,0,0,0,670,0,0,0
24,40mm AA Gun,8,0,1,8,17,0,0,0,50,20,0,0,0,0,0,0,1,0,0,0,0,0,0,0,0,0,0,0,0,0,0,0,0,0,0,0,0,0,0,0,0,0,0,0,80,41,49,42,85,685,0,3,0,0,8,0,3,0,0,0,108,660,0,0,0,6,0,0,0,0,685,0,0,0
25,65mm Inf Gun,62,0,1,6,31,0,0,0,50,0,0,0,0,0,0,0,4,0,0,0,0,0,0,0,12,12,12,14,12,12,0,0,0,0,0,0,0,0,0,0,0,0,0,0,10,30,41,16,85,7632,0,2,0,0,6,0,1,0,0,0,106,650,0,0,0,1,0,0,0,0,7632,0,0,0
26,75mm AT Gun,6,0,1,5,55,0,0,0,30,30,0,0,0,0,0,0,1,0,0,0,0,0,0,0,12,12,12,14,12,12,0,0,0,0,0,0,0,0,0,0,0,0,0,0,12,39,41,30,85,221,0,3,0,0,6,0,2,0,0,0,106,657,0,0,0,1,0,0,0,0,221,0,0,0
27,75mm Howitzer,9,0,1,8,33,0,0,0,50,0,0,0,0,0,0,0,1,0,0,0,0,0,0,0,0,0,0,0,0,0,0,0,0,0,0,0,0,0,0,0,0,0,0,0,91,30,41,29,85,411,0,2,0,0,6,0,1,0,0,0,108,654,0,0,0,1,0,0,0,0,411,0,0,0
28,25pdr Field Gun,9,0,2,6,63,0,0,0,50,10,0,0,0,0,0,0,1,0,0,0,0,0,0,0,0,0,0,0,0,0,0,0,0,0,0,0,0,0,0,0,0,0,0,0,92,41,49,46,85,672,0,2,0,0,6,0,1,0,0,0,106,661,0,0,0,6,0,0,0,0,672,0,0,0
29,85mm FH Btry,10,0,1,40,217,217,217,217,40,0,40,0,40,0,40,0,0,0,0,0,0,0,0,0,0,0,0,0,0,0,0,0,0,0,0,0,0,0,0,0,0,0,0,0,12,35,41,78,85,8516,0,2,0,0,8,0,0,0,0,0,255,60,0,0,0,1,0,0,0,0,8516,0,0,0
30,Mortar Squad,5,0,1,5,37,227,0,0,50,0,40,0,0,0,0,0,4,0,0,0,0,0,0,0,0,0,0,0,0,0,0,0,0,0,0,0,0,0,0,0,0,0,0,0,80,41,49,28,85,9942,0,2,0,0,8,0,0,0,0,0,0,67,0,0,0,6,0,0,0,0,9942,0,0,0
31,Mortar Squad,5,0,1,5,56,233,0,0,50,0,40,0,0,0,0,0,4,0,0,0,0,0,0,0,0,0,0,0,0,0,0,0,0,0,0,0,0,0,0,0,0,0,0,0,11,30,44,23,85,57,0,2,0,0,8,0,0,0,0,0,0,67,0,0,0,1,0,0,0,0,0,0,0,0
32,Hvy Mortar Sqd,82,0,1,6,72,227,0,0,50,0,40,0,0,0,0,0,1,0,0,0,0,0,0,0,0,0,0,0,0,0,0,0,0,0,0,0,0,0,0,0,0,0,0,0,80,45,49,27,85,9941,0,2,0,0,6,0,0,0,0,0,0,68,0,0,0,1,0,0,0,0,0,0,0,0
33,HMG Squad,81,0,1,6,122,87,233,0,60,0,4,0,40,0,0,0,6,0,0,0,0,0,0,0,0,0,0,0,0,0,0,0,0,0,0,0,0,0,0,0,0,0,0,0,2,30,43,20,85,107,0,3,0,0,9,0,2,0,0,0,0,0,0,0,0,1,0,0,0,0,0,0,0,0
34,MG Squad,4,0,0,4,119,87,204,0,60,0,4,0,40,0,0,0,8,0,0,0,0,0,0,0,0,0,0,0,0,0,0,0,0,0,0,0,0,0,0,0,0,0,0,0,2,41,41,19,85,295,0,2,0,0,9,0,2,0,0,0,0,0,0,0,0,1,0,0,0,0,295,0,0,0
35,MG Squad,4,0,0,4,118,87,227,0,60,0,4,0,40,0,0,0,8,0,0,0,0,0,0,0,0,0,0,0,0,0,0,0,0,0,0,0,0,0,0,0,0,0,0,0,40,41,49,26,85,675,0,3,0,0,9,0,2,0,0,0,0,0,0,0,0,6,0,0,0,0,675,0,0,0
36,AT Mine Team,2,0,0,2,86,233,0,0,0,4,40,0,0,0,0,0,10,0,0,0,0,0,0,0,0,0,0,0,0,0,0,0,0,0,0,0,0,0,0,0,0,0,0,0,0,37,41,7,85,7526,0,0,0,0,9,0,0,0,0,0,0,0,0,0,0,12,0,0,0,0,0,0,0,0
37,AT Rifle Team,2,0,0,2,134,227,0,0,0,40,40,0,0,0,0,0,9,0,0,0,0,0,0,0,0,0,0,0,0,0,0,0,0,0,0,0,0,0,0,0,0,0,0,0,0,41,43,12,85,684,0,0,0,0,9,0,0,0,0,0,0,0,0,0,0,6,0,0,0,0,684,0,0,0
38,PIAT Team,2,0,0,2,90,227,0,0,0,4,40,0,0,0,0,0,9,0,0,0,0,0,0,0,0,0,0,0,0,0,0,0,0,0,0,0,0,0,0,0,0,0,0,0,0,43,49,10,85,9990,0,0,0,0,9,0,0,0,0,0,0,0,0,0,0,7,0,0,0,0,686,0,0,0
39,Infantry Squad,1,0,1,10,213,87,113,248,50,0,10,0,50,0,40,0,9,0,0,0,0,0,0,0,0,0,0,0,0,0,0,0,0,0,0,0,0,0,0,0,0,0,0,0,2,30,41,20,85,8500,0,0,0,0,9,0,0,0,0,0,0,0,0,0,0,1,0,0,0,0,8500,0,0,0
40,Infantry Squad,1,0,1,10,207,91,94,223,50,0,10,0,40,0,10,0,9,0,0,0,0,0,0,0,0,0,0,0,0,0,0,0,0,0,0,0,0,0,0,0,0,0,0,0,2,41,42,19,85,8500,0,0,0,0,9,0,0,0,0,0,0,0,0,0,0,1,0,0,0,0,8500,0,0,0
41,Infantry Squad,1,0,1,10,242,87,97,248,50,0,10,0,50,0,40,0,9,0,0,0,0,0,0,0,0,0,0,0,0,0,0,0,0,0,0,0,0,0,0,0,0,0,0,0,4,41,49,20,85,8500,0,0,0,0,9,0,0,0,0,0,0,0,0,0,0,6,0,0,0,0,8500,0,0,0
42,Infantry Squad,40,0,1,10,242,90,97,87,50,0,0,5,50,0,10,0,9,0,0,0,0,0,0,0,0,0,0,0,0,0,0,0,0,0,0,0,0,0,0,0,0,0,0,0,4,43,45,25,85,8506,0,0,0,0,9,0,0,0,0,0,0,0,0,0,0,7,0,0,0,0,8506,0,0,0
43,Infantry Squad,40,0,1,10,242,87,97,107,50,0,12,0,50,0,12,0,9,0,0,0,0,0,0,0,0,0,0,0,0,0,0,0,0,0,0,0,0,0,0,0,0,0,0,0,4,41,49,20,85,8506,0,0,0,0,9,0,0,0,0,0,0,0,0,0,0,6,0,0,0,0,8506,0,0,0
44,Sniper,45,0,0,1,146,0,0,0,50,0,0,0,0,0,0,0,12,0,0,0,0,0,0,0,0,0,0,0,0,0,0,0,0,0,0,0,0,0,0,0,0,0,0,0,0,30,41,20,85,7305,0,4,0,0,2,0,3,0,0,0,0,0,0,0,0,1,0,0,0,0,8304,0,0,0
45,Ammo Dump,66,0,6,20,213,122,122,0,50,0,60,0,60,0,0,0,0,0,0,0,0,0,0,0,0,0,0,0,0,0,0,0,0,0,0,0,0,0,0,0,0,0,0,0,0,30,41,152,85,9919,0,0,0,0,9,0,0,0,0,0,250,649,0,0,0,1,0,0,0,0,9919,0,0,0
46,105mm FH Btry,10,0,2,32,71,71,71,71,40,0,40,0,40,0,40,0,0,0,0,0,0,0,0,0,0,0,0,0,0,0,0,0,0,0,0,0,0,0,0,0,0,0,0,0,93,30,41,83,85,427,0,2,0,0,6,0,0,0,0,0,255,59,0,0,0,1,0,0,0,0,427,0,0,0
47,75mm FH Btry,10,0,1,32,33,33,33,33,40,0,40,0,40,0,40,0,1,0,0,0,0,0,0,0,0,0,0,0,0,0,0,0,0,0,0,0,0,0,0,0,0,0,0,0,91,30,41,79,85,411,0,2,0,0,8,0,0,0,0,0,255,654,0,0,0,1,0,0,0,0,0,0,0,0
48,Command Post,68,0,5,20,213,87,114,0,50,0,10,0,40,0,0,0,0,0,0,0,0,0,0,0,0,0,0,0,0,0,0,0,0,0,0,0,0,0,0,0,0,0,0,0,92,30,41,138,85,7691,0,0,0,0,9,0,0,0,0,1,250,648,0,0,0,1,0,0,0,0,0,0,0,0
49,Hurricane IIB,44,0,2,1,162,181,0,0,30,12,2,0,0,0,0,0,5,12,1,0,0,0,0,1,0,0,0,0,0,0,0,0,0,0,0,0,0,0,0,0,0,0,0,0,90,41,42,59,85,517,0,4,0,0,9,0,1,0,0,0,255,915,0,0,0,4,0,0,0,0,517,0,0,0
50,Gladiator II,44,0,2,1,162,0,0,0,15,4,0,0,0,0,0,0,4,4,0,0,0,0,0,0,0,0,0,0,0,0,0,0,0,0,0,0,0,0,0,0,0,0,0,0,90,39,41,42,85,7703,0,4,0,0,9,0,1,0,0,0,255,287,0,0,0,9,0,0,0,0,7703,0,0,0
51,155mm FH Btry,10,0,2,40,110,110,110,110,40,0,40,0,40,0,40,0,0,0,0,0,0,0,0,0,0,0,0,0,0,0,0,0,0,0,0,0,0,0,0,0,0,0,0,0,90,35,41,93,85,7614,0,2,0,0,5,0,0,0,0,0,255,665,0,0,0,1,0,0,0,0,7614,0,0,0
52,152mm FG Btry,10,0,2,40,80,80,80,80,40,0,40,0,40,0,40,0,0,0,0,0,0,0,0,0,0,0,0,0,0,0,0,0,0,0,0,0,0,0,0,0,0,0,0,0,90,35,41,93,85,8515,0,2,0,0,5,0,0,0,0,0,255,663,0,0,0,1,0,0,0,0,8515,0,0,0
53,25pdr FG Btry,10,0,2,24,63,63,63,63,40,0,40,0,40,0,40,0,0,0,0,0,0,0,0,0,0,0,0,0,0,0,0,0,0,0,0,0,0,0,0,0,0,0,0,0,90,41,49,80,85,672,0,2,0,0,8,0,0,0,0,0,255,661,0,0,0,6,0,0,0,0,672,0,0,0
54,,0,0,0,0,0,0,0,0,0,0,0,0,0,0,0,0,0,0,0,0,0,0,0,0,0,0,0,0,0,0,0,0,0,0,0,0,0,0,0,0,0,0,0,0,0,0,0,0,0,0,0,0,0,0,0,0,0,0,0,0,0,0,0,0,0,1,0,0,0,0,0,0,0,0
55,Captured M13/40,93,60,3,4,21,210,225,222,27,30,60,0,60,0,60,0,21,30,25,25,54,25,25,14,0,0,0,0,0,0,0,0,0,0,0,0,0,0,30,7,15,16,22,22,12,41,41,60,85,466,0,4,0,0,6,0,2,0,6,2,226,587,0,0,0,1,0,0,0,0,523,0,0,0
56,Captured L3/35,95,60,2,2,0,0,184,0,0,0,0,0,69,0,0,0,28,13,13,13,16,13,13,5,12,1,0,0,0,0,1,0,0,0,0,0,0,0,30,0,8,15,8,8,13,40,41,19,85,462,0,4,0,0,8,0,2,0,2,2,226,1105,0,0,0,12,0,0,0,0,276,0,0,0
57,Sniper,45,0,0,1,145,0,0,0,50,0,0,0,0,0,0,0,12,0,0,0,0,0,0,0,4,0,0,0,0,0,0,0,0,0,0,0,0,0,0,0,0,0,0,0,0,41,49,20,85,7305,0,4,0,0,4,0,3,0,0,0,0,0,0,0,0,6,0,0,0,0,7305,0,0,0
58,P.Z.L. P.24G,44,0,2,1,161,180,0,0,15,4,2,0,0,0,0,0,3,6,0,0,0,0,0,0,0,0,0,0,0,0,0,0,0,0,0,0,0,0,0,0,0,0,0,0,90,37,41,39,85,8501,0,4,0,0,9,0,1,0,0,0,255,1056,0,0,0,1,0,0,0,0,8501,0,0,0
59,Battle Mk I,44,0,3,3,162,181,181,0,30,1,2,0,2,0,0,0,3,7,0,0,0,0,0,0,0,0,0,0,0,0,0,0,0,0,0,0,0,0,0,0,0,0,0,0,92,39,40,50,85,515,0,4,0,0,9,0,1,0,0,0,255,914,0,0,0,4,0,0,0,0,515,0,0,0
60,Engineer Squad,20,0,1,10,213,84,87,0,50,0,0,4,5,0,0,0,9,0,0,0,0,0,0,0,0,0,0,0,0,0,0,0,0,0,0,0,0,0,0,0,0,0,0,0,22,30,43,24,85,8505,0,0,0,0,9,0,0,0,0,0,0,0,0,0,0,1,0,0,0,0,8505,0,0,0
61,Engineer Squad,20,0,1,10,228,87,185,0,50,0,10,0,4,0,0,0,9,0,0,0,0,0,0,0,0,0,0,0,0,0,0,0,0,0,0,0,0,0,0,0,0,0,0,0,22,43,45,23,85,8505,0,0,0,0,9,0,0,0,0,0,0,0,0,0,0,1,0,0,0,0,8505,0,0,0
62,AT Rifle Team,2,0,0,2,142,227,0,0,0,40,40,0,0,0,0,0,8,0,0,0,0,0,0,0,30,25,25,54,25,25,14,0,0,0,0,0,0,0,0,0,0,0,0,0,0,40,41,14,85,734,0,0,0,0,9,0,0,0,0,0,0,0,0,0,0,10,0,0,0,0,734,0,0,0
63,Peerless AC,11,0,2,4,96,96,0,0,60,0,60,0,0,0,0,0,24,9,9,9,9,9,9,6,13,13,13,16,13,13,5,0,0,0,0,0,0,0,12,0,0,0,0,0,12,40,41,15,85,8502,0,4,0,0,6,0,2,0,0,2,224,1055,0,0,0,10,0,0,0,0,8502,0,0,0
64,Steyr M35 ADGZ,89,0,3,5,8,155,0,0,60,0,60,0,0,0,0,0,38,11,11,11,11,11,11,8,0,0,0,0,0,0,0,0,0,0,0,0,0,0,32,9,32,8,0,0,12,40,41,25,85,8503,0,4,0,0,6,0,2,0,0,2,228,622,0,0,0,10,0,0,0,0,8503,0,0,0
65,100mm FH Btry,10,0,1,32,70,70,70,70,40,0,40,0,40,0,40,0,0,0,0,0,0,0,0,0,6,0,0,0,0,0,0,0,0,0,0,0,0,0,0,0,0,0,0,0,92,35,41,80,85,217,0,2,0,0,6,0,0,0,0,0,255,656,0,0,0,1,0,0,0,0,217,0,0,0
66,80mm AA Gun,16,0,3,8,205,0,0,0,40,20,0,0,0,0,0,0,0,0,0,0,0,0,0,0,7,0,0,0,0,0,0,0,0,0,0,0,0,0,0,0,0,0,0,0,52,35,41,78,85,53,0,4,0,0,5,0,5,0,0,0,108,667,0,0,0,1,0,0,0,0,53,0,0,0
67,75mm AA Gun,8,0,3,6,206,0,0,0,40,20,0,0,0,0,0,0,0,0,0,0,0,0,0,0,0,0,0,0,0,0,0,0,0,0,0,0,0,0,0,0,0,0,0,0,11,30,41,55,85,7950,0,3,0,0,6,0,4,0,0,0,106,62,0,0,0,1,0,0,0,0,7950,0,0,0
68,37mm AA Gun,8,0,1,6,11,0,0,0,60,30,0,0,0,0,0,0,1,0,0,0,0,0,0,0,0,0,0,0,0,0,0,0,0,0,0,0,0,0,0,0,0,0,0,0,10,30,41,37,85,109,0,3,0,0,8,0,3,0,0,0,106,64,0,0,0,1,0,0,0,0,109,0,0,0
69,20mm AA Gun,8,0,1,4,147,0,0,0,60,0,0,0,0,0,0,0,1,0,0,0,0,0,0,0,0,0,0,0,0,0,0,0,0,0,0,0,0,0,0,0,0,0,0,0,11,40,41,16,85,289,0,3,0,0,9,0,2,0,0,0,104,658,0,0,0,5,0,0,0,0,0,0,0,0
70,AEC II,89,0,3,4,82,179,0,0,5,40,60,0,0,0,0,0,40,30,30,11,45,45,45,8,9,9,9,9,9,9,6,0,0,0,0,0,0,0,32,0,24,18,12,8,70,43,45,80,85,9954,0,4,0,0,5,0,3,0,4,2,226,833,0,0,1,3,0,0,0,0,678,0,0,0
71,Sm Naval Guns,111,0,3,99,188,188,188,188,40,0,40,0,40,0,40,0,0,99,99,99,99,99,99,99,11,11,11,11,11,11,8,0,0,0,0,0,0,0,0,0,0,0,0,0,93,30,40,100,85,928,0,0,0,0,10,0,0,0,0,0,255,0,0,0,0,1,0,0,0,0,0,0,0,0
72,Med Naval Guns,111,0,4,99,189,189,189,0,40,0,40,0,40,0,0,0,0,99,99,99,99,99,99,99,0,0,0,0,0,0,0,0,0,0,0,0,0,0,0,0,0,0,0,0,93,30,46,83,85,929,0,0,0,0,15,0,0,0,0,0,255,0,0,0,0,1,0,0,0,0,0,0,0,0
73,Engineer Squad,20,0,3,10,242,86,185,0,50,0,0,4,4,0,0,0,9,0,0,0,0,0,0,0,0,0,0,0,0,0,0,0,0,0,0,0,0,0,0,0,0,0,0,0,22,43,45,23,85,8505,0,0,0,0,9,0,0,0,0,0,0,0,0,0,0,1,0,0,0,0,8505,0,0,0
74,P.Z.L. P.24F,44,0,2,1,166,161,180,0,20,2,15,2,2,0,0,0,3,6,0,0,0,0,0,0,0,0,0,0,0,0,0,0,0,0,0,0,0,0,0,0,0,0,0,0,90,37,41,44,85,8501,0,4,0,0,9,0,1,0,0,0,255,1056,0,0,0,1,0,0,0,0,8501,0,0,0
75,ELAS Squad,71,0,1,6,242,90,97,0,40,0,0,3,50,0,0,0,10,0,0,0,0,0,0,0,0,0,0,0,0,0,0,0,0,0,0,0,0,0,0,0,0,0,0,0,2,45,49,20,85,19730,0,0,0,0,9,0,0,0,0,0,0,0,0,0,0,1,0,0,0,0,0,0,0,0
76,ELAS Squad,71,0,1,6,242,85,3,87,40,0,0,3,50,0,6,0,11,0,0,0,0,0,0,0,0,0,0,0,0,0,0,0,0,0,0,0,0,0,0,0,0,0,0,0,2,42,45,21,85,19730,0,0,0,0,9,0,0,0,0,0,0,0,0,0,0,6,0,0,0,0,0,0,0,0
77,ELAS Squad,71,0,1,6,207,88,94,87,40,0,0,12,50,0,6,0,8,0,0,0,0,0,0,0,30,30,11,45,45,45,8,0,0,0,0,0,0,0,0,0,0,0,0,0,2,41,43,18,85,7337,0,0,0,0,9,0,0,0,0,0,0,0,0,0,0,4,0,0,0,0,0,0,0,0
78,EDES Squad,70,0,1,6,242,90,97,0,40,0,0,3,50,0,0,0,10,0,0,0,0,0,0,0,99,99,99,99,99,99,99,0,0,0,0,0,0,0,0,0,0,0,0,0,2,45,45,20,85,19726,0,0,0,0,9,0,0,0,0,0,0,0,0,0,0,1,0,0,0,0,0,0,0,0
79,EDES Squad,70,0,1,6,242,85,3,87,40,0,0,3,50,0,6,0,11,0,0,0,0,0,0,0,99,99,99,99,99,99,99,0,0,0,0,0,0,0,0,0,0,0,0,0,2,42,45,21,85,19726,0,0,0,0,9,0,0,0,0,0,0,0,0,0,0,6,0,0,0,0,0,0,0,0
80,EDES Squad,70,0,1,6,207,88,94,87,40,0,0,12,50,0,12,0,8,0,0,0,0,0,0,0,0,0,0,0,0,0,0,0,0,0,0,0,0,0,0,0,0,0,0,0,2,42,43,19,85,7337,0,0,0,0,9,0,0,0,0,0,0,0,0,0,0,6,0,0,0,0,0,0,0,0
81,Evzones Leader,7,0,1,7,230,114,0,0,40,0,40,0,0,0,0,0,10,0,0,0,0,0,0,0,6,0,0,0,0,0,0,0,0,0,0,0,0,0,0,0,0,0,0,0,93,30,41,11,85,7800,0,0,0,0,9,0,0,0,0,0,0,0,0,0,0,1,0,0,0,0,1004,0,0,0
82,Evzones Command,101,0,1,9,230,115,0,0,50,0,40,0,0,0,0,0,10,0,0,0,0,0,0,0,0,0,0,0,0,0,0,0,0,0,0,0,0,0,0,0,0,0,0,0,90,30,41,15,85,7691,0,0,0,0,9,0,0,0,0,0,0,0,0,0,0,1,0,0,0,0,1007,0,0,0
83,Scout Team,58,0,0,2,228,87,0,0,40,0,4,0,0,0,0,0,12,0,0,0,0,0,0,0,0,0,0,0,0,0,0,0,0,0,0,0,0,0,0,0,0,0,0,0,92,42,49,11,85,8012,0,0,0,0,9,0,0,0,0,0,0,0,0,0,0,6,0,0,0,0,1006,0,0,0
84,Scout Patrol,58,0,0,4,228,87,248,0,40,0,8,0,40,0,0,0,11,0,0,0,0,0,0,0,0,0,0,0,0,0,0,0,0,0,0,0,0,0,0,0,0,0,0,0,92,42,49,13,85,7634,0,0,0,0,9,0,0,0,0,0,0,0,0,0,0,6,0,0,0,0,1006,0,0,0
85,Engineer Squad,20,0,1,10,213,87,185,0,50,0,10,0,4,0,0,0,9,0,0,0,0,0,0,0,0,0,0,0,0,0,0,0,0,0,0,0,0,0,0,0,0,0,0,0,22,30,43,24,85,8505,0,0,0,0,9,0,0,0,0,0,0,0,0,0,0,1,0,0,0,0,8505,0,0,0
86,,0,0,0,0,0,0,0,0,0,0,0,0,0,0,0,0,0,0,0,0,0,0,0,0,0,0,0,0,0,0,0,0,0,0,0,0,0,0,0,0,0,0,0,0,0,0,0,0,0,0,0,0,0,0,0,0,0,0,0,0,0,0,0,0,0,1,0,0,0,0,0,0,0,0
87,,0,0,0,0,0,0,0,0,0,0,0,0,0,0,0,0,0,0,0,0,0,0,0,0,0,0,0,0,0,0,0,0,0,0,0,0,0,0,0,0,0,0,0,0,0,0,0,0,0,0,0,0,0,0,0,0,0,0,0,0,0,0,0,0,0,1,0,0,0,0,0,0,0,0
88,Light Cavalry,3,0,2,10,213,87,248,0,50,0,10,0,40,0,0,0,24,0,0,0,0,0,0,0,0,0,0,0,0,0,0,0,0,0,0,0,0,0,0,0,0,0,0,0,13,30,41,21,85,204,0,0,0,0,9,0,0,0,0,0,255,0,2,0,0,1,0,0,0,0,8508,0,0,0
89,,0,0,0,0,0,0,0,0,0,0,0,0,0,0,0,0,0,0,0,0,0,0,0,0,0,0,0,0,0,0,0,0,0,0,0,0,0,0,0,0,0,0,0,0,0,0,0,0,0,0,0,0,0,0,0,0,0,0,0,0,0,0,0,0,0,1,0,0,0,0,0,0,0,0
90,,0,0,0,0,0,0,0,0,0,0,0,0,0,0,0,0,0,0,0,0,0,0,0,0,0,0,0,0,0,0,0,0,0,0,0,0,0,0,0,0,0,0,0,0,0,0,0,0,0,0,0,0,0,0,0,0,0,0,0,0,0,0,0,0,0,1,0,0,0,0,0,0,0,0
91,,0,0,0,0,0,0,0,0,0,0,0,0,0,0,0,0,0,0,0,0,0,0,0,0,0,0,0,0,0,0,0,0,0,0,0,0,0,0,0,0,0,0,0,0,0,0,0,0,0,0,0,0,0,0,0,0,0,0,0,0,0,0,0,0,0,1,0,0,0,0,0,0,0,0
92,,0,0,0,0,0,0,0,0,0,0,0,0,0,0,0,0,0,0,0,0,0,0,0,0,0,0,0,0,0,0,0,0,0,0,0,0,0,0,0,0,0,0,0,0,0,0,0,0,0,0,0,0,0,0,0,0,0,0,0,0,0,0,0,0,0,1,0,0,0,0,0,0,0,0
93,,0,0,0,0,0,0,0,0,0,0,0,0,0,0,0,0,0,0,0,0,0,0,0,0,0,0,0,0,0,0,0,0,0,0,0,0,0,0,0,0,0,0,0,0,0,0,0,0,0,0,0,0,0,0,0,0,0,0,0,0,0,0,0,0,0,1,0,0,0,0,0,0,0,0
94,,0,0,0,0,0,0,0,0,0,0,0,0,0,0,0,0,0,0,0,0,0,0,0,0,0,0,0,0,0,0,0,0,0,0,0,0,0,0,0,0,0,0,0,0,0,0,0,0,0,0,0,0,0,0,0,0,0,0,0,0,0,0,0,0,0,1,0,0,0,0,0,0,0,0
95,,0,0,0,0,0,0,0,0,0,0,0,0,0,0,0,0,0,0,0,0,0,0,0,0,0,0,0,0,0,0,0,0,0,0,0,0,0,0,0,0,0,0,0,0,0,0,0,0,0,0,0,0,0,0,0,0,0,0,0,0,0,0,0,0,0,1,0,0,0,0,0,0,0,0
96,,0,0,0,0,0,0,0,0,0,0,0,0,0,0,0,0,0,0,0,0,0,0,0,0,0,0,0,0,0,0,0,0,0,0,0,0,0,0,0,0,0,0,0,0,0,0,0,0,0,0,0,0,0,0,0,0,0,0,0,0,0,0,0,0,0,1,0,0,0,0,0,0,0,0
97,,0,0,0,0,0,0,0,0,0,0,0,0,0,0,0,0,0,0,0,0,0,0,0,0,0,0,0,0,0,0,0,0,0,0,0,0,0,0,0,0,0,0,0,0,0,0,0,0,0,0,0,0,0,0,0,0,0,0,0,0,0,0,0,0,0,1,0,0,0,0,0,0,0,0
98,,0,0,0,0,0,0,0,0,0,0,0,0,0,0,0,0,0,0,0,0,0,0,0,0,0,0,0,0,0,0,0,0,0,0,0,0,0,0,0,0,0,0,0,0,0,0,0,0,0,0,0,0,0,0,0,0,0,0,0,0,0,0,0,0,0,1,0,0,0,0,0,0,0,0
99,,0,0,0,0,0,0,0,0,0,0,0,0,0,0,0,0,0,0,0,0,0,0,0,0,0,0,0,0,0,0,0,0,0,0,0,0,0,0,0,0,0,0,0,0,0,0,0,0,0,0,0,0,0,0,0,0,0,0,0,0,0,0,0,0,0,1,0,0,0,0,0,0,0,0
100,,0,0,0,0,0,0,0,0,0,0,0,0,0,0,0,0,0,0,0,0,0,0,0,0,0,0,0,0,0,0,0,0,0,0,0,0,0,0,0,0,0,0,0,0,0,0,0,0,0,0,0,0,0,0,0,0,0,0,0,0,0,0,0,0,0,1,0,0,0,0,0,0,0,0
101,,0,0,0,0,0,0,0,0,0,0,0,0,0,0,0,0,0,0,0,0,0,0,0,0,0,0,0,0,0,0,0,0,0,0,0,0,0,0,0,0,0,0,0,0,0,0,0,0,0,0,0,0,0,0,0,0,0,0,0,0,0,0,0,0,0,1,0,0,0,0,0,0,0,0
102,,0,0,0,0,0,0,0,0,0,0,0,0,0,0,0,0,0,0,0,0,0,0,0,0,0,0,0,0,0,0,0,0,0,0,0,0,0,0,0,0,0,0,0,0,0,0,0,0,0,0,0,0,0,0,0,0,0,0,0,0,0,0,0,0,0,1,0,0,0,0,0,0,0,0
103,,0,0,0,0,0,0,0,0,0,0,0,0,0,0,0,0,0,0,0,0,0,0,0,0,0,0,0,0,0,0,0,0,0,0,0,0,0,0,0,0,0,0,0,0,0,0,0,0,0,0,0,0,0,0,0,0,0,0,0,0,0,0,0,0,0,1,0,0,0,0,0,0,0,0
104,,0,0,0,0,0,0,0,0,0,0,0,0,0,0,0,0,0,0,0,0,0,0,0,0,0,0,0,0,0,0,0,0,0,0,0,0,0,0,0,0,0,0,0,0,0,0,0,0,0,0,0,0,0,0,0,0,0,0,0,0,0,0,0,0,0,1,0,0,0,0,0,0,0,0
105,,0,0,0,0,0,0,0,0,0,0,0,0,0,0,0,0,0,0,0,0,0,0,0,0,0,0,0,0,0,0,0,0,0,0,0,0,0,0,0,0,0,0,0,0,0,0,0,0,0,0,0,0,0,0,0,0,0,0,0,0,0,0,0,0,0,1,0,0,0,0,0,0,0,0
106,,0,0,0,0,0,0,0,0,0,0,0,0,0,0,0,0,0,0,0,0,0,0,0,0,0,0,0,0,0,0,0,0,0,0,0,0,0,0,0,0,0,0,0,0,0,0,0,0,0,0,0,0,0,0,0,0,0,0,0,0,0,0,0,0,0,1,0,0,0,0,0,0,0,0
107,,0,0,0,0,0,0,0,0,0,0,0,0,0,0,0,0,0,0,0,0,0,0,0,0,0,0,0,0,0,0,0,0,0,0,0,0,0,0,0,0,0,0,0,0,0,0,0,0,0,0,0,0,0,0,0,0,0,0,0,0,0,0,0,0,0,1,0,0,0,0,0,0,0,0
108,,0,0,0,0,0,0,0,0,0,0,0,0,0,0,0,0,0,0,0,0,0,0,0,0,0,0,0,0,0,0,0,0,0,0,0,0,0,0,0,0,0,0,0,0,0,0,0,0,0,0,0,0,0,0,0,0,0,0,0,0,0,0,0,0,0,1,0,0,0,0,0,0,0,0
109,,0,0,0,0,0,0,0,0,0,0,0,0,0,0,0,0,0,0,0,0,0,0,0,0,0,0,0,0,0,0,0,0,0,0,0,0,0,0,0,0,0,0,0,0,0,0,0,0,0,0,0,0,0,0,0,0,0,0,0,0,0,0,0,0,0,1,0,0,0,0,0,0,0,0
110,,0,0,0,0,0,0,0,0,0,0,0,0,0,0,0,0,0,0,0,0,0,0,0,0,0,0,0,0,0,0,0,0,0,0,0,0,0,0,0,0,0,0,0,0,0,0,0,0,0,0,0,0,0,0,0,0,0,0,0,0,0,0,0,0,0,1,0,0,0,0,0,0,0,0
111,,0,0,0,0,0,0,0,0,0,0,0,0,0,0,0,0,0,0,0,0,0,0,0,0,0,0,0,0,0,0,0,0,0,0,0,0,0,0,0,0,0,0,0,0,0,0,0,0,0,0,0,0,0,0,0,0,0,0,0,0,0,0,0,0,0,1,0,0,0,0,0,0,0,0
112,,0,0,0,0,0,0,0,0,0,0,0,0,0,0,0,0,0,0,0,0,0,0,0,0,0,0,0,0,0,0,0,0,0,0,0,0,0,0,0,0,0,0,0,0,0,0,0,0,0,0,0,0,0,0,0,0,0,0,0,0,0,0,0,0,0,1,0,0,0,0,0,0,0,0
113,,0,0,0,0,0,0,0,0,0,0,0,0,0,0,0,0,0,0,0,0,0,0,0,0,0,0,0,0,0,0,0,0,0,0,0,0,0,0,0,0,0,0,0,0,0,0,0,0,0,0,0,0,0,0,0,0,0,0,0,0,0,0,0,0,0,1,0,0,0,0,0,0,0,0
114,,0,0,0,0,0,0,0,0,0,0,0,0,0,0,0,0,0,0,0,0,0,0,0,0,0,0,0,0,0,0,0,0,0,0,0,0,0,0,0,0,0,0,0,0,0,0,0,0,0,0,0,0,0,0,0,0,0,0,0,0,0,0,0,0,0,1,0,0,0,0,0,0,0,0
115,,0,0,0,0,0,0,0,0,0,0,0,0,0,0,0,0,0,0,0,0,0,0,0,0,0,0,0,0,0,0,0,0,0,0,0,0,0,0,0,0,0,0,0,0,0,0,0,0,0,0,0,0,0,0,0,0,0,0,0,0,0,0,0,0,0,1,0,0,0,0,0,0,0,0
116,,0,0,0,0,0,0,0,0,0,0,0,0,0,0,0,0,0,0,0,0,0,0,0,0,0,0,0,0,0,0,0,0,0,0,0,0,0,0,0,0,0,0,0,0,0,0,0,0,0,0,0,0,0,0,0,0,0,0,0,0,0,0,0,0,0,1,0,0,0,0,0,0,0,0
117,,0,0,0,0,0,0,0,0,0,0,0,0,0,0,0,0,0,0,0,0,0,0,0,0,0,0,0,0,0,0,0,0,0,0,0,0,0,0,0,0,0,0,0,0,0,0,0,0,0,0,0,0,0,0,0,0,0,0,0,0,0,0,0,0,0,1,0,0,0,0,0,0,0,0
118,,0,0,0,0,0,0,0,0,0,0,0,0,0,0,0,0,0,0,0,0,0,0,0,0,0,0,0,0,0,0,0,0,0,0,0,0,0,0,0,0,0,0,0,0,0,0,0,0,0,0,0,0,0,0,0,0,0,0,0,0,0,0,0,0,0,1,0,0,0,0,0,0,0,0
119,,0,0,0,0,0,0,0,0,0,0,0,0,0,0,0,0,0,0,0,0,0,0,0,0,0,0,0,0,0,0,0,0,0,0,0,0,0,0,0,0,0,0,0,0,0,0,0,0,0,0,0,0,0,0,0,0,0,0,0,0,0,0,0,0,0,1,0,0,0,0,0,0,0,0
120,,0,0,0,0,0,0,0,0,0,0,0,0,0,0,0,0,0,0,0,0,0,0,0,0,0,0,0,0,0,0,0,0,0,0,0,0,0,0,0,0,0,0,0,0,0,0,0,0,0,0,0,0,0,0,0,0,0,0,0,0,0,0,0,0,0,1,0,0,0,0,0,0,0,0
121,,0,0,0,0,0,0,0,0,0,0,0,0,0,0,0,0,0,0,0,0,0,0,0,0,0,0,0,0,0,0,0,0,0,0,0,0,0,0,0,0,0,0,0,0,0,0,0,0,0,0,0,0,0,0,0,0,0,0,0,0,0,0,0,0,0,1,0,0,0,0,0,0,0,0
122,,0,0,0,0,0,0,0,0,0,0,0,0,0,0,0,0,0,0,0,0,0,0,0,0,0,0,0,0,0,0,0,0,0,0,0,0,0,0,0,0,0,0,0,0,0,0,0,0,0,0,0,0,0,0,0,0,0,0,0,0,0,0,0,0,0,1,0,0,0,0,0,0,0,0
123,,0,0,0,0,0,0,0,0,0,0,0,0,0,0,0,0,0,0,0,0,0,0,0,0,0,0,0,0,0,0,0,0,0,0,0,0,0,0,0,0,0,0,0,0,0,0,0,0,0,0,0,0,0,0,0,0,0,0,0,0,0,0,0,0,0,1,0,0,0,0,0,0,0,0
124,,0,0,0,0,0,0,0,0,0,0,0,0,0,0,0,0,0,0,0,0,0,0,0,0,0,0,0,0,0,0,0,0,0,0,0,0,0,0,0,0,0,0,0,0,0,0,0,0,0,0,0,0,0,0,0,0,0,0,0,0,0,0,0,0,0,1,0,0,0,0,0,0,0,0
125,,0,0,0,0,0,0,0,0,0,0,0,0,0,0,0,0,0,0,0,0,0,0,0,0,0,0,0,0,0,0,0,0,0,0,0,0,0,0,0,0,0,0,0,0,0,0,0,0,0,0,0,0,0,0,0,0,0,0,0,0,0,0,0,0,0,1,0,0,0,0,0,0,0,0
126,,0,0,0,0,0,0,0,0,0,0,0,0,0,0,0,0,0,0,0,0,0,0,0,0,0,0,0,0,0,0,0,0,0,0,0,0,0,0,0,0,0,0,0,0,0,0,0,0,0,0,0,0,0,0,0,0,0,0,0,0,0,0,0,0,0,1,0,0,0,0,0,0,0,0
127,,0,0,0,0,0,0,0,0,0,0,0,0,0,0,0,0,0,0,0,0,0,0,0,0,0,0,0,0,0,0,0,0,0,0,0,0,0,0,0,0,0,0,0,0,0,0,0,0,0,0,0,0,0,0,0,0,0,0,0,0,0,0,0,0,0,1,0,0,0,0,0,0,0,0
128,,0,0,0,0,0,0,0,0,0,0,0,0,0,0,0,0,0,0,0,0,0,0,0,0,0,0,0,0,0,0,0,0,0,0,0,0,0,0,0,0,0,0,0,0,0,0,0,0,0,0,0,0,0,0,0,0,0,0,0,0,0,0,0,0,0,1,0,0,0,0,0,0,0,0
129,,0,0,0,0,0,0,0,0,0,0,0,0,0,0,0,0,0,0,0,0,0,0,0,0,0,0,0,0,0,0,0,0,0,0,0,0,0,0,0,0,0,0,0,0,0,0,0,0,0,0,0,0,0,0,0,0,0,0,0,0,0,0,0,0,0,1,0,0,0,0,0,0,0,0
130,,0,0,0,0,0,0,0,0,0,0,0,0,0,0,0,0,0,0,0,0,0,0,0,0,0,0,0,0,0,0,0,0,0,0,0,0,0,0,0,0,0,0,0,0,0,0,0,0,0,0,0,0,0,0,0,0,0,0,0,0,0,0,0,0,0,1,0,0,0,0,0,0,0,0
131,,0,0,0,0,0,0,0,0,0,0,0,0,0,0,0,0,0,0,0,0,0,0,0,0,0,0,0,0,0,0,0,0,0,0,0,0,0,0,0,0,0,0,0,0,0,0,0,0,0,0,0,0,0,0,0,0,0,0,0,0,0,0,0,0,0,1,0,0,0,0,0,0,0,0
132,,0,0,0,0,0,0,0,0,0,0,0,0,0,0,0,0,0,0,0,0,0,0,0,0,0,0,0,0,0,0,0,0,0,0,0,0,0,0,0,0,0,0,0,0,0,0,0,0,0,0,0,0,0,0,0,0,0,0,0,0,0,0,0,0,0,1,0,0,0,0,0,0,0,0
133,,0,0,0,0,0,0,0,0,0,0,0,0,0,0,0,0,0,0,0,0,0,0,0,0,0,0,0,0,0,0,0,0,0,0,0,0,0,0,0,0,0,0,0,0,0,0,0,0,0,0,0,0,0,0,0,0,0,0,0,0,0,0,0,0,0,1,0,0,0,0,0,0,0,0
134,,0,0,0,0,0,0,0,0,0,0,0,0,0,0,0,0,0,0,0,0,0,0,0,0,0,0,0,0,0,0,0,0,0,0,0,0,0,0,0,0,0,0,0,0,0,0,0,0,0,0,0,0,0,0,0,0,0,0,0,0,0,0,0,0,0,1,0,0,0,0,0,0,0,0
135,,0,0,0,0,0,0,0,0,0,0,0,0,0,0,0,0,0,0,0,0,0,0,0,0,0,0,0,0,0,0,0,0,0,0,0,0,0,0,0,0,0,0,0,0,0,0,0,0,0,0,0,0,0,0,0,0,0,0,0,0,0,0,0,0,0,1,0,0,0,0,0,0,0,0
136,,0,0,0,0,0,0,0,0,0,0,0,0,0,0,0,0,0,0,0,0,0,0,0,0,0,0,0,0,0,0,0,0,0,0,0,0,0,0,0,0,0,0,0,0,0,0,0,0,0,0,0,0,0,0,0,0,0,0,0,0,0,0,0,0,0,1,0,0,0,0,0,0,0,0
137,,0,0,0,0,0,0,0,0,0,0,0,0,0,0,0,0,0,0,0,0,0,0,0,0,0,0,0,0,0,0,0,0,0,0,0,0,0,0,0,0,0,0,0,0,0,0,0,0,0,0,0,0,0,0,0,0,0,0,0,0,0,0,0,0,0,1,0,0,0,0,0,0,0,0
138,,0,0,0,0,0,0,0,0,0,0,0,0,0,0,0,0,0,0,0,0,0,0,0,0,0,0,0,0,0,0,0,0,0,0,0,0,0,0,0,0,0,0,0,0,0,0,0,0,0,0,0,0,0,0,0,0,0,0,0,0,0,0,0,0,0,1,0,0,0,0,0,0,0,0
139,,0,0,0,0,0,0,0,0,0,0,0,0,0,0,0,0,0,0,0,0,0,0,0,0,0,0,0,0,0,0,0,0,0,0,0,0,0,0,0,0,0,0,0,0,0,0,0,0,0,0,0,0,0,0,0,0,0,0,0,0,0,0,0,0,0,1,0,0,0,0,0,0,0,0
140,,0,0,0,0,0,0,0,0,0,0,0,0,0,0,0,0,0,0,0,0,0,0,0,0,0,0,0,0,0,0,0,0,0,0,0,0,0,0,0,0,0,0,0,0,0,0,0,0,0,0,0,0,0,0,0,0,0,0,0,0,0,0,0,0,0,1,0,0,0,0,0,0,0,0
141,,0,0,0,0,0,0,0,0,0,0,0,0,0,0,0,0,0,0,0,0,0,0,0,0,0,0,0,0,0,0,0,0,0,0,0,0,0,0,0,0,0,0,0,0,0,0,0,0,0,0,0,0,0,0,0,0,0,0,0,0,0,0,0,0,0,1,0,0,0,0,0,0,0,0
142,,0,0,0,0,0,0,0,0,0,0,0,0,0,0,0,0,0,0,0,0,0,0,0,0,0,0,0,0,0,0,0,0,0,0,0,0,0,0,0,0,0,0,0,0,0,0,0,0,0,0,0,0,0,0,0,0,0,0,0,0,0,0,0,0,0,1,0,0,0,0,0,0,0,0
143,,0,0,0,0,0,0,0,0,0,0,0,0,0,0,0,0,0,0,0,0,0,0,0,0,0,0,0,0,0,0,0,0,0,0,0,0,0,0,0,0,0,0,0,0,0,0,0,0,0,0,0,0,0,0,0,0,0,0,0,0,0,0,0,0,0,1,0,0,0,0,0,0,0,0
144,,0,0,0,0,0,0,0,0,0,0,0,0,0,0,0,0,0,0,0,0,0,0,0,0,0,0,0,0,0,0,0,0,0,0,0,0,0,0,0,0,0,0,0,0,0,0,0,0,0,0,0,0,0,0,0,0,0,0,0,0,0,0,0,0,0,1,0,0,0,0,0,0,0,0
145,,0,0,0,0,0,0,0,0,0,0,0,0,0,0,0,0,0,0,0,0,0,0,0,0,0,0,0,0,0,0,0,0,0,0,0,0,0,0,0,0,0,0,0,0,0,0,0,0,0,0,0,0,0,0,0,0,0,0,0,0,0,0,0,0,0,1,0,0,0,0,0,0,0,0
146,,0,0,0,0,0,0,0,0,0,0,0,0,0,0,0,0,0,0,0,0,0,0,0,0,0,0,0,0,0,0,0,0,0,0,0,0,0,0,0,0,0,0,0,0,0,0,0,0,0,0,0,0,0,0,0,0,0,0,0,0,0,0,0,0,0,1,0,0,0,0,0,0,0,0
147,,0,0,0,0,0,0,0,0,0,0,0,0,0,0,0,0,0,0,0,0,0,0,0,0,0,0,0,0,0,0,0,0,0,0,0,0,0,0,0,0,0,0,0,0,0,0,0,0,0,0,0,0,0,0,0,0,0,0,0,0,0,0,0,0,0,1,0,0,0,0,0,0,0,0
148,,0,0,0,0,0,0,0,0,0,0,0,0,0,0,0,0,0,0,0,0,0,0,0,0,0,0,0,0,0,0,0,0,0,0,0,0,0,0,0,0,0,0,0,0,0,0,0,0,0,0,0,0,0,0,0,0,0,0,0,0,0,0,0,0,0,1,0,0,0,0,0,0,0,0
149,,0,0,0,0,0,0,0,0,0,0,0,0,0,0,0,0,0,0,0,0,0,0,0,0,0,0,0,0,0,0,0,0,0,0,0,0,0,0,0,0,0,0,0,0,0,0,0,0,0,0,0,0,0,0,0,0,0,0,0,0,0,0,0,0,0,1,0,0,0,0,0,0,0,0
150,,0,0,0,0,0,0,0,0,0,0,0,0,0,0,0,0,0,0,0,0,0,0,0,0,0,0,0,0,0,0,0,0,0,0,0,0,0,0,0,0,0,0,0,0,0,0,0,0,0,0,0,0,0,0,0,0,0,0,0,0,0,0,0,0,0,1,0,0,0,0,0,0,0,0
151,,0,0,0,0,0,0,0,0,0,0,0,0,0,0,0,0,0,0,0,0,0,0,0,0,0,0,0,0,0,0,0,0,0,0,0,0,0,0,0,0,0,0,0,0,0,0,0,0,0,0,0,0,0,0,0,0,0,0,0,0,0,0,0,0,0,1,0,0,0,0,0,0,0,0
152,,0,0,0,0,0,0,0,0,0,0,0,0,0,0,0,0,0,0,0,0,0,0,0,0,0,0,0,0,0,0,0,0,0,0,0,0,0,0,0,0,0,0,0,0,0,0,0,0,0,0,0,0,0,0,0,0,0,0,0,0,0,0,0,0,0,1,0,0,0,0,0,0,0,0
153,,0,0,0,0,0,0,0,0,0,0,0,0,0,0,0,0,0,0,0,0,0,0,0,0,0,0,0,0,0,0,0,0,0,0,0,0,0,0,0,0,0,0,0,0,0,0,0,0,0,0,0,0,0,0,0,0,0,0,0,0,0,0,0,0,0,1,0,0,0,0,0,0,0,0
154,,0,0,0,0,0,0,0,0,0,0,0,0,0,0,0,0,0,0,0,0,0,0,0,0,0,0,0,0,0,0,0,0,0,0,0,0,0,0,0,0,0,0,0,0,0,0,0,0,0,0,0,0,0,0,0,0,0,0,0,0,0,0,0,0,0,1,0,0,0,0,0,0,0,0
155,,0,0,0,0,0,0,0,0,0,0,0,0,0,0,0,0,0,0,0,0,0,0,0,0,0,0,0,0,0,0,0,0,0,0,0,0,0,0,0,0,0,0,0,0,0,0,0,0,0,0,0,0,0,0,0,0,0,0,0,0,0,0,0,0,0,1,0,0,0,0,0,0,0,0
156,,0,0,0,0,0,0,0,0,0,0,0,0,0,0,0,0,0,0,0,0,0,0,0,0,0,0,0,0,0,0,0,0,0,0,0,0,0,0,0,0,0,0,0,0,0,0,0,0,0,0,0,0,0,0,0,0,0,0,0,0,0,0,0,0,0,1,0,0,0,0,0,0,0,0
157,,0,0,0,0,0,0,0,0,0,0,0,0,0,0,0,0,0,0,0,0,0,0,0,0,0,0,0,0,0,0,0,0,0,0,0,0,0,0,0,0,0,0,0,0,0,0,0,0,0,0,0,0,0,0,0,0,0,0,0,0,0,0,0,0,0,1,0,0,0,0,0,0,0,0
158,,0,0,0,0,0,0,0,0,0,0,0,0,0,0,0,0,0,0,0,0,0,0,0,0,0,0,0,0,0,0,0,0,0,0,0,0,0,0,0,0,0,0,0,0,0,0,0,0,0,0,0,0,0,0,0,0,0,0,0,0,0,0,0,0,0,1,0,0,0,0,0,0,0,0
159,,0,0,0,0,0,0,0,0,0,0,0,0,0,0,0,0,0,0,0,0,0,0,0,0,0,0,0,0,0,0,0,0,0,0,0,0,0,0,0,0,0,0,0,0,0,0,0,0,0,0,0,0,0,0,0,0,0,0,0,0,0,0,0,0,0,1,0,0,0,0,0,0,0,0
160,,0,0,0,0,0,0,0,0,0,0,0,0,0,0,0,0,0,0,0,0,0,0,0,0,0,0,0,0,0,0,0,0,0,0,0,0,0,0,0,0,0,0,0,0,0,0,0,0,0,0,0,0,0,0,0,0,0,0,0,0,0,0,0,0,0,1,0,0,0,0,0,0,0,0
161,,0,0,0,0,0,0,0,0,0,0,0,0,0,0,0,0,0,0,0,0,0,0,0,0,0,0,0,0,0,0,0,0,0,0,0,0,0,0,0,0,0,0,0,0,0,0,0,0,0,0,0,0,0,0,0,0,0,0,0,0,0,0,0,0,0,1,0,0,0,0,0,0,0,0
162,,0,0,0,0,0,0,0,0,0,0,0,0,0,0,0,0,0,0,0,0,0,0,0,0,0,0,0,0,0,0,0,0,0,0,0,0,0,0,0,0,0,0,0,0,0,0,0,0,0,0,0,0,0,0,0,0,0,0,0,0,0,0,0,0,0,1,0,0,0,0,0,0,0,0
163,,0,0,0,0,0,0,0,0,0,0,0,0,0,0,0,0,0,0,0,0,0,0,0,0,0,0,0,0,0,0,0,0,0,0,0,0,0,0,0,0,0,0,0,0,0,0,0,0,0,0,0,0,0,0,0,0,0,0,0,0,0,0,0,0,0,1,0,0,0,0,0,0,0,0
164,,0,0,0,0,0,0,0,0,0,0,0,0,0,0,0,0,0,0,0,0,0,0,0,0,0,0,0,0,0,0,0,0,0,0,0,0,0,0,0,0,0,0,0,0,0,0,0,0,0,0,0,0,0,0,0,0,0,0,0,0,0,0,0,0,0,1,0,0,0,0,0,0,0,0
165,,0,0,0,0,0,0,0,0,0,0,0,0,0,0,0,0,0,0,0,0,0,0,0,0,0,0,0,0,0,0,0,0,0,0,0,0,0,0,0,0,0,0,0,0,0,0,0,0,0,0,0,0,0,0,0,0,0,0,0,0,0,0,0,0,0,1,0,0,0,0,0,0,0,0
166,,0,0,0,0,0,0,0,0,0,0,0,0,0,0,0,0,0,0,0,0,0,0,0,0,0,0,0,0,0,0,0,0,0,0,0,0,0,0,0,0,0,0,0,0,0,0,0,0,0,0,0,0,0,0,0,0,0,0,0,0,0,0,0,0,0,1,0,0,0,0,0,0,0,0
167,,0,0,0,0,0,0,0,0,0,0,0,0,0,0,0,0,0,0,0,0,0,0,0,0,0,0,0,0,0,0,0,0,0,0,0,0,0,0,0,0,0,0,0,0,0,0,0,0,0,0,0,0,0,0,0,0,0,0,0,0,0,0,0,0,0,1,0,0,0,0,0,0,0,0
168,,0,0,0,0,0,0,0,0,0,0,0,0,0,0,0,0,0,0,0,0,0,0,0,0,0,0,0,0,0,0,0,0,0,0,0,0,0,0,0,0,0,0,0,0,0,0,0,0,0,0,0,0,0,0,0,0,0,0,0,0,0,0,0,0,0,1,0,0,0,0,0,0,0,0
169,,0,0,0,0,0,0,0,0,0,0,0,0,0,0,0,0,0,0,0,0,0,0,0,0,0,0,0,0,0,0,0,0,0,0,0,0,0,0,0,0,0,0,0,0,0,0,0,0,0,0,0,0,0,0,0,0,0,0,0,0,0,0,0,0,0,1,0,0,0,0,0,0,0,0
170,,0,0,0,0,0,0,0,0,0,0,0,0,0,0,0,0,0,0,0,0,0,0,0,0,0,0,0,0,0,0,0,0,0,0,0,0,0,0,0,0,0,0,0,0,0,0,0,0,0,0,0,0,0,0,0,0,0,0,0,0,0,0,0,0,0,1,0,0,0,0,0,0,0,0
171,,0,0,0,0,0,0,0,0,0,0,0,0,0,0,0,0,0,0,0,0,0,0,0,0,0,0,0,0,0,0,0,0,0,0,0,0,0,0,0,0,0,0,0,0,0,0,0,0,0,0,0,0,0,0,0,0,0,0,0,0,0,0,0,0,0,1,0,0,0,0,0,0,0,0
172,,0,0,0,0,0,0,0,0,0,0,0,0,0,0,0,0,0,0,0,0,0,0,0,0,0,0,0,0,0,0,0,0,0,0,0,0,0,0,0,0,0,0,0,0,0,0,0,0,0,0,0,0,0,0,0,0,0,0,0,0,0,0,0,0,0,1,0,0,0,0,0,0,0,0
173,,0,0,0,0,0,0,0,0,0,0,0,0,0,0,0,0,0,0,0,0,0,0,0,0,0,0,0,0,0,0,0,0,0,0,0,0,0,0,0,0,0,0,0,0,0,0,0,0,0,0,0,0,0,0,0,0,0,0,0,0,0,0,0,0,0,1,0,0,0,0,0,0,0,0
174,,0,0,0,0,0,0,0,0,0,0,0,0,0,0,0,0,0,0,0,0,0,0,0,0,0,0,0,0,0,0,0,0,0,0,0,0,0,0,0,0,0,0,0,0,0,0,0,0,0,0,0,0,0,0,0,0,0,0,0,0,0,0,0,0,0,1,0,0,0,0,0,0,0,0
175,,0,0,0,0,0,0,0,0,0,0,0,0,0,0,0,0,0,0,0,0,0,0,0,0,0,0,0,0,0,0,0,0,0,0,0,0,0,0,0,0,0,0,0,0,0,0,0,0,0,0,0,0,0,0,0,0,0,0,0,0,0,0,0,0,0,1,0,0,0,0,0,0,0,0
176,,0,0,0,0,0,0,0,0,0,0,0,0,0,0,0,0,0,0,0,0,0,0,0,0,0,0,0,0,0,0,0,0,0,0,0,0,0,0,0,0,0,0,0,0,0,0,0,0,0,0,0,0,0,0,0,0,0,0,0,0,0,0,0,0,0,1,0,0,0,0,0,0,0,0
177,,0,0,0,0,0,0,0,0,0,0,0,0,0,0,0,0,0,0,0,0,0,0,0,0,0,0,0,0,0,0,0,0,0,0,0,0,0,0,0,0,0,0,0,0,0,0,0,0,0,0,0,0,0,0,0,0,0,0,0,0,0,0,0,0,0,1,0,0,0,0,0,0,0,0
178,,0,0,0,0,0,0,0,0,0,0,0,0,0,0,0,0,0,0,0,0,0,0,0,0,0,0,0,0,0,0,0,0,0,0,0,0,0,0,0,0,0,0,0,0,0,0,0,0,0,0,0,0,0,0,0,0,0,0,0,0,0,0,0,0,0,1,0,0,0,0,0,0,0,0
179,,0,0,0,0,0,0,0,0,0,0,0,0,0,0,0,0,0,0,0,0,0,0,0,0,0,0,0,0,0,0,0,0,0,0,0,0,0,0,0,0,0,0,0,0,0,0,0,0,0,0,0,0,0,0,0,0,0,0,0,0,0,0,0,0,0,1,0,0,0,0,0,0,0,0
180,,0,0,0,0,0,0,0,0,0,0,0,0,0,0,0,0,0,0,0,0,0,0,0,0,0,0,0,0,0,0,0,0,0,0,0,0,0,0,0,0,0,0,0,0,0,0,0,0,0,0,0,0,0,0,0,0,0,0,0,0,0,0,0,0,0,1,0,0,0,0,0,0,0,0
181,,0,0,0,0,0,0,0,0,0,0,0,0,0,0,0,0,0,0,0,0,0,0,0,0,0,0,0,0,0,0,0,0,0,0,0,0,0,0,0,0,0,0,0,0,0,0,0,0,0,0,0,0,0,0,0,0,0,0,0,0,0,0,0,0,0,1,0,0,0,0,0,0,0,0
182,,0,0,0,0,0,0,0,0,0,0,0,0,0,0,0,0,0,0,0,0,0,0,0,0,0,0,0,0,0,0,0,0,0,0,0,0,0,0,0,0,0,0,0,0,0,0,0,0,0,0,0,0,0,0,0,0,0,0,0,0,0,0,0,0,0,1,0,0,0,0,0,0,0,0
183,,0,0,0,0,0,0,0,0,0,0,0,0,0,0,0,0,0,0,0,0,0,0,0,0,0,0,0,0,0,0,0,0,0,0,0,0,0,0,0,0,0,0,0,0,0,0,0,0,0,0,0,0,0,0,0,0,0,0,0,0,0,0,0,0,0,1,0,0,0,0,0,0,0,0
184,,0,0,0,0,0,0,0,0,0,0,0,0,0,0,0,0,0,0,0,0,0,0,0,0,0,0,0,0,0,0,0,0,0,0,0,0,0,0,0,0,0,0,0,0,0,0,0,0,0,0,0,0,0,0,0,0,0,0,0,0,0,0,0,0,0,1,0,0,0,0,0,0,0,0
185,Bunker,0,70,2,10,242,118,118,97,50,0,90,0,90,0,50,0,0,60,60,60,20,120,120,180,0,0,0,0,0,0,0,0,0,0,0,0,0,0,0,0,0,0,0,0,90,41,49,68,85,120,0,0,0,0,9,0,5,0,0,3,255,679,0,0,0,6,0,0,0,0,0,0,0,0
186,Bunker,0,70,2,10,213,122,122,215,50,0,90,0,90,0,40,0,0,60,60,60,20,120,120,180,0,0,0,0,0,0,0,0,0,0,0,0,0,0,0,0,0,0,0,0,90,30,41,68,85,120,0,0,0,0,9,0,5,0,0,3,255,682,0,0,0,1,0,0,0,0,0,0,0,0
187,Obs Post,0,70,0,4,243,87,144,0,50,0,7,0,40,0,0,0,0,105,105,105,76,152,152,51,0,0,0,0,0,0,0,0,0,0,0,0,0,0,12,22,22,0,22,22,82,30,49,110,85,7735,0,0,0,0,9,0,5,0,0,5,255,683,0,0,0,1,0,0,0,0,0,0,0,0
188,Blockhouse,0,70,3,15,243,87,122,16,50,0,20,0,90,0,30,0,0,105,76,76,0,105,105,51,0,0,0,0,0,0,0,0,0,0,0,0,0,0,10,10,10,0,10,10,92,30,49,85,85,9911,0,0,0,0,9,0,5,0,0,5,255,681,0,0,0,1,0,0,0,0,0,0,0,0
189,Redoubt,0,70,4,20,71,16,16,122,80,0,30,30,30,30,90,0,0,152,152,152,76,105,105,76,0,0,0,0,0,0,0,0,0,0,0,0,0,0,18,18,18,5,22,22,92,30,49,228,85,9912,0,4,0,0,4,0,5,0,0,6,255,679,0,0,0,1,0,0,0,0,0,0,0,0
190,Pillbox,0,70,2,12,31,20,240,245,80,0,0,60,40,0,50,0,0,105,76,51,38,76,51,38,0,0,0,0,0,0,0,0,0,0,0,0,0,0,15,15,15,0,15,15,30,30,42,133,85,994,0,4,0,0,8,0,5,0,0,3,255,688,0,0,0,1,0,0,0,0,0,0,0,0
191,Pillbox,0,70,1,12,29,122,245,0,0,80,90,0,50,0,0,0,0,105,76,76,38,76,76,51,0,0,0,0,0,0,0,0,0,0,0,0,0,0,0,0,0,0,0,0,30,42,49,115,85,9904,0,4,0,0,7,0,5,0,0,2,255,686,0,0,0,1,0,0,0,0,0,0,0,0
192,Pillbox,0,70,4,12,70,20,114,114,60,0,0,70,40,0,40,0,0,152,105,105,76,105,105,76,60,60,60,20,120,120,180,0,0,0,0,0,0,0,5,18,18,5,18,18,30,42,49,156,85,9905,0,4,0,0,7,0,5,0,0,5,255,687,0,0,0,1,0,0,0,0,0,0,0,0
193,HQ Bunker,0,70,1,20,33,122,245,223,60,0,90,0,50,0,50,0,0,76,76,52,38,104,104,38,60,60,60,20,120,120,180,0,0,0,0,0,0,0,0,0,0,0,0,0,90,30,49,122,85,9909,0,4,0,0,9,0,5,0,0,3,255,683,0,0,0,1,0,0,0,0,0,0,0,0
194,MG Nest,0,70,1,12,246,87,245,245,50,0,15,0,50,0,50,0,0,76,51,51,0,51,51,38,105,105,105,76,152,152,51,0,0,0,0,0,0,0,0,0,0,0,0,0,30,30,49,56,85,9903,0,0,0,0,9,0,5,0,0,1,255,695,0,0,0,1,0,0,0,0,0,0,0,0
195,Rifle Pit,0,70,1,5,243,87,245,0,50,0,10,0,50,0,0,0,0,38,38,38,0,51,51,25,105,76,76,0,105,105,51,0,0,0,0,0,0,0,0,0,0,0,0,0,30,30,42,44,85,9901,0,0,0,0,9,0,5,0,0,1,255,689,0,0,0,1,0,0,0,0,0,0,0,0
196,Rifle Bunker,0,70,2,10,243,87,245,114,50,0,15,0,40,0,40,0,0,51,51,38,18,76,76,38,152,152,152,76,105,105,76,0,0,0,0,0,0,0,0,0,0,0,0,0,20,30,49,54,85,120,0,0,0,0,9,0,5,0,0,2,255,681,0,0,0,1,0,0,0,0,0,0,0,0
197,MG Bunker,0,70,1,9,122,87,245,240,90,0,20,0,50,0,40,0,0,76,51,51,15,51,51,38,105,76,51,38,76,51,38,0,0,0,0,0,0,0,22,22,22,0,22,22,31,30,49,83,85,9901,0,3,0,0,9,0,5,0,0,1,255,682,0,0,0,1,0,0,0,0,0,0,0,0
198,Strongpoint,0,70,5,20,80,122,244,20,80,0,90,0,90,0,0,60,0,152,105,105,76,105,105,76,105,76,76,38,76,76,51,0,0,0,0,0,0,0,0,0,0,0,0,0,90,30,49,153,85,7064,0,4,0,0,4,0,5,0,0,6,255,690,0,0,0,1,0,0,0,0,0,0,0,0
199,Bunker,0,70,4,20,14,122,113,113,90,0,90,0,90,0,40,0,0,76,76,76,0,105,105,51,152,105,105,76,105,105,76,0,0,0,0,0,0,0,15,15,15,0,15,15,72,30,49,116,85,9908,0,4,0,0,9,0,5,0,0,5,255,685,0,0,0,1,0,0,0,0,0,0,0,0
200,Emplacement,0,70,1,20,35,122,241,87,80,0,90,0,60,0,10,0,0,51,51,51,15,76,76,38,76,76,52,38,104,104,38,0,0,0,0,0,0,0,0,0,0,0,0,0,52,30,49,102,85,9921,0,4,0,0,6,0,5,0,0,4,255,83,0,0,0,1,0,0,0,0,0,0,0,0
201,Casemate,0,70,2,20,71,244,0,0,120,0,180,0,0,0,0,0,0,152,152,76,51,107,76,51,76,51,51,0,51,51,38,0,0,0,0,0,0,0,0,18,5,22,22,22,92,30,49,141,85,9916,0,4,0,0,5,0,5,0,0,4,255,686,0,0,0,1,0,0,0,0,0,0,0,0
202,Coastal Gun,86,70,6,20,187,244,0,0,120,30,180,0,0,0,0,0,0,152,105,222,76,105,105,76,38,38,38,0,51,51,25,0,0,0,0,0,0,0,18,18,0,12,18,18,90,30,49,138,85,9900,0,4,0,0,4,0,5,0,0,6,255,691,0,0,0,1,0,0,0,0,0,0,0,0
203,Coastal Gun,86,70,6,16,70,122,0,0,80,0,80,0,0,0,0,0,0,105,76,222,51,105,76,51,51,51,38,18,76,76,38,0,0,0,0,0,0,0,18,18,0,18,18,18,90,30,49,129,85,9906,0,4,0,0,6,0,5,0,0,6,255,83,0,0,0,1,0,0,0,0,0,0,0,0
204,Coastal Gun,86,70,6,20,193,244,244,0,80,0,90,0,90,0,0,0,0,203,152,222,105,203,152,105,76,51,51,15,51,51,38,0,0,0,0,0,0,0,18,18,0,12,18,12,90,30,49,190,85,9906,0,4,0,0,4,0,5,0,0,6,255,693,0,0,0,1,0,0,0,0,0,0,0,0
205,IG Bunker,0,70,1,15,31,245,245,243,80,0,50,0,50,0,40,0,0,105,76,76,38,76,76,76,152,105,105,76,105,105,76,0,0,0,0,0,0,0,22,22,22,0,22,22,90,30,49,124,85,9907,0,4,0,0,8,0,5,0,0,4,255,688,0,0,0,1,0,0,0,0,0,0,0,0
206,AT Bunker,0,50,2,8,21,244,142,0,0,80,90,0,0,32,0,0,0,105,76,51,38,76,51,38,76,76,76,0,105,105,51,0,0,0,0,0,0,0,22,34,22,0,34,22,32,38,49,122,85,9904,0,4,0,0,7,0,5,0,0,5,255,680,0,0,0,1,0,0,0,0,0,0,0,0
207,LMG Team,51,0,0,3,97,87,227,0,50,0,6,0,50,0,0,0,9,0,0,0,0,0,0,0,51,51,51,15,76,76,38,0,0,0,0,0,0,0,0,0,0,0,0,0,13,41,49,11,85,9985,0,1,0,0,9,0,0,0,0,0,0,0,0,0,0,6,0,0,0,0,9985,0,0,0
208,LMG Team,51,0,0,3,245,87,233,0,50,0,6,0,50,0,0,0,9,0,0,0,0,0,0,0,152,152,76,51,107,76,51,0,0,0,0,0,0,0,0,0,0,0,0,0,13,30,41,10,85,8510,0,1,0,0,9,0,0,0,0,0,0,0,0,0,0,1,0,0,0,0,8510,0,0,0
209,Infantry Squad,1,0,1,10,230,87,248,0,50,0,10,0,40,0,0,0,9,0,0,0,0,0,0,0,152,105,222,76,105,105,76,0,0,0,0,0,0,0,0,0,0,0,0,0,2,30,41,17,85,8500,0,0,0,0,9,0,0,0,0,0,0,0,0,0,0,1,0,0,0,0,8500,0,0,0
210,Evzones,73,0,1,10,213,87,223,248,50,0,10,0,20,0,40,0,10,0,0,0,0,0,0,0,105,76,222,51,105,76,51,0,0,0,0,0,0,0,0,0,0,0,0,0,2,36,41,18,85,8509,0,0,0,0,9,0,0,0,0,0,0,0,0,0,0,1,0,0,0,0,8509,0,0,0
211,Motorcyclists,49,0,1,12,213,87,113,0,50,0,12,0,50,0,0,0,55,0,0,0,0,0,0,0,203,152,222,105,203,152,105,0,0,0,0,0,0,0,0,0,0,0,0,0,10,39,41,28,85,178,0,0,0,0,9,0,0,0,0,0,233,0,0,0,0,1,0,0,0,0,0,0,0,0
212,Infantry Squad,40,0,1,10,207,87,223,0,50,0,10,0,10,0,0,0,9,0,0,0,0,0,0,0,105,76,76,38,76,76,76,0,0,0,0,0,0,0,0,0,0,0,0,0,2,36,41,17,85,8506,0,0,0,0,9,0,0,0,0,0,0,0,0,0,0,1,0,0,0,0,8506,0,0,0
213,CL39 Lt Truck,27,0,3,2,0,0,0,0,0,0,0,0,0,0,0,0,29,0,0,0,0,0,0,0,105,76,51,38,76,51,38,0,0,0,0,0,0,0,0,0,0,0,0,0,12,38,41,21,85,287,0,0,0,0,9,0,0,0,118,4,226,597,0,0,0,9,0,0,0,0,287,0,0,0
214,Hansa,27,0,3,2,0,0,0,0,0,0,0,0,0,0,0,0,31,0,0,0,0,0,0,0,0,0,0,0,0,0,0,0,0,0,0,0,0,0,0,0,0,0,0,0,91,30,39,13,85,8507,0,0,0,0,9,0,0,0,110,4,226,903,0,0,0,1,0,0,0,0,8507,0,0,0
215,Guy FBAX,27,0,3,2,0,0,0,0,0,0,0,0,0,0,0,0,25,4,4,4,0,0,0,0,0,0,0,0,0,0,0,0,0,0,0,0,0,0,0,0,0,0,0,0,22,40,44,20,85,7785,0,0,0,0,9,0,0,0,218,3,224,911,0,0,0,1,0,0,0,0,7785,0,0,0
216,Bedford 15cwt,27,0,3,2,0,0,0,0,0,0,0,0,0,0,0,0,31,0,0,0,0,0,0,0,0,0,0,0,0,0,0,0,0,0,0,0,0,0,0,0,0,0,0,0,30,41,49,15,85,7778,0,0,0,0,9,0,0,0,115,4,226,525,0,0,0,6,0,0,0,0,7778,0,0,0
217,DAK,28,0,4,2,0,0,0,0,0,0,0,0,0,0,0,0,21,0,0,0,0,0,0,0,0,0,0,0,0,0,0,0,0,0,0,0,0,0,0,0,0,0,0,0,12,30,49,24,85,7965,0,0,0,0,9,0,0,0,223,5,228,1074,0,0,0,1,0,0,0,0,7965,0,0,0
218,Renault AGR2,28,0,3,2,0,0,0,0,0,0,0,0,0,0,0,0,25,0,0,0,0,0,0,0,0,0,0,0,0,0,0,0,0,0,0,0,0,0,0,0,0,0,0,0,11,38,41,28,85,7624,0,0,0,0,9,0,0,0,224,5,226,992,0,0,0,1,0,0,0,0,0,0,0,0
219,Leyland Hippo,28,0,4,2,0,0,0,0,0,0,0,0,0,0,0,0,21,0,0,0,0,0,0,0,0,0,0,0,0,0,0,0,0,0,0,0,0,0,0,0,0,0,0,0,20,42,44,31,85,9988,0,0,0,0,9,0,0,0,230,5,230,72,0,0,0,1,0,0,0,0,9988,0,0,0
220,Bedford QLT 3tn,28,0,4,2,148,114,0,0,60,0,50,0,0,0,0,0,38,0,0,0,0,0,0,0,0,0,0,0,0,0,0,0,0,0,0,0,0,0,0,0,0,0,0,0,20,41,49,35,85,7767,0,1,0,0,9,0,1,0,130,4,228,910,0,0,0,6,0,0,0,0,7767,0,0,0
221,,0,0,0,0,0,0,0,0,0,0,0,0,0,0,0,0,0,0,0,0,0,0,0,0,0,0,0,0,0,0,0,0,0,0,0,0,0,0,0,0,0,0,0,0,0,0,0,0,0,0,0,0,0,0,0,0,0,0,0,0,0,0,0,0,0,1,0,0,0,0,0,0,0,0
222,Pack Mule,84,0,2,2,114,0,0,0,50,0,0,0,0,0,0,0,12,0,0,0,0,0,0,0,4,4,4,0,0,0,0,0,0,0,0,0,0,0,0,0,0,0,0,0,0,30,49,6,85,9926,0,0,0,0,9,0,0,0,105,1,124,4,1,0,0,1,0,0,0,0,0,30,0,0
223,Gun Team,83,0,4,4,114,0,0,0,50,0,0,0,0,0,0,0,16,0,0,0,0,0,0,0,0,0,0,0,0,0,0,0,0,0,0,0,0,0,0,0,0,0,0,0,0,30,49,11,85,9927,0,0,0,0,9,0,0,0,212,2,240,10,0,0,0,1,0,0,0,0,0,36,0,0
224,,0,0,0,0,0,0,0,0,0,0,0,0,0,0,0,0,0,0,0,0,0,0,0,0,0,0,0,0,0,0,0,0,0,0,0,0,0,0,0,0,0,0,0,0,0,0,0,0,0,0,0,0,0,0,0,0,0,0,0,0,0,0,0,0,0,1,0,0,0,0,0,0,0,0
225,Dakota,78,0,4,3,0,0,0,0,0,0,0,0,0,0,0,0,4,18,0,0,0,0,0,0,0,0,0,0,0,0,0,0,0,0,0,0,0,0,0,0,0,0,0,0,90,45,49,40,85,7711,0,0,0,0,0,0,0,0,28,0,255,924,0,0,0,2,0,0,0,0,7711,0,0,0
226,Wagon,75,0,3,2,114,0,0,0,50,0,0,0,0,0,0,0,18,0,0,0,0,0,0,0,0,0,0,0,0,0,0,0,0,0,0,0,0,0,0,0,0,0,0,0,0,30,49,11,85,7044,0,0,0,0,9,0,0,0,112,1,240,769,0,0,0,1,0,0,0,0,0,33,0,0
227,Hurricane IIC,44,0,2,1,166,181,0,0,15,4,2,0,0,0,0,0,5,12,1,0,0,0,0,1,0,0,0,0,0,0,0,0,0,0,0,0,0,0,0,0,0,0,0,0,90,41,43,57,85,7708,0,4,0,0,9,0,1,0,0,0,255,915,0,0,0,7,0,0,0,0,7708,0,0,0
228,Beaufighter X,44,0,4,4,166,162,182,181,15,4,30,6,2,0,2,0,6,14,1,0,0,0,0,1,0,0,0,0,0,0,0,0,0,0,0,0,0,0,0,0,0,0,0,0,91,43,49,80,85,7707,0,4,0,0,9,0,1,0,0,0,255,528,0,0,0,3,0,0,0,0,7707,0,0,0
229,Ammo Crates,56,0,0,1,0,0,0,0,0,0,0,0,0,0,0,0,0,0,0,0,0,0,0,0,0,0,0,0,0,0,0,0,0,0,0,0,0,0,0,0,0,0,0,0,0,30,49,35,85,1000,0,0,0,0,0,0,0,0,0,0,105,645,0,0,0,1,0,0,0,0,1000,0,0,0
230,Ammo Carrier,56,0,4,2,0,0,0,0,0,0,0,0,0,0,0,0,18,0,0,0,0,0,0,0,0,0,0,0,0,0,0,0,0,0,0,0,0,0,0,0,0,0,0,0,20,41,49,46,85,7785,0,0,0,0,9,0,0,0,0,1,230,545,0,0,0,6,0,0,0,0,1001,0,0,0
231,Ammo Dump,66,0,6,20,242,118,118,0,50,0,40,0,40,0,0,0,0,0,0,0,0,0,0,0,0,0,0,0,0,0,0,0,0,0,0,0,0,0,0,0,0,0,0,0,0,42,49,152,85,9919,0,0,0,0,9,0,0,0,0,0,255,649,0,0,0,1,0,0,0,0,9919,0,0,0
232,Command Post,68,0,5,20,242,87,118,0,50,0,10,0,50,0,0,0,0,0,0,0,0,0,0,0,18,0,0,0,0,0,0,0,0,0,0,0,0,0,0,0,0,0,0,0,92,42,49,149,85,7691,0,0,0,0,9,0,0,0,0,1,250,648,0,0,0,1,0,0,0,0,0,0,0,0
233,Spitfire Mk IXE,44,0,2,1,166,164,181,0,15,2,15,2,2,0,0,0,6,12,0,0,0,0,0,0,0,0,0,0,0,0,0,0,0,0,0,0,0,0,0,0,0,0,0,0,91,44,49,72,85,7705,0,4,0,0,9,0,1,0,0,0,255,922,0,0,0,1,0,0,0,0,7705,0,0,0
234,Cavalry LMG,3,0,2,3,246,87,0,0,50,0,3,0,0,0,0,0,24,0,0,0,0,0,0,0,12,1,0,0,0,0,1,0,0,0,0,0,0,0,0,0,0,0,0,0,13,30,41,23,85,733,0,2,0,0,9,0,2,0,0,0,255,0,2,0,0,1,0,0,0,0,0,0,0,0
235,SB2C Helldiver,44,0,4,3,166,183,182,0,12,2,2,0,2,0,0,0,5,12,1,0,1,0,0,1,14,1,0,0,0,0,1,0,0,0,0,0,0,0,0,0,0,0,0,0,90,49,49,71,85,948,0,4,0,0,9,0,1,0,0,0,255,962,0,0,0,5,0,0,0,0,948,0,0,0
236,Company HQ,101,0,1,9,213,87,115,0,50,0,10,0,40,0,0,0,9,0,0,0,0,0,0,0,0,0,0,0,0,0,0,0,0,0,0,0,0,0,0,0,0,0,0,0,90,30,43,16,85,7691,0,0,0,0,9,0,0,0,0,0,0,0,0,0,0,1,0,0,0,0,1007,0,0,0
237,FO Team,69,0,0,2,114,0,0,0,40,0,0,0,0,0,0,0,8,0,0,0,0,0,0,0,0,0,0,0,0,0,0,0,0,0,0,0,0,0,0,0,0,0,0,0,93,30,49,21,85,8037,0,0,0,0,9,0,0,0,0,0,0,0,0,0,0,1,0,0,0,0,0,0,0,0
238,Cavalry Recon,3,0,2,2,231,87,248,0,50,0,4,0,40,0,0,0,24,0,0,0,0,0,0,0,0,0,0,0,0,0,0,0,0,0,0,0,0,0,0,0,0,0,0,0,93,38,41,12,85,204,0,0,0,0,9,0,0,0,0,0,255,0,2,0,0,1,0,0,0,0,0,0,0,0
239,Scout Team,58,0,0,2,231,87,248,0,40,0,4,0,40,0,0,0,12,0,0,0,0,0,0,0,0,0,0,0,0,0,0,0,0,0,0,0,0,0,0,0,0,0,0,0,92,30,43,11,85,8012,0,0,0,0,9,0,0,0,0,0,0,0,0,0,0,1,0,0,0,0,1006,0,0,0
240,Scout Patrol,58,0,0,4,231,87,248,0,40,0,8,0,40,0,0,0,11,0,0,0,0,0,0,0,12,0,0,0,0,0,0,0,0,0,0,0,0,0,0,0,0,0,0,0,92,30,43,13,85,7634,0,0,0,0,9,0,0,0,0,0,0,0,0,0,0,1,0,0,0,0,1006,0,0,0
241,Platoon Leader,7,0,1,7,213,87,114,0,40,0,6,0,40,0,0,0,9,0,0,0,0,0,0,0,0,0,0,0,0,0,0,0,0,0,0,0,0,0,0,0,0,0,0,0,90,30,43,13,85,7800,0,0,0,0,9,0,0,0,0,0,0,0,0,0,0,1,0,0,0,0,1004,0,0,0
242,Platoon Leader,7,0,1,7,242,87,114,0,40,0,6,0,40,0,0,0,9,0,0,0,0,0,0,0,12,1,0,1,0,0,1,0,0,0,0,0,0,0,0,0,0,0,0,0,90,44,49,13,85,7800,0,0,0,0,9,0,0,0,0,0,0,0,0,0,0,1,0,0,0,0,1004,0,0,0
243,Company HQ,101,0,1,9,242,87,236,115,50,0,10,0,40,0,40,0,9,0,0,0,0,0,0,0,0,0,0,0,0,0,0,0,0,0,0,0,0,0,0,0,0,0,0,0,90,44,49,17,85,7691,0,0,0,0,9,0,0,0,0,0,0,0,0,0,0,1,0,0,0,0,1007,0,0,0
244,GK Commander,55,0,1,6,114,87,0,0,40,0,6,0,0,0,0,0,8,0,0,0,0,0,0,0,0,0,0,0,0,0,0,0,0,0,0,0,0,0,0,0,0,0,0,0,90,30,42,186,85,7960,0,0,0,0,9,0,0,0,0,0,0,0,0,0,0,1,0,0,0,0,0,0,0,0
245,GK Commander,55,0,1,6,237,87,114,0,40,0,6,0,40,0,0,0,8,0,0,0,0,0,0,0,0,0,0,0,0,0,0,0,0,0,0,0,0,0,0,0,0,0,0,0,90,43,49,188,85,7960,0,0,0,0,9,0,0,0,0,0,0,0,0,0,0,1,0,0,0,0,0,0,0,0
246,Assault Boat,42,0,2,2,0,0,0,0,0,0,0,0,0,0,0,0,0,0,0,0,0,0,0,0,0,0,0,0,0,0,0,0,0,0,0,0,0,0,0,0,0,0,0,0,0,30,49,12,85,252,0,0,0,0,0,0,0,0,20,2,255,239,3,0,0,1,0,0,0,0,252,0,0,0
247,Barge,41,0,6,2,0,0,0,0,0,0,0,0,0,0,0,0,0,15,15,15,15,15,15,0,0,0,0,0,0,0,0,0,0,0,0,0,0,0,22,0,30,22,0,30,10,41,49,66,85,251,0,0,0,0,0,0,0,0,254,6,255,228,6,0,0,6,0,0,0,0,251,0,0,0
248,Barge Carrier,48,0,6,6,0,0,0,0,0,0,0,0,0,0,0,0,19,0,0,0,0,0,0,0,0,0,0,0,0,0,0,0,0,0,0,0,0,0,0,0,0,0,0,0,50,41,49,53,85,496,0,0,0,0,9,0,0,0,0,4,232,546,0,0,0,6,0,0,0,0,7783,0,0,0
249,Crewmen,54,0,1,5,0,229,0,0,0,0,40,0,0,0,0,0,6,0,0,0,0,0,0,0,0,0,0,0,0,0,0,0,0,0,0,0,0,0,0,0,0,0,0,0,0,30,49,2,85,249,0,0,0,0,6,0,0,0,0,0,0,0,0,0,0,1,0,0,0,0,249,0,0,0
