id,nation,name,type,type,uclass,uclass,start_yr,start_mo,end_yr,end_mo,size,crew,survive,cost,speed,mclass,radio,irvis,fc,rf,stab,rof,load_cap,load_cost,swim,smkdev,wpn1,wpn1_HEammo,wpn1_APammo,wpn1_HEATammo,wpn1_APCRammo,wpn2,wpn2_HEammo,wpn2_APammo,wpn3,wpn3_HEammo,wpn3_APammo,wpn4,wpn4_HEammo,wpn4_APammo,arm_FH,arm_SH,arm_RH,arm_FT,arm_ST,arm_RT,arm_TP,arm_SK,slp_FH,slp_SH,slp_RH,slp_FT,slp_ST,slp_RT
1,15,OA vz. 30,78,armored car,8,recon,1933,1,1944,0,2,3,3,20,36,0,30,0,4,2,0,9,2,226,0,0,127,90,0,0,0,0,0,0,0,0,0,133,60,0,5,5,3,6,5,5,3,0,30,10,0,12,12,12
2,15,Skoda PA II,78,armored car,8,recon,1930,1,1937,0,3,5,3,23,40,0,32,0,4,2,0,9,2,226,0,0,96,90,0,0,0,96,90,0,0,0,0,0,0,0,6,6,6,10,6,6,6,0,30,10,0,12,12,12
3,15,Skoda PA III,78,armored car,8,recon,1930,1,1938,0,3,5,3,19,20,0,12,0,4,2,0,9,2,226,0,0,119,90,0,0,0,0,0,0,0,0,0,118,60,0,6,6,6,6,6,6,3,0,50,0,50,15,15,15
4,15,Tancik vz.33,80,recon tank,8,recon,1933,1,1943,0,2,2,2,20,20,0,10,0,4,2,0,9,4,224,0,0,0,0,0,0,0,0,0,0,133,90,0,133,90,0,10,10,10,12,10,10,10,0,30,0,0,0,0,0
6,15,Humber SC,70,scout vehicle,8,recon,1944,8,1945,0,2,3,2,27,48,0,93,0,4,2,0,9,2,226,0,1,148,60,0,0,0,0,0,0,0,0,0,0,0,0,15,14,14,14,9,9,9,0,24,16,20,30,12,12
7,15,Loyd Carrier,39,tracked APC,3,APC,1944,8,1945,0,2,2,2,21,24,0,53,0,2,2,0,9,106,224,0,0,0,0,0,0,0,0,0,0,0,0,0,130,90,0,9,6,6,11,5,5,0,0,18,0,0,0,5,0
8,15,Gun Tractor,40,heavy tracked APC,3,APC,1944,8,1945,0,4,2,4,58,22,0,13,0,0,0,0,9,214,230,0,0,0,0,0,0,0,0,0,0,0,0,0,0,0,0,76,64,38,76,64,38,0,50,44,0,10,44,0,10
10,15,Renault FT(37),29,infantry tank,2,armor,1930,1,1936,0,2,2,1,15,8,0,11,0,4,1,0,3,6,226,0,0,134,50,50,0,0,0,0,0,0,0,0,0,0,0,8,8,6,10,8,8,4,0,52,0,0,0,0,0
11,15,Renault FT(MG),29,infantry tank,2,armor,1930,1,1936,0,2,2,1,17,8,0,12,0,4,2,0,9,6,226,0,0,187,90,0,0,0,0,0,0,0,0,0,0,0,0,8,8,6,10,8,8,4,0,52,0,0,0,0,0
12,15,Pz II C,80,recon tank,8,recon,1944,1,1948,0,2,3,2,51,28,0,90,0,4,2,0,8,4,226,0,1,8,48,0,0,0,155,90,0,0,0,0,0,0,0,33,15,15,44,15,15,10,0,12,0,8,12,21,21
13,15,LT vz.34,22,light tank,2,armor,1935,1,1941,0,2,4,3,50,22,0,92,0,4,2,0,6,6,226,0,0,14,24,48,0,0,179,60,0,0,0,0,130,60,0,15,15,15,27,13,13,9,50,40,10,40,12,10,10
14,15,LT vz.35,22,light tank,2,armor,1936,1,1944,0,2,4,3,52,24,0,91,0,4,2,0,6,6,226,0,0,14,24,48,0,0,179,60,0,0,0,0,130,60,0,25,15,15,27,15,15,9,50,14,10,49,12,10,10
15,15,LT vz.38,22,light tank,2,armor,1939,10,1944,0,2,4,3,53,26,0,90,0,4,2,0,6,6,226,0,0,15,32,48,0,0,156,60,0,0,0,0,126,60,0,27,15,12,27,15,15,9,50,16,0,49,12,10,22
16,15,LT-40,22,light tank,2,armor,1941,12,1944,0,2,4,0,39,25,0,12,0,4,2,0,0,6,226,0,0,15,32,48,0,0,156,90,0,0,0,0,126,90,0,27,15,12,27,15,15,9,50,16,0,49,12,10,22
17,15,AOP Cromwell,74,tracked FO,8,recon,1944,8,1945,0,4,5,4,75,38,0,93,0,4,2,0,5,10,228,0,1,0,0,0,0,0,196,60,0,0,0,0,197,60,0,59,32,32,84,63,57,20,50,23,0,10,0,5,0
18,15,Humber I AA,63,wheeled flak,6,anti-air,1944,6,1944,0,2,3,2,30,44,0,93,0,4,2,0,9,0,224,0,0,248,90,0,0,0,0,0,0,0,0,0,0,0,0,15,14,14,16,14,14,8,0,24,16,20,30,20,20
19,15,Cromwell IV,27,cruiser tank,2,armor,1944,8,1949,0,4,5,4,109,38,0,91,0,4,4,0,5,10,228,0,1,194,20,44,0,0,196,60,0,0,0,0,197,60,0,59,32,32,84,63,57,20,50,23,0,10,0,5,0
20,15,Cromwell VI CS,28,close support tank,2,armor,1944,8,1949,0,4,5,4,81,38,0,93,0,4,3,0,4,10,228,0,1,67,54,0,10,0,196,60,0,0,0,0,197,60,0,59,32,32,86,63,57,20,50,23,0,10,0,5,0
21,15,Stuart VI,22,light tank,2,armor,1944,8,1945,0,2,4,2,72,32,0,93,0,4,2,0,5,6,226,0,1,16,44,90,0,0,139,60,0,177,60,0,131,60,0,44,28,28,68,32,32,12,0,24,0,16,10,18,18
22,15,Cromwell VII,83,command tank,9,C&C,1944,6,1945,0,3,5,4,120,34,0,91,0,4,4,0,6,10,226,0,1,105,12,52,0,0,196,60,0,0,0,0,197,60,0,101,32,32,113,63,57,20,50,17,0,10,0,5,0
23,15,Pz III N,23,medium tank,2,armor,1943,3,1944,0,3,5,3,72,22,0,53,0,4,2,0,5,8,228,0,1,41,40,24,0,0,155,60,0,0,0,0,6,60,0,50,30,50,63,30,30,10,41,21,0,9,15,25,12
24,15,IND Lt Mortar ,41,light mortar,4,artillery,1941,1,1945,0,1,2,0,17,9,0,93,0,2,0,0,9,0,0,0,0,199,50,0,0,0,242,40,0,0,0,0,0,0,0,0,0,0,0,0,0,0,0,0,0,0,0,0,0
25,15,IND Rifle Sec,5,armored infantry,0,infantry,1941,1,1945,0,1,10,0,20,9,0,40,0,0,0,0,9,0,0,0,0,242,50,0,0,0,116,5,0,198,50,0,5,40,0,0,0,0,0,0,0,0,0,0,0,0,0,0,0
26,15,IND PIAT Team,54,AT infantry,5,anti-tank,1944,8,1945,0,0,2,0,10,10,0,13,0,0,0,0,9,0,0,0,0,190,0,6,0,0,3,40,0,0,0,0,0,0,0,0,0,0,0,0,0,0,0,0,0,0,0,0,0
27,15,6pdr AT Gun,55,AT gun,5,anti-tank,1944,8,1944,0,1,6,0,42,1,0,73,0,3,3,0,7,0,105,0,0,82,16,44,0,16,0,0,0,0,0,0,0,0,0,0,0,0,0,0,0,0,0,0,0,0,0,0,0
28,15,M9 Halftrack,37,halftrack,3,APC,1944,8,1945,0,3,3,3,25,38,0,90,0,1,1,0,9,110,226,0,0,139,60,0,0,0,139,60,0,0,0,0,0,0,0,15,8,8,16,8,8,0,0,24,0,0,22,0,0
29,15,IND Platoon Ldr,82,platoon HQ,9,C&C,1941,1,1945,0,1,9,0,18,9,0,93,0,0,0,0,9,0,0,0,0,242,40,0,0,0,116,8,0,99,40,0,0,0,0,0,0,0,0,0,0,0,0,0,0,0,0,0,0
30,15,Marder III H,58,tank destroyer,5,anti-tank,1944,6,1948,0,3,3,2,96,26,0,92,0,4,5,0,4,2,226,0,0,204,8,30,0,0,138,60,0,0,0,0,0,0,0,54,17,12,11,11,0,0,40,16,10,21,31,12,0
31,15,ST-1,58,tank destroyer,5,anti-tank,1946,2,1948,0,3,4,3,102,18,0,91,0,4,4,0,4,6,226,0,0,47,11,40,0,0,0,0,0,0,0,0,0,0,0,60,20,20,66,20,8,8,51,40,15,15,60,40,70
32,15,IND Combat Ptrl,69,scout,8,recon,1944,6,1945,0,1,10,0,22,9,0,43,0,0,0,0,9,0,0,0,0,3,40,0,0,0,5,40,0,84,4,0,116,8,0,0,0,0,0,0,0,0,0,0,0,0,0,0,0
34,90,**GERMAN UNITS*,105,fort,13,fortification,1900,1,1900,0,0,0,0,0,0,0,0,0,0,0,0,0,0,0,0,0,0,0,0,0,0,0,0,0,0,0,0,0,0,0,0,0,0,0,0,0,0,0,0,0,0,0,0,0
35,15,Neubaufahrzeug,33,special tank,2,armor,1939,10,1940,0,5,6,4,95,12,0,62,0,4,2,0,7,20,232,0,0,41,60,10,10,0,232,10,40,215,120,0,216,120,0,20,13,13,15,13,13,13,52,14,0,0,14,10,10
36,15,Sdkfz 11/1,110,ammo carrier,14,other,1937,1,1945,0,3,8,3,58,44,0,13,0,0,0,0,9,0,226,0,0,0,0,0,0,0,0,0,0,0,0,0,0,0,0,8,0,0,0,0,0,0,0,22,0,0,0,0,0
37,15,Fw 190 F,92,aircraft,11,air force,1942,5,1949,0,3,1,0,68,5,0,92,0,4,1,0,9,0,255,0,0,166,10,4,0,0,200,15,2,241,1,0,0,0,0,12,1,0,0,0,0,1,0,0,0,0,0,0,0
38,15,Bf 109G-6,92,aircraft,11,air force,1944,1,1949,0,3,1,0,55,5,0,90,0,4,1,0,9,0,255,0,0,166,10,1,0,0,161,15,2,0,0,0,0,0,0,10,0,0,0,0,0,0,0,0,0,0,0,0,0
39,15,Marder I (LS),59,heavy tank destroyer,5,anti-tank,1942,9,1943,0,2,5,2,84,24,0,50,0,4,4,0,5,0,226,0,0,203,8,20,0,2,138,60,0,0,0,0,0,0,0,9,9,9,10,9,7,0,0,35,45,36,33,20,28
40,15,Marder II,59,heavy tank destroyer,5,anti-tank,1943,2,1944,0,2,4,2,92,24,0,50,0,4,4,0,5,2,226,0,0,63,8,25,0,4,138,60,0,0,0,0,0,0,0,35,15,15,33,10,0,0,0,13,0,7,23,8,0
41,15,Panther F,33,special tank,2,armor,1945,4,1949,0,4,5,5,192,28,0,92,0,4,6,0,6,10,230,0,1,48,30,55,0,0,145,60,0,151,12,0,6,60,0,80,50,50,168,60,60,16,50,55,30,25,22,25,25
42,70,Panther II,33,special tank,2,armor,1949,1,1949,0,4,5,5,221,25,0,92,0,4,7,0,5,12,230,0,1,61,20,35,0,0,151,12,0,145,60,0,6,60,0,100,60,50,168,60,60,16,0,55,30,25,22,25,25
43,15,MinenRam Pz III,30,mineclear tank,2,armor,1949,12,1949,0,3,5,3,26,20,0,93,0,1,1,0,9,0,226,0,0,138,60,0,0,0,0,0,0,0,0,0,0,0,0,50,30,50,10,10,10,0,40,21,0,9,0,0,0
44,15,Ju 88 P-2,92,aircraft,11,air force,1943,3,1944,0,4,3,0,44,4,0,92,0,4,1,0,9,0,255,0,0,140,15,1,0,0,161,10,4,0,0,0,0,0,0,19,1,0,0,0,0,1,0,0,0,0,0,0,0
45,15,7.5cm AT Gun,55,AT gun,5,anti-tank,1941,10,1949,0,1,7,0,32,1,0,13,0,3,2,0,6,0,107,0,0,90,30,26,4,0,0,0,0,0,0,0,0,0,0,0,0,0,0,0,0,0,0,0,0,0,0,0,0
46,15,Pz T-34 M40(r),35,captured tank,2,armor,1941,9,1943,0,3,4,4,81,30,0,92,0,4,2,0,4,10,228,0,0,49,30,30,0,0,171,60,0,0,0,0,129,60,0,47,40,45,53,45,45,16,50,60,40,47,30,30,30
47,15,4.2cm AT Gun,55,AT gun,5,anti-tank,1942,1,1942,0,1,4,0,17,1,0,23,0,2,3,0,7,0,104,0,0,235,0,0,0,30,0,0,0,0,0,0,0,0,0,0,0,0,0,0,0,0,0,0,0,0,0,0,0
48,15,3.7cm SP Flak,63,wheeled flak,6,anti-air,1943,1,1949,0,4,4,2,54,36,0,23,0,4,3,0,9,0,228,0,0,11,50,35,0,0,0,0,0,0,0,0,0,0,0,0,0,0,15,0,0,0,0,0,0,0,18,0,0
49,15,Pz T-34 M43(r),35,captured tank,2,armor,1943,1,1945,0,3,4,4,104,32,0,92,0,4,3,0,4,10,228,0,0,50,30,30,0,0,171,60,0,0,0,0,129,60,0,47,45,45,69,52,52,20,50,60,40,47,30,20,20
50,15,Pz 35-S 739(f),35,captured tank,2,armor,1941,6,1944,0,3,3,4,65,22,0,10,0,4,2,0,5,6,228,0,0,21,28,90,0,0,212,60,0,0,0,0,0,0,0,36,35,25,73,46,46,23,0,18,22,30,11,22,22
51,15,Hs 129B-2/R3,92,aircraft,11,air force,1942,6,1943,0,3,1,0,45,3,0,91,0,4,1,0,9,0,255,0,0,166,30,2,0,0,161,30,2,168,12,1,0,0,0,14,1,0,0,0,0,1,0,0,0,0,0,0,0
52,15,Arado-234B-2,92,aircraft,11,air force,1945,1,1945,0,3,1,0,97,10,0,12,0,4,1,0,9,0,255,0,0,243,3,0,0,0,0,0,0,0,0,0,0,0,0,24,0,0,0,0,0,0,0,0,0,0,0,0,0
53,15,Le Zgkw S307(f),40,heavy tracked APC,3,APC,1943,1,1949,0,2,1,2,15,14,0,13,0,0,0,0,9,210,224,0,0,186,50,0,0,0,0,0,0,0,0,0,0,0,0,10,10,0,10,10,10,0,0,30,0,0,23,0,20
54,15,PzJg S307 (f),59,heavy tank destroyer,5,anti-tank,1944,6,1944,0,2,5,2,83,14,0,50,0,4,4,0,5,0,226,0,0,244,10,24,0,4,138,60,0,0,0,0,0,0,0,10,10,10,10,10,0,6,0,30,0,20,23,10,0
55,15,mSPW S307(f),44,SP mortar,4,artillery,1939,1,1944,0,2,3,2,28,14,0,10,0,2,0,0,16,0,224,0,0,247,32,0,0,0,0,0,0,0,0,0,0,0,0,10,10,10,8,0,0,0,0,30,0,20,0,0,0
56,15,Marder I 39H,59,heavy tank destroyer,5,anti-tank,1942,6,1949,0,4,4,2,104,18,0,50,0,4,4,0,5,0,228,0,0,203,12,15,0,4,0,0,0,0,0,0,138,60,0,34,34,22,22,20,10,0,70,30,0,30,30,10,25
57,15,GSW 39H 105mm,45,SP gun,4,artillery,1944,1,1949,0,4,4,2,42,18,0,12,0,4,2,0,4,2,228,0,0,71,30,0,5,0,138,60,0,0,0,0,0,0,0,34,34,22,22,20,10,0,0,30,0,30,30,10,25
58,15,15cm sIG33/1 sf,45,SP gun,4,artillery,1943,4,1944,0,3,4,3,30,20,0,62,0,4,2,0,4,2,226,0,0,91,15,0,0,0,138,60,0,0,0,0,0,0,0,50,15,15,28,15,0,0,0,15,0,16,12,0,0
59,15,PzKpfw-IVa,28,close support tank,2,armor,1938,1,1940,0,3,5,3,57,17,0,92,0,4,2,0,6,10,228,0,1,41,82,32,0,0,155,60,0,0,0,0,0,0,0,15,15,15,17,15,15,10,0,12,0,10,10,25,0
60,15,Maus,25,very heavy tank,2,armor,1945,5,1949,0,6,6,6,255,8,0,92,0,4,7,0,3,10,234,0,0,78,20,45,0,0,51,20,55,138,90,0,0,0,0,200,240,180,240,200,200,40,50,35,0,30,9,30,7
61,15,2cm FlaK LKW,63,wheeled flak,6,anti-air,1940,3,1949,0,4,4,2,28,36,0,23,0,4,2,0,9,0,228,0,0,219,60,0,0,0,0,0,0,0,0,0,0,0,0,8,0,0,15,0,0,0,0,0,0,0,18,0,0
62,15,Schwimmpz II,67,amphibian tank,7,marine unit,1940,10,1943,0,3,3,2,35,22,0,92,0,4,2,0,8,4,226,2,1,8,48,0,0,4,155,60,0,0,0,0,0,0,0,15,15,15,22,15,15,10,0,16,0,7,15,22,22
63,15,Fl Wg B-2(f),32,flame tank,2,armor,1941,11,1944,0,4,5,3,101,18,0,12,0,4,2,0,5,8,230,0,0,21,15,35,0,0,212,60,0,0,0,0,108,16,0,60,60,55,56,46,46,25,5,36,0,32,11,22,22
64,15,Foreign SS Grp,14,elite infantry,0,infantry,1941,8,1943,0,1,9,0,24,10,0,12,0,0,0,0,9,0,0,0,0,157,50,0,0,0,29,50,0,84,3,0,117,12,0,0,0,0,0,0,0,0,0,0,0,0,0,0,0
65,15,GE Coastal Fort,107,naval fortification,13,fortification,1938,12,1945,0,6,16,6,197,0,0,53,0,4,5,0,7,0,255,0,0,59,60,90,0,0,10,50,0,10,50,0,183,50,0,105,76,222,51,105,76,51,70,18,18,0,18,18,18
66,15,GE Hvy Pillbox,105,fort,13,fortification,1939,1,1949,0,4,18,5,206,0,0,53,0,4,5,0,7,0,255,0,0,71,60,0,0,0,30,60,60,10,60,0,10,60,0,152,105,105,76,105,105,76,70,5,18,18,5,18,18
67,15,Foreign SS Grp,14,elite infantry,0,infantry,1943,10,1945,0,1,9,0,28,10,0,12,0,0,0,0,9,0,0,0,0,157,50,0,0,0,89,0,5,55,50,0,117,12,0,0,0,0,0,0,0,0,0,0,0,0,0,0,0
68,15,KI.PzBefWg Ib,83,command tank,9,C&C,1935,1,1942,0,2,2,1,24,24,0,90,0,4,2,0,9,4,226,0,1,6,90,0,0,0,0,0,0,0,0,0,0,0,0,13,13,13,19,13,13,6,0,25,16,14,13,22,22
69,15,105mm Pz Sf IVa,59,heavy tank destroyer,5,anti-tank,1941,4,1941,0,4,5,5,92,24,0,72,0,4,2,0,4,0,230,0,0,76,10,25,15,0,138,90,0,0,0,0,0,0,0,50,20,20,30,20,20,0,40,12,0,10,14,14,20
70,15,Tauchpanzer III,67,amphibian tank,7,marine unit,1940,7,1941,0,3,5,4,73,22,0,92,0,4,3,0,4,0,228,2,0,25,40,55,0,4,155,90,0,0,0,0,0,0,0,33,33,21,33,30,30,20,40,21,0,10,15,25,0
71,15,SS Zugkommando,82,platoon HQ,9,C&C,1941,8,1945,0,1,9,0,16,9,0,13,0,0,0,0,9,0,0,0,0,135,40,0,0,0,117,8,0,81,50,0,0,0,0,0,0,0,0,0,0,0,0,0,0,0,0,0,0
72,15,21cm How Bty,49,offboard artillery,4,artillery,1930,1,1945,0,2,40,0,110,0,0,93,0,2,0,0,3,0,255,0,0,112,40,0,0,0,112,40,0,112,40,0,112,40,0,0,0,0,0,0,0,0,0,0,0,0,0,0,0
73,15,Tauchpanzer IV,67,amphibian tank,7,marine unit,1940,9,1942,0,3,5,4,56,24,0,92,0,4,2,0,5,0,228,2,0,41,60,20,0,0,155,60,0,0,0,0,0,0,0,33,23,20,33,20,20,10,40,12,0,10,10,25,0
74,15,Panhard P204(f),77,light armored car,8,recon,1940,6,1941,0,3,2,2,34,44,0,12,0,4,2,0,5,8,226,0,0,9,0,90,0,0,212,60,0,0,0,0,0,0,0,20,15,15,38,15,15,7,0,15,0,31,22,26,30
75,15,Peugeot DK 5,85,medium truck,10,transport,1940,6,1944,0,3,1,4,12,33,0,12,0,0,0,0,9,110,226,0,0,0,0,0,0,0,0,0,0,0,0,0,0,0,0,0,0,0,0,0,0,0,0,0,0,0,0,0,0
76,15,Pz M15/42 738i,35,captured tank,2,armor,1943,10,1945,0,3,4,3,64,25,0,12,0,4,2,0,5,8,226,0,0,23,35,75,0,0,225,60,0,0,0,0,43,60,0,46,25,25,68,25,25,14,60,11,7,15,16,22,22
77,15,Pz M13/40 735i,35,captured tank,2,armor,1943,9,1945,0,3,4,2,56,21,0,12,0,4,2,0,5,6,226,0,0,28,27,60,0,0,225,60,0,0,0,0,43,60,0,30,25,25,54,25,25,14,60,30,7,15,16,22,22
78,15,Pz P26/40 737i,35,captured tank,2,armor,1943,10,1945,0,4,4,3,84,25,0,82,0,4,2,0,4,8,226,0,0,44,30,35,0,0,225,60,0,0,0,0,43,60,0,50,42,40,88,45,40,20,50,50,26,30,25,25,25
79,15,StuG M43 105/25,36,assault gun,2,armor,1943,10,1945,0,3,4,2,45,24,0,12,0,4,2,0,3,6,226,0,0,68,50,0,0,0,0,0,0,0,0,0,0,0,0,70,45,25,70,20,25,15,50,15,15,11,15,0,15
80,15,StuG M43 75/46i,36,assault gun,2,armor,1944,10,1945,0,3,4,2,107,24,0,12,0,4,5,0,4,6,226,0,0,54,10,33,0,0,0,0,0,0,0,0,0,0,0,54,35,25,68,25,25,12,50,12,7,14,12,7,14
81,15,StuG M41 75/18i,36,assault gun,2,armor,1943,10,1943,0,2,4,2,74,22,0,12,0,4,2,0,5,6,226,0,0,39,15,15,12,0,0,0,0,0,0,0,0,0,0,42,25,25,63,25,25,12,60,15,0,15,15,9,15
82,15,StuG M42 75/34i,36,assault gun,2,armor,1943,10,1944,0,3,4,2,64,24,0,12,0,4,2,0,5,10,226,0,0,44,18,25,4,0,0,0,0,0,0,0,0,0,0,42,25,25,63,25,25,12,50,12,7,14,12,7,17
83,15,SMV M42 75/34,36,assault gun,2,armor,1943,8,1945,0,3,4,2,67,24,0,92,0,4,2,0,5,10,226,0,0,44,18,25,4,0,193,60,0,0,0,0,0,0,0,42,25,25,63,25,25,12,50,12,7,14,12,7,17
84,15,PSW AB41 201i,77,light armored car,8,recon,1943,9,1948,0,2,4,4,39,48,0,12,0,4,2,0,8,0,226,0,0,38,60,0,0,0,225,60,0,0,0,0,43,60,0,15,9,15,26,9,9,6,50,45,22,32,16,20,16
85,15,12.8cm Pz Sfl V,59,heavy tank destroyer,5,anti-tank,1942,3,1944,0,4,5,5,148,30,0,92,0,4,6,0,3,0,230,0,0,77,5,13,0,0,132,60,0,0,0,0,0,0,0,50,30,30,50,30,30,0,0,14,0,45,14,0,45
86,15,FT-17 730(f),35,captured tank,2,armor,1941,1,1943,0,2,2,1,26,8,0,12,0,4,1,0,9,6,226,0,0,12,70,30,0,0,0,0,0,0,0,0,0,0,0,8,8,6,8,8,8,4,0,52,0,0,0,0,0
87,15,Pz 35H 734 (f),35,captured tank,2,armor,1941,3,1944,0,2,2,2,51,18,0,92,0,4,1,0,5,6,226,0,0,13,68,50,0,0,212,60,0,0,0,0,0,0,0,34,34,28,47,40,40,15,70,22,15,27,20,30,30
88,15,Pz 39H 735 (f),35,captured tank,2,armor,1941,3,1944,0,2,2,2,52,22,0,92,0,4,1,0,5,6,226,0,0,13,35,65,0,0,212,60,0,0,0,0,0,0,0,34,34,28,47,40,40,15,70,22,15,27,20,30,30
89,15,Pz 39H RAK,51,SP rocket launcher,4,artillery,1942,3,1949,0,2,2,2,93,22,0,93,0,2,1,0,6,2,226,0,0,206,10,0,0,0,150,2,0,0,0,0,0,0,0,34,34,28,47,40,40,15,70,22,15,27,20,30,30
90,15,FT-17 730m(f),35,captured tank,2,armor,1941,1,1943,0,2,2,1,18,8,0,12,0,4,2,0,9,6,226,0,0,211,90,0,0,0,0,0,0,0,0,0,0,0,0,8,8,6,10,8,8,4,0,52,0,0,0,0,0
91,0,**GERMAN UNITS*,105,fort,13,fortification,1900,1,1900,0,0,0,0,0,0,0,0,0,0,0,0,0,0,0,0,0,0,0,0,0,0,0,0,0,0,0,0,0,0,0,0,0,0,0,0,0,0,0,0,0,0,0,0,0
92,15,Tatra 57 A/K,108,utility vehicle,14,other,1935,1,1944,0,2,2,2,7,45,0,92,0,0,0,0,9,4,224,0,0,114,50,0,0,0,0,0,0,0,0,0,0,0,0,0,0,0,0,0,0,0,0,0,0,0,0,0,0
93,15,Praga AV,108,utility vehicle,14,other,1938,1,1949,0,2,2,1,8,50,0,30,0,0,0,0,9,6,224,0,0,114,50,0,0,0,0,0,0,0,0,0,0,0,0,0,0,0,0,0,0,0,0,0,0,0,0,0,0
94,15,Tatra T92,85,medium truck,10,transport,1930,1,1949,0,4,1,4,12,31,0,12,0,0,0,0,9,112,228,0,0,114,50,0,0,0,0,0,0,0,0,0,0,0,0,0,0,0,0,0,0,0,0,0,0,0,0,0,0
95,15,Praga RV,85,medium truck,10,transport,1936,1,1949,0,4,2,4,19,29,0,12,0,0,0,0,9,118,228,0,0,114,50,0,0,0,0,0,0,0,0,0,0,0,0,0,0,0,0,0,0,0,0,0,0,0,0,0,0
96,15,Tatra 27,86,heavy truck,10,transport,1930,1,1942,0,4,2,5,24,21,0,11,0,0,0,0,9,223,228,0,0,114,50,0,0,0,0,0,0,0,0,0,0,0,0,0,0,0,0,0,0,0,0,0,0,0,0,0,0
97,15,Skoda ST6,86,heavy truck,10,transport,1935,1,1945,0,4,2,5,24,21,0,11,0,0,0,0,9,223,228,0,0,114,50,0,0,0,0,0,0,0,0,0,0,0,0,0,0,0,0,0,0,0,0,0,0,0,0,0,0
98,15,RSO Tractor,84,prime mover,10,transport,1943,6,1949,0,2,1,2,10,14,0,10,0,0,0,0,9,210,224,0,0,114,50,0,0,0,0,0,0,0,0,0,0,0,0,0,0,0,0,0,0,0,0,0,0,0,0,0,0
99,15,Skoda MTH,84,prime mover,10,transport,1935,1,1943,0,2,2,2,8,8,0,12,0,0,0,0,9,107,226,0,0,114,50,0,0,0,0,0,0,0,0,0,0,0,0,0,0,0,0,0,0,0,0,0,0,0,0,0,0
100,15,BD25/30 Tractor,84,prime mover,10,transport,1930,1,1935,0,2,2,2,6,6,0,12,0,0,0,0,9,106,226,0,0,114,50,0,0,0,0,0,0,0,0,0,0,0,0,0,0,0,0,0,0,0,0,0,0,0,0,0,0
101,15,Skoda Z,84,prime mover,10,transport,1930,1,1945,0,2,2,2,6,6,0,11,0,0,0,0,9,208,226,0,0,114,50,0,0,0,0,0,0,0,0,0,0,0,0,0,0,0,0,0,0,0,0,0,0,0,0,0,0
102,15,Tatra 82,108,utility vehicle,14,other,1935,1,1942,0,2,2,1,8,50,0,30,0,0,0,0,9,6,224,0,0,114,50,0,0,0,0,0,0,0,0,0,0,0,0,0,0,0,0,0,0,0,0,0,0,0,0,0,0
103,15,Schwimmwagen,65,amphibian unit,7,marine unit,1942,1,1949,0,2,1,1,10,44,0,90,0,0,0,0,9,6,223,2,0,114,50,0,0,0,0,0,0,0,0,0,0,0,0,0,0,0,0,0,0,0,0,0,0,0,0,0,0
104,15,Praga IV,84,prime mover,10,transport,1936,1,1943,0,2,2,2,8,8,0,11,0,0,0,0,9,108,226,0,0,114,50,0,0,0,0,0,0,0,0,0,0,0,0,0,0,0,0,0,0,0,0,0,0,0,0,0,0
105,15,Skoda L,86,heavy truck,10,transport,1933,1,1943,0,4,2,5,24,21,0,11,0,0,0,0,9,223,228,0,0,114,50,0,0,0,0,0,0,0,0,0,0,0,0,0,0,0,0,0,0,0,0,0,0,0,0,0,0
108,15,105mm FH Bty,49,offboard artillery,4,artillery,1943,5,1944,0,2,32,0,84,0,0,93,0,2,0,0,6,0,255,0,0,71,40,0,0,0,71,40,0,71,40,0,71,40,0,0,0,0,0,0,0,0,0,0,0,0,0,0,0
110,0,<<GE OS ARTY>>,105,fort,13,fortification,1900,1,1900,0,0,0,0,0,0,0,0,0,0,0,0,0,0,0,0,0,0,0,0,0,0,0,0,0,0,0,0,0,0,0,0,0,0,0,0,0,0,0,0,0,0,0,0,0
111,15,OS GE 75mm Bty,49,offboard artillery,4,artillery,1930,1,1949,0,1,24,0,170,0,0,93,0,2,0,0,8,0,255,0,0,46,100,0,0,0,46,100,0,46,100,0,46,100,0,0,0,0,0,0,0,0,0,0,0,0,0,0,0
112,15,OS GE 105mm Bty,49,offboard artillery,4,artillery,1930,1,1949,0,2,32,0,175,0,0,93,0,2,0,0,6,0,255,0,0,71,100,0,0,0,71,100,0,71,100,0,71,100,0,0,0,0,0,0,0,0,0,0,0,0,0,0,0
113,15,OS GE 150mm Bty,49,offboard artillery,4,artillery,1930,1,1949,0,2,44,0,180,0,0,93,0,2,0,0,5,0,255,0,0,79,100,0,0,0,79,100,0,79,100,0,79,100,0,0,0,0,0,0,0,0,0,0,0,0,0,0,0
115,0,GENERIC BOMBERS,105,fort,13,fortification,1900,1,1900,0,0,0,0,0,0,0,0,0,0,0,0,0,0,0,0,0,0,0,0,0,0,0,0,0,0,0,0,0,0,0,0,0,0,0,0,0,0,0,0,0,0,0,0,0
116,15,2 Med Bombers,93,level bomber,11,air force,1934,1,1949,0,3,1,0,88,4,0,91,0,0,0,0,12,0,255,0,0,240,40,0,0,0,240,40,0,0,0,0,0,0,0,0,0,0,0,0,0,0,0,0,0,0,0,0,0
117,15,2 Med Bombers+,93,level bomber,11,air force,1937,1,1949,0,3,1,0,69,4,0,91,0,0,0,0,12,0,255,0,0,241,40,0,0,0,241,40,0,0,0,0,0,0,0,0,0,0,0,0,0,0,0,0,0,0,0,0,0
118,15,4 Med Bombers,93,level bomber,11,air force,1937,1,1949,0,3,1,0,177,4,0,91,0,0,0,0,12,0,255,0,0,240,40,0,0,0,240,40,0,240,40,0,240,40,0,0,0,0,0,0,0,0,0,0,0,0,0,0,0
119,15,2 Hvy Bombers,93,level bomber,11,air force,1937,1,1949,0,3,1,0,81,4,0,91,0,0,0,0,12,0,255,0,0,243,40,0,0,0,243,40,0,0,0,0,0,0,0,0,0,0,0,0,0,0,0,0,0,0,0,0,0
120,15,4 Hvy Bombers,93,level bomber,11,air force,1937,1,1949,0,3,1,0,162,4,0,91,0,0,0,0,12,0,255,0,0,243,40,0,0,0,243,40,0,243,40,0,243,40,0,0,0,0,0,0,0,0,0,0,0,0,0,0,0
122,15,3.7cm AT Gun,55,AT gun,5,anti-tank,1930,1,1935,0,1,4,0,22,4,0,12,0,2,2,0,8,0,104,0,0,18,20,40,0,0,135,40,0,0,0,0,0,0,0,0,0,0,0,0,0,0,0,0,0,0,0,0,0
123,15,3.7cm AT Gun,55,AT gun,5,anti-tank,1936,1,1942,0,1,4,0,23,4,0,11,0,2,2,0,8,0,104,0,0,19,20,40,0,0,135,40,0,0,0,0,0,0,0,0,0,0,0,0,0,0,0,0,0,0,0,0,0
124,15,4.7cm AT Gun,55,AT gun,5,anti-tank,1936,1,1941,0,1,6,0,45,1,0,22,0,3,4,0,7,0,106,0,0,24,20,40,0,0,0,0,0,0,0,0,0,0,0,0,0,0,0,0,0,0,0,0,0,0,0,0,0
125,15,5cm AT Gun,55,AT gun,5,anti-tank,1943,6,1948,0,1,5,0,47,1,0,33,0,3,3,0,7,0,105,0,0,26,20,40,0,5,0,0,0,0,0,0,0,0,0,0,0,0,0,0,0,0,0,0,0,0,0,0,0
126,15,7.5cm AT Gun,55,AT gun,5,anti-tank,1943,10,1948,0,1,6,0,58,1,0,13,0,3,4,0,6,0,106,0,0,45,20,40,0,0,0,0,0,0,0,0,0,0,0,0,0,0,0,0,0,0,0,0,0,0,0,0,0
127,15,17pdr AT Gun,55,AT gun,5,anti-tank,1944,8,1945,0,1,6,0,124,1,0,83,0,3,7,0,6,0,108,0,0,53,20,40,0,10,0,0,0,0,0,0,0,0,0,0,0,0,0,0,0,0,0,0,0,0,0,0,0
128,15,20mm AA Gun,61,flak,6,anti-air,1936,1,1944,0,1,6,0,16,1,0,13,0,3,2,0,9,0,106,0,0,147,60,0,0,0,0,0,0,0,0,0,0,0,0,0,0,0,0,0,0,0,0,0,0,0,0,0,0
129,15,37mm AA Gun,61,flak,6,anti-air,1938,1,1949,0,1,6,0,42,1,0,23,0,3,3,0,8,0,106,0,0,17,40,15,0,0,0,0,0,0,0,0,0,0,0,0,0,0,0,0,0,0,0,0,0,0,0,0,0
130,15,83mm AA Gun,61,flak,6,anti-air,1930,1,1939,0,1,6,0,71,0,0,13,0,3,5,0,5,0,206,0,0,227,45,10,0,0,0,0,0,0,0,0,0,0,0,0,0,0,0,0,0,0,0,0,0,0,0,0,0
131,15,IND Mortar Sqd,42,mortar,4,artillery,1941,1,1945,0,1,5,0,28,4,0,53,0,2,0,0,8,0,0,0,0,37,50,0,0,0,3,40,0,0,0,0,0,0,0,0,0,0,0,0,0,0,0,0,0,0,0,0,0
132,15,SK Lt Mortar Sq,41,light mortar,4,artillery,1939,1,1944,0,1,2,0,17,9,0,53,0,2,0,0,9,0,0,0,0,40,50,0,0,0,230,40,0,0,0,0,0,0,0,0,0,0,0,0,0,0,0,0,0,0,0,0,0
133,15,Mortar Squad,42,mortar,4,artillery,1936,1,1938,0,1,5,0,28,4,0,50,0,2,0,0,8,0,0,0,0,56,50,0,0,0,135,40,0,0,0,0,0,0,0,0,0,0,0,0,0,0,0,0,0,0,0,0,0
134,15,IND Mortar Sqd,42,mortar,4,artillery,1940,5,1940,0,1,5,0,28,4,0,50,0,2,0,0,8,0,0,0,0,57,50,0,0,0,4,40,0,0,0,0,0,0,0,0,0,0,0,0,0,0,0,0,0,0,0,0,0
135,15,7.5cm Field Gun,47,howitzer,4,artillery,1930,1,1944,0,1,6,0,29,1,0,91,0,2,1,0,6,0,106,0,0,217,50,0,0,0,0,0,0,0,0,0,0,0,0,0,0,0,0,0,0,0,0,0,0,0,0,0,0
136,15,8cm Field Gun,47,howitzer,4,artillery,1930,1,1944,0,1,6,0,29,1,0,30,0,2,1,0,6,0,106,0,0,231,50,0,0,0,0,0,0,0,0,0,0,0,0,0,0,0,0,0,0,0,0,0,0,0,0,0,0
137,15,7.6cm Field Gun,47,howitzer,4,artillery,1944,8,1949,0,1,6,0,25,1,0,90,0,2,1,0,6,0,106,0,0,36,50,0,0,0,0,0,0,0,0,0,0,0,0,0,0,0,0,0,0,0,0,0,0,0,0,0,0
138,15,10cm FH,47,howitzer,4,artillery,1930,1,1944,0,1,8,0,34,1,0,90,0,2,1,0,5,0,108,0,0,234,50,0,0,0,0,0,0,0,0,0,0,0,0,0,0,0,0,0,0,0,0,0,0,0,0,0,0
139,15,15cm FH,47,howitzer,4,artillery,1949,12,1949,0,2,8,0,54,0,0,91,0,2,1,0,4,0,208,0,0,111,50,0,0,0,0,0,0,0,0,0,0,0,0,0,0,0,0,0,0,0,0,0,0,0,0,0,0
140,15,22cm FH,47,howitzer,4,artillery,1949,12,1949,0,2,8,0,79,0,0,92,0,2,1,0,3,0,208,0,0,103,50,0,0,0,0,0,0,0,0,0,0,0,0,0,0,0,0,0,0,0,0,0,0,0,0,0,0
141,15,7.5cm FG Bty,49,offboard artillery,4,artillery,1930,1,1944,0,1,24,0,75,0,0,93,0,2,0,0,8,0,255,0,0,217,40,0,0,0,217,40,0,217,40,0,217,40,0,0,0,0,0,0,0,0,0,0,0,0,0,0,0
142,15,8cm FG Bty,49,offboard artillery,4,artillery,1930,1,1944,0,1,24,0,76,0,0,93,0,2,0,0,8,0,255,0,0,231,40,0,0,0,231,40,0,231,40,0,231,40,0,0,0,0,0,0,0,0,0,0,0,0,0,0,0
143,15,7.6cm FG Bty,49,offboard artillery,4,artillery,1944,8,1949,0,1,24,0,78,0,0,93,0,2,0,0,8,0,255,0,0,36,40,0,0,0,36,40,0,36,40,0,36,40,0,0,0,0,0,0,0,0,0,0,0,0,0,0,0
144,15,10cm How Bty,49,offboard artillery,4,artillery,1930,1,1949,0,1,32,0,81,0,0,93,0,2,0,0,6,0,255,0,0,234,40,0,0,0,234,40,0,234,40,0,234,40,0,0,0,0,0,0,0,0,0,0,0,0,0,0,0
145,15,10cm How Bty,49,offboard artillery,4,artillery,1936,1,1949,0,2,32,0,78,0,0,93,0,2,0,0,6,0,255,0,0,70,40,0,0,0,70,40,0,70,40,0,70,40,0,0,0,0,0,0,0,0,0,0,0,0,0,0,0
146,15,15cm How Bty,49,offboard artillery,4,artillery,1930,1,1944,0,3,32,0,90,0,0,93,0,2,0,0,5,0,255,0,0,111,40,0,0,0,111,40,0,111,40,0,111,40,0,0,0,0,0,0,0,0,0,0,0,0,0,0,0
147,15,Engineer Squad,7,motorized engineers,0,infantry,1945,4,1949,0,1,10,0,31,9,0,20,0,0,0,0,9,0,0,0,0,2,50,0,0,0,98,50,0,83,6,0,84,4,0,0,0,0,0,0,0,0,0,0,0,0,0,0,0
148,15,Rifle Squad,1,infantry,0,infantry,1945,4,1949,0,1,10,0,23,9,0,20,0,0,0,0,9,0,0,0,0,157,50,0,0,0,86,0,4,97,50,0,115,8,0,0,0,0,0,0,0,0,0,0,0,0,0,0,0
149,15,SK Rifle Sqd,2,medium infantry,0,infantry,1939,1,1944,0,1,10,0,20,9,0,20,0,0,0,0,9,0,0,0,0,157,50,0,0,0,117,10,0,97,50,0,0,0,0,0,0,0,0,0,0,0,0,0,0,0,0,0,0
150,15,Rifle Squad,1,infantry,0,infantry,1930,1,1938,0,1,10,0,19,9,0,20,0,0,0,0,9,0,0,0,0,157,50,0,0,0,115,8,0,97,50,0,0,0,0,0,0,0,0,0,0,0,0,0,0,0,0,0,0
151,15,SK Rifle Sqd,2,medium infantry,0,infantry,1941,6,1945,0,1,10,0,30,9,0,20,0,0,0,0,9,0,0,0,0,157,50,0,0,0,93,8,4,97,40,0,117,8,0,0,0,0,0,0,0,0,0,0,0,0,0,0,0
152,15,Rifle Squad,1,infantry,0,infantry,1945,4,1949,0,1,10,0,23,9,0,20,0,0,0,0,9,0,0,0,0,144,50,0,0,0,86,0,4,98,50,0,87,8,0,0,0,0,0,0,0,0,0,0,0,0,0,0,0
153,15,Ins Rifle Sqd,0,light infantry,0,infantry,1944,8,1944,0,1,10,0,31,9,0,31,0,0,0,0,9,0,0,0,0,157,50,0,0,0,93,8,4,97,50,0,87,8,0,0,0,0,0,0,0,0,0,0,0,0,0,0,0
154,15,Ins Rifle Sqd,0,light infantry,0,infantry,1944,8,1944,0,1,10,0,20,9,0,20,0,0,0,0,9,0,0,0,0,144,50,0,0,0,87,10,0,98,50,0,22,40,0,0,0,0,0,0,0,0,0,0,0,0,0,0,0
155,15,Paratroops,12,airborne infantry,0,infantry,1945,4,1949,0,1,10,0,22,10,0,4,0,0,0,0,9,0,0,0,0,144,50,0,0,0,87,10,0,98,50,0,22,40,0,0,0,0,0,0,0,0,0,0,0,0,0,0,0
156,15,Engineer Squad,6,engineers,0,infantry,1930,1,1938,0,1,10,0,26,9,0,20,0,0,0,0,9,0,0,0,0,157,50,0,0,0,97,50,0,84,4,0,115,8,0,0,0,0,0,0,0,0,0,0,0,0,0,0,0
157,15,Engineer Squad,6,engineers,0,infantry,1945,4,1949,0,1,10,0,27,9,0,20,0,0,0,0,9,0,0,0,0,2,50,0,0,0,98,50,0,84,4,0,87,8,0,0,0,0,0,0,0,0,0,0,0,0,0,0,0
158,15,Militia Squad,19,second line infantry,0,infantry,1939,1,1941,0,1,10,0,14,8,0,13,0,0,0,0,9,0,0,0,0,157,40,0,0,0,115,2,0,0,0,0,0,0,0,0,0,0,0,0,0,0,0,0,0,0,0,0,0
159,15,Partisans,17,guerilla forces,0,infantry,1943,1,1944,0,1,6,0,14,9,0,10,0,0,0,0,9,0,0,0,0,157,40,0,0,0,84,2,0,0,0,0,0,0,0,0,0,0,0,0,0,0,0,0,0,0,0,0,0
160,15,Partisans,17,guerilla forces,0,infantry,1943,1,1944,0,1,6,0,13,9,0,10,0,0,0,0,9,0,0,0,0,157,40,0,0,0,85,2,3,0,0,0,0,0,0,0,0,0,0,0,0,0,0,0,0,0,0,0,0
161,15,IND Cmdo Sqd,16,special forces,0,infantry,1944,1,1945,0,1,10,0,23,11,0,20,0,0,0,0,9,0,0,0,0,5,50,0,0,0,99,50,0,84,2,0,116,10,0,0,0,0,0,0,0,0,0,0,0,0,0,0,0
162,15,Platoon Leader,82,platoon HQ,9,C&C,1945,1,1949,0,1,9,0,14,9,0,13,0,0,0,0,9,0,0,0,0,135,40,0,0,0,87,8,0,114,30,0,0,0,0,0,0,0,0,0,0,0,0,0,0,0,0,0,0
163,15,40mm AA Gun,61,flak,6,anti-air,1941,1,1943,0,1,8,0,42,1,0,83,0,3,3,0,8,0,108,0,0,20,50,20,0,0,0,0,0,0,0,0,0,0,0,0,0,0,0,0,0,0,0,0,0,0,0,0,0
164,15,Cavalry,20,cavalry,1,cavalry,1930,1,1938,0,2,10,0,21,18,0,33,0,0,0,0,9,0,255,1,0,157,50,0,0,0,115,4,0,97,50,0,0,0,0,0,0,0,0,0,0,0,0,0,0,0,0,0,0
165,15,Lt Cavalry,20,cavalry,1,cavalry,1930,1,1938,0,2,10,0,20,24,0,13,0,0,0,0,9,0,255,2,0,157,50,0,0,0,115,8,0,0,0,0,0,0,0,0,0,0,0,0,0,0,0,0,0,0,0,0,0
166,15,Recon Team,69,scout,8,recon,1930,1,1938,0,0,4,0,11,11,0,93,0,0,0,0,9,0,0,0,0,157,40,0,0,0,115,3,0,0,0,0,0,0,0,0,0,0,0,0,0,0,0,0,0,0,0,0,0
167,15,Recon Team,69,scout,8,recon,1945,4,1949,0,0,4,0,11,11,0,93,0,0,0,0,9,0,0,0,0,144,40,0,0,0,87,3,0,0,0,0,0,0,0,0,0,0,0,0,0,0,0,0,0,0,0,0,0
168,15,Recon Patrol,69,scout,8,recon,1930,1,1938,0,0,2,0,10,12,0,93,0,0,0,0,9,0,0,0,0,157,40,0,0,0,115,2,0,0,0,0,0,0,0,0,0,0,0,0,0,0,0,0,0,0,0,0,0
169,15,Recon Patrol,69,scout,8,recon,1945,4,1949,0,0,2,0,10,12,0,93,0,0,0,0,9,0,0,0,0,144,40,0,0,0,87,3,0,0,0,0,0,0,0,0,0,0,0,0,0,0,0,0,0,0,0,0,0
170,15,Sniper,15,sniper,0,infantry,1930,1,1939,0,0,1,0,20,12,0,13,0,0,3,0,2,0,0,0,0,154,50,0,0,0,0,0,0,0,0,0,0,0,0,0,0,0,0,0,0,0,0,0,31,0,0,0,0
171,15,Sniper,15,sniper,0,infantry,1945,4,1948,0,0,1,0,20,12,0,13,0,0,3,0,2,0,0,0,0,141,50,0,0,0,0,0,0,0,0,0,0,0,0,0,0,0,0,0,0,0,0,0,0,0,0,0,0
172,15,MMG Sqd,9,machine gun,0,infantry,1937,1,1938,0,0,4,0,17,8,0,13,0,2,2,0,9,0,0,0,0,120,60,0,0,0,87,4,0,135,40,0,0,0,0,0,0,0,0,0,0,0,0,0,0,0,0,0,0
173,15,HMG Sqd ,10,heavy machine gun,0,infantry,1930,1,1938,0,0,4,0,17,6,0,2,0,3,2,0,9,0,0,0,0,100,60,0,0,0,87,4,0,135,40,0,0,0,0,0,0,0,0,0,0,0,0,0,0,0,0,0,0
174,15,Ins MMG Sqd,9,machine gun,0,infantry,1944,8,1944,0,0,4,0,19,8,0,13,0,2,2,0,9,0,0,0,0,123,60,0,0,0,87,4,0,222,40,0,0,0,0,0,0,0,0,0,0,0,0,0,0,0,0,0,0
175,15,HMG Squad,10,heavy machine gun,0,infantry,1945,4,1949,0,1,5,0,22,6,0,21,0,3,2,0,9,0,0,0,0,122,60,0,0,0,87,5,0,222,40,0,0,0,0,0,0,0,0,0,0,0,0,0,0,0,0,0,0
176,15,HMG Squad,10,heavy machine gun,0,infantry,1945,4,1949,0,1,5,0,32,6,0,22,0,3,2,0,9,0,0,0,0,124,60,0,0,0,87,5,0,218,40,0,0,0,0,0,0,0,0,0,0,0,0,0,0,0,0,0,0
177,15,Militia Squad,19,second line infantry,0,infantry,1939,1,1941,0,1,10,0,16,8,0,13,0,0,0,0,9,0,0,0,0,157,40,0,0,0,85,1,2,115,4,0,0,0,0,0,0,0,0,0,0,0,0,0,0,0,0,0,0
178,15,AT Rifle Team,54,AT infantry,5,anti-tank,1936,1,1938,0,0,2,0,18,8,0,13,0,0,0,0,9,0,0,0,0,142,0,40,0,0,114,40,0,0,0,0,0,0,0,0,0,0,0,0,0,0,0,0,0,0,0,0,0
179,15,AT Mine Team,54,AT infantry,5,anti-tank,1942,1,1949,0,0,2,0,9,10,0,13,0,0,0,0,9,0,0,0,0,86,0,6,0,0,114,40,0,0,0,0,0,0,0,0,0,0,0,0,0,0,0,0,0,0,0,0,0
180,15,AT Rifle Team,54,AT infantry,5,anti-tank,1944,8,1949,0,0,2,0,16,8,0,13,0,0,0,0,9,0,0,0,0,136,0,40,0,0,2,40,0,0,0,0,0,0,0,0,0,0,0,0,0,0,0,0,0,0,0,0,0
181,15,Engineer Squad,7,motorized engineers,0,infantry,1930,1,1938,0,1,10,0,31,9,0,20,0,0,0,0,9,0,0,0,0,157,50,0,0,0,97,50,0,83,6,0,84,4,0,0,0,0,0,0,0,0,0,0,0,0,0,0,0
182,15,IND Platoon Ldr,82,platoon HQ,9,C&C,1940,5,1940,0,1,9,0,16,9,0,13,0,0,0,0,9,0,0,0,0,7,40,0,0,0,113,8,0,114,40,0,0,0,0,0,0,0,0,0,0,0,0,0,0,0,0,0,0
183,15,IND Rifle Sec,5,armored infantry,0,infantry,1940,5,1940,0,1,12,0,22,9,0,10,0,0,0,0,9,0,0,0,0,4,50,0,0,0,94,12,0,95,50,0,113,6,0,0,0,0,0,0,0,0,0,0,0,0,0,0,0
184,15,IND HMG Sqd,10,heavy machine gun,0,infantry,1940,5,1940,0,0,4,0,19,6,0,13,0,3,2,0,9,0,0,0,0,101,60,0,0,0,113,4,0,27,40,0,0,0,0,0,0,0,0,0,0,0,0,0,0,0,0,0,0
185,15,IND Company HQ,4,motorized infantry,0,infantry,1941,1,1945,0,1,10,0,20,9,0,93,0,0,0,0,9,0,0,0,0,242,50,0,0,0,86,0,4,5,40,0,116,5,0,0,0,0,0,0,0,0,0,0,0,0,0,0,0
186,15,IND Company HQ,4,motorized infantry,0,infantry,1940,5,1940,0,1,10,0,16,9,0,13,0,0,0,0,9,0,0,0,0,4,50,0,0,0,113,8,0,114,40,0,0,0,0,0,0,0,0,0,0,0,0,0,0,0,0,0,0
187,15,IND Sniper,15,sniper,0,infantry,1942,1,1945,0,0,1,0,20,12,0,13,0,0,3,0,4,0,0,0,0,149,50,0,0,0,0,0,0,0,0,0,0,0,0,0,0,0,0,0,0,0,0,0,0,0,0,0,0
188,15,Platoon Leader,82,platoon HQ,9,C&C,1930,1,1941,0,1,9,0,17,9,0,93,0,0,0,0,9,0,0,0,0,135,40,0,0,0,115,8,0,97,50,0,0,0,0,0,0,0,0,0,0,0,0,0,0,0,0,0,0
189,15,SK Platoon Ldr,82,platoon HQ,9,C&C,1939,1,1944,0,1,9,0,17,9,0,13,0,0,0,0,9,0,0,0,0,135,40,0,0,0,117,8,0,97,50,0,0,0,0,0,0,0,0,0,0,0,0,0,0,0,0,0,0
190,15,Rifle Squad,3,heavy infantry,0,infantry,1930,1,1938,0,1,10,0,25,9,0,30,0,0,0,0,9,0,0,0,0,157,50,0,0,0,97,50,0,84,4,0,115,10,0,0,0,0,0,0,0,0,0,0,0,0,0,0,0
191,15,SK Rifle Sqd,3,heavy infantry,0,infantry,1939,1,1942,0,1,10,0,25,9,0,30,0,0,0,0,9,0,0,0,0,157,50,0,0,0,142,0,15,97,50,0,115,8,0,0,0,0,0,0,0,0,0,0,0,0,0,0,0
192,15,SK Rifle Sqd,3,heavy infantry,0,infantry,1942,1,1944,0,1,10,0,26,9,0,30,0,0,0,0,9,0,0,0,0,157,50,0,0,0,88,0,20,97,50,0,117,8,0,0,0,0,0,0,0,0,0,0,0,0,0,0,0
193,15,SK Rifle Sqd,3,heavy infantry,0,infantry,1944,9,1944,0,1,10,0,25,9,0,30,0,0,0,0,9,0,0,0,0,157,50,0,0,0,89,0,4,97,50,0,117,8,0,0,0,0,0,0,0,0,0,0,0,0,0,0,0
194,15,Rifle Squad,3,heavy infantry,0,infantry,1945,4,1949,0,1,10,0,33,9,0,30,0,0,0,0,9,0,0,0,0,144,50,0,0,0,92,0,6,98,50,0,87,10,0,0,0,0,0,0,0,0,0,0,0,0,0,0,0
195,15,SK Mortar Sqd,42,mortar,4,artillery,1939,1,1944,0,1,5,0,25,2,0,93,0,2,0,0,8,0,0,0,0,56,50,0,0,0,135,40,0,0,0,0,0,0,0,0,0,0,0,0,0,0,0,0,0,0,0,0,0
196,15,SK MMG Sqd,9,machine gun,0,infantry,1939,1,1944,0,0,4,0,22,8,0,13,0,2,2,0,9,0,0,0,0,102,60,0,0,0,117,4,0,27,40,0,0,0,0,0,0,0,0,0,0,0,0,0,0,0,0,0,0
197,15,SK Sniper,15,sniper,0,infantry,1939,1,1944,0,0,1,0,20,12,0,13,0,0,3,0,2,0,0,0,0,146,50,0,0,0,0,0,0,0,0,0,0,0,0,0,0,0,0,0,0,0,0,0,31,0,0,0,0
198,15,MMG Squad,9,machine gun,0,infantry,1945,4,1949,0,0,4,0,22,8,0,13,0,2,2,0,9,0,0,0,0,123,60,0,0,0,87,4,0,135,40,0,0,0,0,0,0,0,0,0,0,0,0,0,0,0,0,0,0
199,15,Company HQ,4,motorized infantry,0,infantry,1930,1,1941,0,1,10,0,23,9,0,93,0,0,0,0,9,0,0,0,0,157,50,0,0,0,86,0,4,97,50,0,115,8,0,0,0,0,0,0,0,0,0,0,0,0,0,0,0
200,15,GE Thor 60c Mrt,48,SP artillery,4,artillery,1941,12,1942,0,6,18,0,101,4,0,93,0,2,1,0,2,0,255,0,0,192,50,0,0,0,0,0,0,0,0,0,0,0,0,0,0,0,0,0,0,0,0,0,0,0,0,0,0
201,15,GE OB Thor Batt,49,offboard artillery,4,artillery,1941,12,1942,0,6,18,0,196,0,0,93,0,2,0,0,2,0,255,0,0,192,40,0,0,0,192,40,0,192,40,0,192,40,0,0,0,0,0,0,0,0,0,0,0,0,0,0,0
202,15,Company HQ,4,motorized infantry,0,infantry,1944,8,1944,0,1,10,0,16,9,0,13,0,0,0,0,9,0,0,0,0,144,50,0,0,0,87,8,0,98,50,0,114,40,0,0,0,0,0,0,0,0,0,0,0,0,0,0,0
203,15,Ins Platoon Ldr,82,platoon HQ,9,C&C,1944,8,1944,0,1,9,0,17,9,0,13,0,0,0,0,9,0,0,0,0,135,40,0,0,0,87,8,0,97,50,0,0,0,0,0,0,0,0,0,0,0,0,0,0,0,0,0,0
204,15,SK Company HQ,4,motorized infantry,0,infantry,1939,1,1944,0,1,10,0,20,9,0,93,0,0,0,0,9,0,0,0,0,157,50,0,0,0,117,8,0,97,50,0,114,40,0,0,0,0,0,0,0,0,0,0,0,0,0,0,0
205,15,Avia B534,92,aircraft,11,air force,1935,1,1944,0,3,1,0,47,4,0,91,0,4,1,0,9,0,255,0,0,161,15,4,0,0,180,3,0,180,3,0,0,0,0,9,0,0,0,0,0,0,0,0,0,0,0,0,0
206,15,Letov S 328,92,aircraft,11,air force,1935,1,1944,0,3,2,0,43,3,0,81,0,4,1,0,9,0,255,0,0,160,12,2,0,0,239,3,0,239,3,0,0,0,0,5,0,0,0,0,0,1,0,0,0,0,0,0,0
207,15,Aero Ab 100,92,aircraft,11,air force,1935,1,1942,0,4,2,0,34,3,0,90,0,4,1,0,9,0,255,0,0,240,6,0,0,0,0,0,0,0,0,0,0,0,0,10,0,0,0,0,0,0,0,0,0,0,0,0,0
208,15,Aero A 100,92,aircraft,11,air force,1935,1,1942,0,4,2,0,45,3,0,91,0,4,1,0,9,0,255,0,0,240,2,0,0,0,239,3,0,239,3,0,0,0,0,10,0,0,0,0,0,0,0,0,0,0,0,0,0
209,15,SK Engineer Sqd,7,motorized engineers,0,infantry,1939,1,1944,0,1,10,0,31,9,0,22,0,0,0,0,9,0,0,0,0,157,50,0,0,0,97,50,0,83,6,0,84,4,0,0,0,0,0,0,0,0,0,0,0,0,0,0,0
210,15,SK Engineer Sqd,6,engineers,0,infantry,1939,1,1944,0,1,10,0,26,9,0,22,0,0,0,0,9,0,0,0,0,157,50,0,0,0,97,50,0,84,4,0,115,8,0,0,0,0,0,0,0,0,0,0,0,0,0,0,0
211,15,La-5  FN,92,aircraft,11,air force,1945,4,1949,0,3,1,0,52,5,0,90,0,4,1,0,9,0,255,0,0,167,16,2,0,0,239,2,0,0,0,0,0,0,0,9,0,0,0,0,0,0,0,0,0,0,0,0,0
212,15,Tupolev G-2,94,cargo aircraft,11,air force,1945,4,1949,0,5,2,0,37,4,0,90,0,0,0,0,0,26,255,0,0,0,0,0,0,0,0,0,0,0,0,0,0,0,0,10,0,0,0,0,0,0,0,0,0,0,0,0,0
213,15,B-71,92,aircraft,11,air force,1937,1,1939,0,4,4,0,66,5,0,92,0,4,1,0,9,0,255,0,0,159,20,2,0,0,240,3,0,240,3,0,0,0,0,10,0,0,0,0,0,0,0,0,0,0,0,0,0
214,15,Cloche,105,fort,13,fortification,1935,12,1939,0,3,8,4,81,0,0,51,0,0,5,0,6,0,255,0,0,184,50,0,0,0,115,20,0,184,50,0,0,0,0,105,105,105,38,105,105,76,70,0,18,5,22,22,22
215,15,AT Pillbox,105,fort,13,fortification,1936,1,1949,0,1,16,3,143,0,0,40,0,4,5,0,6,0,255,0,0,24,60,120,0,0,0,0,0,0,0,0,0,0,0,105,76,51,38,76,51,38,70,22,34,22,0,34,22
216,15,Type 37A Bunker,105,fort,13,fortification,1936,12,1939,0,1,7,4,107,0,0,90,0,3,5,0,9,0,255,0,0,120,50,0,0,0,115,20,0,97,50,0,184,50,0,105,105,105,0,105,105,76,70,12,22,22,0,22,22
217,15,Type 37K Bunker,105,fort,13,fortification,1938,9,1939,0,1,7,4,131,0,0,90,0,4,5,0,9,0,255,0,0,24,50,0,0,0,115,20,0,97,50,0,184,50,0,105,105,105,0,105,105,76,70,12,22,22,0,22,22
218,15,Blockhouse,105,fort,13,fortification,1938,2,1939,0,3,15,5,122,0,0,90,0,4,5,0,9,0,255,0,0,231,90,0,0,0,115,20,0,100,50,0,184,40,0,105,76,76,0,105,105,51,70,10,10,10,0,10,10
219,15,Type 36 Bunker,105,fort,13,fortification,1936,12,1939,0,1,4,4,90,0,0,90,0,0,5,0,9,0,255,0,0,97,50,0,0,0,115,7,0,184,50,0,0,0,0,105,105,105,0,105,105,76,70,12,22,22,0,22,22
220,15,Log Rifle Pit,105,fort,13,fortification,1930,1,1949,0,1,5,1,47,0,0,30,0,0,5,0,9,0,255,0,0,157,50,0,0,0,87,10,0,87,10,0,97,50,0,38,38,38,0,51,51,25,70,0,0,0,0,0,0
221,15,Log MG Bunker,105,fort,13,fortification,1930,1,1949,0,1,9,1,67,0,0,30,0,0,5,0,9,0,255,0,0,97,50,0,0,0,87,20,0,184,50,0,184,50,0,76,51,51,15,51,51,38,70,22,22,22,0,22,22
222,15,Gun Emplacement,60,turreted tank destroyer,5,anti-tank,1938,1,1939,0,1,16,3,97,0,0,40,0,0,0,0,6,0,255,0,0,14,60,60,0,0,115,10,0,97,50,0,184,50,0,51,51,51,15,76,76,38,70,0,0,0,0,0,0
223,15,Gun Emplacement,60,turreted tank destroyer,5,anti-tank,1938,1,1949,0,1,16,3,84,0,0,40,0,0,0,0,6,0,255,0,0,231,100,0,0,0,115,10,0,120,50,0,184,50,0,51,51,51,15,76,76,38,70,0,0,0,0,0,0
224,15,MG Nest,105,fort,13,fortification,1930,1,1949,0,1,12,1,71,0,0,30,0,3,5,0,9,0,255,0,0,100,180,0,0,0,87,15,0,185,50,0,0,0,0,76,51,51,0,51,51,38,70,0,0,0,0,0,0
225,15,Casemate,60,turreted tank destroyer,5,anti-tank,1938,1,1939,0,4,20,6,136,0,0,52,0,4,1,0,7,0,255,0,0,70,25,25,0,0,115,20,0,120,50,0,0,0,0,130,130,130,76,95,95,76,0,18,18,18,5,22,22
226,15,Hvy Pillbox,105,fort,13,fortification,1943,1,1944,0,4,20,5,194,0,0,30,0,4,5,0,6,0,255,0,0,70,90,0,0,0,24,30,60,120,90,0,97,50,0,152,105,105,76,105,105,76,70,5,18,18,5,18,18
227,15,Tatra 82 FO,73,FO vehicle,8,recon,1935,1,1949,0,2,2,1,18,50,0,90,0,0,0,0,9,6,224,0,0,114,50,0,0,0,0,0,0,0,0,0,0,0,0,0,0,0,0,0,0,0,0,0,0,0,0,0,0
228,15,Hlinka Guard,19,second line infantry,0,infantry,1938,3,1944,0,1,10,0,16,8,0,13,0,0,0,0,9,0,0,0,0,157,40,0,0,0,114,40,0,0,0,0,0,0,0,0,0,0,0,0,0,0,0,0,0,0,0,0,0
229,15,Pack Mules,91,pack animal,10,transport,1930,1,1949,0,2,2,1,5,12,0,0,0,0,0,0,9,105,124,0,0,114,50,0,0,0,0,0,0,0,0,0,0,0,0,0,0,0,0,0,0,0,0,0,0,0,0,0,0
230,15,Gun Team,90,gun team,10,transport,1930,1,1949,0,4,4,2,7,16,0,0,0,0,0,0,9,208,240,0,0,114,50,0,0,0,0,0,0,0,0,0,0,0,0,0,0,0,0,0,0,0,0,0,0,0,0,0,0
231,15,Wagon,88,wagon,10,transport,1930,1,1949,0,3,2,1,5,18,0,0,0,0,0,0,9,106,240,0,0,114,50,0,0,0,0,0,0,0,0,0,0,0,0,0,0,0,0,0,0,0,0,0,0,0,0,0,0
232,15,SK Commander,81,force HQ,9,C&C,1939,1,1944,0,1,6,0,188,8,0,90,0,0,0,0,9,0,0,0,0,157,40,0,0,0,117,3,0,114,30,0,0,0,0,0,0,0,0,0,0,0,0,0,0,0,0,0,0
233,15,CS Commander,81,force HQ,9,C&C,1944,8,1949,0,1,6,0,188,8,0,90,0,0,0,0,9,0,0,0,0,144,40,0,0,0,87,3,0,114,30,0,0,0,0,0,0,0,0,0,0,0,0,0,0,0,0,0,0
234,15,Ammo Carrier,110,ammo carrier,14,other,1930,1,1939,0,4,2,1,46,23,0,50,0,0,0,0,9,0,230,0,0,0,0,0,0,0,0,0,0,0,0,0,0,0,0,0,0,0,0,0,0,0,0,0,0,0,0,0,0
235,15,Ammo Carrier,110,ammo carrier,14,other,1940,1,1945,0,4,2,1,46,18,0,50,0,0,0,0,9,0,228,0,0,0,0,0,0,0,0,0,0,0,0,0,0,0,0,0,0,0,0,0,0,0,0,0,0,0,0,0,0
236,15,Ammo Carrier,110,ammo carrier,14,other,1946,1,1949,0,4,2,1,46,18,0,50,0,0,0,0,9,0,230,0,0,0,0,0,0,0,0,0,0,0,0,0,0,0,0,0,0,0,0,0,0,0,0,0,0,0,0,0,0
237,15,Tatra T92 FO,73,FO vehicle,8,recon,1930,1,1936,0,3,4,3,18,25,0,92,0,0,0,0,9,0,226,0,0,114,50,0,0,0,0,0,0,0,0,0,0,0,0,0,0,0,0,0,0,0,0,0,0,0,0,0,0
238,15,Command Post,106,gun emplacement,13,fortification,1941,1,1944,0,5,20,1,135,0,0,90,0,0,0,0,9,0,250,0,0,3,50,0,0,0,116,7,0,0,0,0,0,0,0,0,0,0,0,0,0,0,0,0,0,0,0,0,0
239,15,Command Post,106,gun emplacement,13,fortification,1930,1,1940,0,5,20,1,137,0,0,90,0,0,0,0,9,0,250,0,0,157,50,0,0,0,87,7,0,0,0,0,0,0,0,0,0,0,0,0,0,0,0,0,0,0,0,0,0
240,15,Command Post,106,gun emplacement,13,fortification,1944,8,1949,0,5,20,1,137,0,0,93,0,0,0,0,9,0,250,0,0,2,50,0,0,0,87,5,0,0,0,0,0,0,0,0,0,0,0,0,0,0,0,0,0,0,0,0,0
241,15,FO Team,72,forward observer,8,recon,1930,1,1949,0,0,1,0,23,8,0,93,0,0,0,0,9,0,0,0,0,157,40,0,0,0,0,0,0,0,0,0,0,0,0,0,0,0,0,0,0,0,0,0,0,0,0,0,0
242,15,FO Team,72,forward observer,8,recon,1941,1,1945,0,0,2,0,24,8,0,93,0,0,0,0,9,0,0,0,0,242,40,0,0,0,0,0,0,0,0,0,0,0,0,0,0,0,0,0,0,0,0,0,0,0,0,0,0
243,15,Ammo Boxes,110,ammo carrier,14,other,1930,1,1949,0,0,1,0,35,0,0,0,0,0,0,0,0,0,105,0,0,0,0,0,0,0,0,0,0,0,0,0,0,0,0,0,0,0,0,0,0,0,0,0,0,0,0,0,0
244,15,Ammo Dump,111,ammo dump,14,other,1930,1,1949,0,6,20,0,134,0,0,0,0,0,0,0,9,0,250,0,0,114,50,0,0,0,157,40,0,87,20,0,0,0,0,0,0,0,0,0,0,0,0,0,0,0,0,0,0
245,15,CS Commander,81,force HQ,9,C&C,1930,1,1938,0,1,6,0,200,8,0,90,0,0,0,0,9,0,0,0,0,157,40,0,0,0,87,3,0,114,30,0,0,0,0,0,0,0,0,0,0,0,0,0,0,0,0,0,0
246,15,Assault Boat,100,assault boat,12,navy,1930,1,1949,0,2,2,2,12,0,0,0,0,0,0,0,0,20,255,3,0,0,0,0,0,0,0,0,0,0,0,0,0,0,0,0,0,0,0,0,0,0,0,0,0,0,0,0,0
247,15,Barge,99,landing barge,12,navy,1930,1,1949,0,6,5,6,66,0,0,20,0,0,0,0,0,254,255,6,0,0,0,0,0,0,0,0,0,0,0,0,0,0,0,15,15,15,15,15,15,0,0,22,0,30,22,0,30
248,15,Barge Carrier,87,barge carrier,10,transport,1930,1,1949,0,6,6,4,53,19,0,50,0,0,0,0,9,0,232,0,0,114,50,0,0,0,0,0,0,0,0,0,0,0,0,0,0,0,0,0,0,0,0,0,0,0,0,0,0
249,15,Crewmen,109,crew,14,other,1930,1,1949,0,1,5,0,2,6,0,0,0,0,0,0,6,0,0,0,0,0,0,0,0,0,1,40,0,0,0,0,0,0,0,0,0,0,0,0,0,0,0,0,0,0,0,0,0
