rid,name,wclass,size,B17,warhead,pen.HE,pen.AP,kill.HE,kill.AP,accuracy,range_max,range_APCR,pen_APCR,pen_HEAT,B28,B29,B30,B31,B32,B33,B34,B35,B36,B37,B38,B39
1,,0,0,0,0,0,0,0,0,0,0,0,0,0,0,0,0,0,0,0,0,0,0,0,0,0
2,8mm Carbine,1,0,0,1,0,0,1,0,1,8,0,0,0,0,0,0,0,0,0,0,0,0,0,0,0
3,7.92mm MG34 LMG,2,0,0,1,0,0,8,0,20,12,0,0,0,0,0,0,0,0,0,0,0,0,0,0,0
4,,0,0,0,0,0,0,0,0,0,0,0,0,0,0,0,0,0,0,0,0,0,0,0,0,0
5,,0,0,0,0,0,0,0,0,0,0,0,0,0,0,0,0,0,0,0,0,0,0,0,0,0
6,7.92mm MG34 BMG,5,0,0,1,0,0,8,0,20,10,0,0,0,0,0,0,0,0,0,0,0,0,0,0,0
7,25mm SA34 L/72,6,0,0,2,1,5,1,0,18,35,0,0,0,0,0,0,0,0,0,0,0,0,0,0,0
8,25mm SA35 L/53,6,0,0,2,0,5,0,0,14,35,0,0,0,0,0,0,0,0,0,0,0,0,0,0,0
9,25mm SA37 L/78,6,0,0,2,0,5,0,0,20,35,0,0,0,0,0,0,0,0,0,0,0,0,0,0,0
10,,0,0,0,0,0,0,0,0,0,0,0,0,0,0,0,0,0,0,0,0,0,0,0,0,0
11,37mm M1 AA-Gun,4,0,0,2,1,6,13,0,13,40,0,0,0,0,0,0,0,0,0,0,0,0,0,0,0
12,37mm SA18 m.37,6,0,0,2,1,0,1,0,7,30,16,3,0,0,0,0,0,0,0,0,0,0,0,0,0
13,37mm SA35 (L33),6,0,0,2,1,4,1,0,8,35,0,0,0,0,0,0,0,0,0,0,0,0,0,0,0
14,37mm L36 Tp 98,6,0,0,2,1,4,1,0,9,40,20,7,0,0,0,0,0,0,0,0,0,0,0,0,0
15,37mm SA37 (L53),6,0,0,2,1,4,1,0,14,35,0,0,0,0,0,0,0,0,0,0,0,0,0,0,0
16,37mm M5 L53,6,0,0,2,1,6,1,0,13,40,0,0,0,0,0,0,0,0,0,0,0,0,0,0,0
17,40mm M1 AAG,4,0,0,3,1,7,15,0,14,46,0,0,0,0,0,0,0,0,0,0,0,0,0,0,0
18,37mm M6 L57,6,0,0,2,1,6,1,0,14,40,0,0,0,0,0,0,0,0,0,0,0,0,0,0,0
19,47mm SA34 (L21),6,0,0,3,1,0,2,0,6,45,16,3,0,0,0,0,0,0,0,0,0,0,0,0,0
20,2 Pounder Gun,6,0,0,3,1,7,1,0,13,45,45,8,0,0,0,0,0,0,0,0,0,0,0,0,0
21,47mm SA37 (L53),6,0,0,3,1,8,2,0,13,45,0,0,4,0,0,0,0,0,0,0,0,0,0,0,0
22,47mm SA35 (L34),6,0,0,3,1,5,2,0,9,45,0,0,4,0,0,0,0,0,0,0,0,0,0,0,0
23,47mm SA34 (L30),6,0,0,3,1,8,2,0,8,45,0,0,4,0,0,0,0,0,0,0,0,0,0,0,0
24,,0,0,0,0,0,0,0,0,0,0,0,0,0,0,0,0,0,0,0,0,0,0,0,0,0
25,,0,0,0,0,0,0,0,0,0,0,0,0,0,0,0,0,0,0,0,0,0,0,0,0,0
26,,0,0,0,0,0,0,0,0,0,0,0,0,0,0,0,0,0,0,0,0,0,0,0,0,0
27,57mm M1 AT-Gun,6,0,0,3,2,11,3,0,13,50,60,17,0,0,0,0,0,0,0,0,0,0,0,0,0
28,,0,0,0,0,0,0,0,0,0,0,0,0,0,0,0,0,0,0,0,0,0,0,0,0,0
29,6 Pounder Gun,6,0,0,3,2,11,3,0,13,50,60,17,0,0,0,0,0,0,0,0,0,0,0,0,0
30,60mm mle 35,3,0,0,4,1,0,7,0,3,28,2,0,0,0,0,0,0,0,0,0,0,0,0,0,0
31,,0,0,0,0,0,0,0,0,0,0,0,0,0,0,0,0,0,0,0,0,0,0,0,0,0
32,75mm BS gun,6,0,0,4,2,5,5,0,6,30,0,0,0,0,0,0,0,0,0,0,0,0,0,0,0
33,75mm Mle 1897FG,6,0,0,4,2,0,5,0,6,201,20,7,9,0,0,0,0,0,0,0,0,0,0,0,0
34,<75mm Howitzer,6,0,0,4,2,0,5,0,6,205,20,7,9,0,0,0,0,0,0,0,0,0,0,0,0
35,3in CSH,6,0,0,4,2,5,5,0,6,80,0,0,0,0,0,0,0,0,0,0,0,0,0,0,0
36,,0,0,0,0,0,0,0,0,0,0,0,0,0,0,0,0,0,0,0,0,0,0,0,0,0
37,3in Mortar,3,0,0,4,1,0,11,0,3,32,2,0,0,0,0,0,0,0,0,0,0,0,0,0,0
38,,0,0,0,0,0,0,0,0,0,0,0,0,0,0,0,0,0,0,0,0,0,0,0,0,0
39,75mm SA35 L17,6,0,0,4,2,5,5,0,6,60,0,0,0,0,0,0,0,0,0,0,0,0,0,0,0
40,,0,0,0,0,0,0,0,0,0,0,0,0,0,0,0,0,0,0,0,0,0,0,0,0,0
41,75mm Conus Gun,6,0,0,4,2,8,5,0,9,60,0,0,0,0,0,0,0,0,0,0,0,0,0,0,0
42,75mm M2 L31,6,0,0,4,2,8,5,0,8,60,0,0,0,0,0,0,0,0,0,0,0,0,0,0,0
43,,0,0,0,0,0,0,0,0,0,0,0,0,0,0,0,0,0,0,0,0,0,0,0,0,0
44,75mm M6 L39,6,0,0,4,2,10,5,0,10,65,0,0,0,0,0,0,0,0,0,0,0,0,0,0,0
45,75mm M3 L40,6,0,0,4,2,10,5,0,10,60,0,0,0,0,0,0,0,0,0,0,0,0,0,0,0
46,,0,0,0,0,0,0,0,0,0,0,0,0,0,0,0,0,0,0,0,0,0,0,0,0,0
47,7.5cm StK40 L48,6,0,0,4,2,13,5,0,12,70,50,17,9,0,0,0,0,0,0,0,0,0,0,0,0
48,75mm M42 Gun,6,0,0,4,2,16,5,0,17,80,60,23,9,0,0,0,0,0,0,0,0,0,0,0,0
49,,0,0,0,0,0,0,0,0,0,0,0,0,0,0,0,0,0,0,0,0,0,0,0,0,0
50,,0,0,0,0,0,0,0,0,0,0,0,0,0,0,0,0,0,0,0,0,0,0,0,0,0
51,,0,0,0,0,0,0,0,0,0,0,0,0,0,0,0,0,0,0,0,0,0,0,0,0,0
52,3in M7 L53,6,0,0,4,2,12,5,0,13,70,50,17,0,0,0,0,0,0,0,0,0,0,0,0,0
53,76mm M1A1 L55,6,0,0,4,2,12,5,0,13,70,50,17,0,0,0,0,0,0,0,0,0,0,0,0,0
54,,0,0,0,0,0,0,0,0,0,0,0,0,0,0,0,0,0,0,0,0,0,0,0,0,0
55,,0,0,0,0,0,0,0,0,0,0,0,0,0,0,0,0,0,0,0,0,0,0,0,0,0
56,81mm mle 27/31,3,0,0,4,1,0,11,0,3,50,2,0,0,0,0,0,0,0,0,0,0,0,0,0,0
57,,0,0,0,0,0,0,0,0,0,0,0,0,0,0,0,0,0,0,0,0,0,0,0,0,0
58,,0,0,0,0,0,0,0,0,0,0,0,0,0,0,0,0,0,0,0,0,0,0,0,0,0
59,,0,0,0,0,0,0,0,0,0,0,0,0,0,0,0,0,0,0,0,0,0,0,0,0,0
60,,0,0,0,0,0,0,0,0,0,0,0,0,0,0,0,0,0,0,0,0,0,0,0,0,0
61,88mm L71 KwK 43,6,0,0,5,2,24,7,0,18,90,70,28,10,0,0,0,0,0,0,0,0,0,0,0,0
62,,0,0,0,0,0,0,0,0,0,0,0,0,0,0,0,0,0,0,0,0,0,0,0,0,0
63,25 Pounder GH,6,0,0,5,2,0,7,0,7,202,70,8,11,0,0,0,0,0,0,0,0,0,0,0,0
64,,0,0,0,0,0,0,0,0,0,0,0,0,0,0,0,0,0,0,0,0,0,0,0,0,0
65,,0,0,0,0,0,0,0,0,0,0,0,0,0,0,0,0,0,0,0,0,0,0,0,0,0
66,105mm L Mle.36,7,0,0,5,3,0,11,0,6,206,0,0,0,0,0,0,0,0,0,0,0,0,0,0,0
67,155mm Gun GPF,7,0,0,8,4,0,21,0,6,209,0,0,0,0,0,0,0,0,0,0,0,0,0,0,0
68,105mm M4 L28,7,0,0,5,3,0,11,0,7,80,0,0,10,0,0,0,0,0,0,0,0,0,0,0,0
69,105mm mle 1913,7,0,0,5,3,0,11,0,6,202,0,0,12,0,0,0,0,0,0,0,0,0,0,0,0
70,105mm mle 1934B,7,0,0,5,3,0,11,0,6,201,0,0,12,0,0,0,0,0,0,0,0,0,0,0,0
71,105mm M2 FH,7,0,0,5,3,0,11,0,6,201,60,7,12,0,0,0,0,0,0,0,0,0,0,0,0
72,4.2in Mortar,3,0,0,4,2,0,15,0,3,75,3,0,0,0,0,0,0,0,0,0,0,0,0,0,0
73,,0,0,0,0,0,0,0,0,0,0,0,0,0,0,0,0,0,0,0,0,0,0,0,0,0
74,,0,0,0,0,0,0,0,0,0,0,0,0,0,0,0,0,0,0,0,0,0,0,0,0,0
75,,0,0,0,0,0,0,0,0,0,0,0,0,0,0,0,0,0,0,0,0,0,0,0,0,0
76,,0,0,0,0,0,0,0,0,0,0,0,0,0,0,0,0,0,0,0,0,0,0,0,0,0
77,M1919A6 LMG,2,0,0,1,0,0,5,0,20,12,0,0,0,0,0,0,0,0,0,0,0,0,0,0,0
78,7.5mm FM29 AAMG,4,0,0,1,0,0,5,0,17,24,0,0,0,0,0,0,0,0,0,0,0,0,0,0,0
79,,0,0,0,0,0,0,0,0,0,0,0,0,0,0,0,0,0,0,0,0,0,0,0,0,0
80,,0,0,0,0,0,0,0,0,0,0,0,0,0,0,0,0,0,0,0,0,0,0,0,0,0
81,,0,0,0,0,0,0,0,0,0,0,0,0,0,0,0,0,0,0,0,0,0,0,0,0,0
82,,0,0,0,0,0,0,0,0,0,0,0,0,0,0,0,0,0,0,0,0,0,0,0,0,0
83,Flamethrower,8,0,0,45,0,0,25,0,30,1,0,0,14,0,0,0,0,0,0,0,0,0,0,0,0
84,Satchel Charge,2,0,0,10,18,0,20,0,15,1,0,0,15,0,0,0,0,0,0,0,0,0,0,0,0
85,Molotov,8,0,0,3,4,222,4,0,12,1,0,0,9,0,0,0,0,0,0,0,0,0,0,0,0
86,,0,0,0,0,0,0,0,0,0,0,0,0,0,0,0,0,0,0,0,0,0,0,0,0,0
87,Hand Grenade,2,0,0,3,1,0,6,0,3,1,0,0,0,0,0,0,0,0,0,0,0,0,0,0,0
88,135mm Mortar,3,0,0,5,2,0,21,0,3,114,3,0,0,0,0,0,0,0,0,0,0,0,0,0,0
89,,0,0,0,0,0,0,0,0,0,0,0,0,0,0,0,0,0,0,0,0,0,0,0,0,0
90,,0,0,0,0,0,0,0,0,0,0,0,0,0,0,0,0,0,0,0,0,0,0,0,0,0
91,M1A1 Bazooka,2,0,0,4,2,222,4,0,4,4,0,0,10,0,0,0,0,0,0,0,0,0,0,0,0
92,M9A1 Rifle Grnd,2,0,0,3,1,222,3,0,1,2,0,0,10,0,0,0,0,0,0,0,0,0,0,0,0
93,VB Rifle Grnd,2,0,0,3,1,0,3,0,1,4,0,0,0,0,0,0,0,0,0,0,0,0,0,0,0
94,,0,0,0,0,0,0,0,0,0,0,0,0,0,0,0,0,0,0,0,0,0,0,0,0,0
95,7.5mm FM29 LMG,2,0,0,1,0,0,5,0,17,12,0,0,0,0,0,0,0,0,0,0,0,0,0,0,0
96,,0,0,0,0,0,0,0,0,0,0,0,0,0,0,0,0,0,0,0,0,0,0,0,0,0
97,.303in Bren LMG,2,0,12,1,0,0,5,0,21,12,0,0,0,0,0,0,0,0,0,0,0,0,0,0,0
98,7.5mm Reibel MG,3,0,0,1,0,0,5,0,17,30,0,0,0,0,0,0,0,0,0,0,0,0,0,0,0
99,7.92mm MG42 LMG,2,0,0,1,0,0,10,0,17,12,0,0,0,0,0,0,0,0,0,0,0,0,0,0,0
100,8mm FM14 MMG,3,0,0,1,0,0,5,0,24,24,0,0,0,0,0,0,0,0,0,0,0,0,0,0,0
101,13.2 FM30 TMG,5,0,0,1,1,0,9,0,17,40,0,0,0,0,0,0,0,0,0,0,0,0,0,0,0
102,4.5in Field Gun,7,0,0,6,3,0,13,0,10,209,0,0,0,0,0,0,0,0,0,0,0,0,0,0,0
103,,0,0,0,0,0,0,0,0,0,0,0,0,0,0,0,0,0,0,0,0,0,0,0,0,0
104,,0,0,0,0,0,0,0,0,0,0,0,0,0,0,0,0,0,0,0,0,0,0,0,0,0
105,,0,0,0,0,0,0,0,0,0,0,0,0,0,0,0,0,0,0,0,0,0,0,0,0,0
106,50 cal HMG,3,0,0,1,1,0,10,0,23,40,0,0,0,0,0,0,0,0,0,0,0,0,0,0,0
107,2in Mortar,3,0,0,3,0,0,4,0,3,10,2,0,0,0,0,0,0,0,0,0,0,0,0,0,0
108,,0,0,0,0,0,0,0,0,0,0,0,0,0,0,0,0,0,0,0,0,0,0,0,0,0
109,,0,0,0,0,0,0,0,0,0,0,0,0,0,0,0,0,0,0,0,0,0,0,0,0,0
110,155mm mle 17 FH,7,0,0,8,4,0,21,0,6,202,0,0,0,0,0,0,0,0,0,0,0,0,0,0,0
111,155mm Gun M1918,7,0,0,8,4,0,21,0,6,209,0,0,0,0,0,0,0,0,0,0,0,0,0,0,0
112,M1 Rifle,1,0,0,1,0,0,2,0,1,10,0,0,0,0,0,0,0,0,0,0,0,0,0,0,0
113,BAR,2,0,0,1,0,0,5,0,17,12,0,0,0,0,0,0,0,0,0,0,0,0,0,0,0
114,Pistolet,1,0,0,0,0,0,1,0,0,1,0,0,0,0,0,0,0,0,0,0,0,0,0,0,0
115,,0,0,0,0,0,0,0,0,0,0,0,0,0,0,0,0,0,0,0,0,0,0,0,0,0
116,,0,0,0,0,0,0,0,0,0,0,0,0,0,0,0,0,0,0,0,0,0,0,0,0,0
117,,0,0,0,0,0,0,0,0,0,0,0,0,0,0,0,0,0,0,0,0,0,0,0,0,0
118,Vickers HMG,3,0,0,1,0,0,5,0,23,30,0,0,0,0,0,0,0,0,0,0,0,0,0,0,0
119,,0,0,0,0,0,0,0,0,0,0,0,0,0,0,0,0,0,0,0,0,0,0,0,0,0
120,30cal M1919 MMG,3,0,0,1,0,0,5,0,20,24,0,0,0,0,0,0,0,0,0,0,0,0,0,0,0
121,30cal M1917 HMG,3,0,0,1,0,0,5,0,20,30,0,0,0,0,0,0,0,0,0,0,0,0,0,0,0
122,,0,0,0,0,0,0,0,0,0,0,0,0,0,0,0,0,0,0,0,0,0,0,0,0,0
123,,0,0,0,0,0,0,0,0,0,0,0,0,0,0,0,0,0,0,0,0,0,0,0,0,0
124,,0,0,0,0,0,0,0,0,0,0,0,0,0,0,0,0,0,0,0,0,0,0,0,0,0
125,,0,0,0,0,0,0,0,0,0,0,0,0,0,0,0,0,0,0,0,0,0,0,0,0,0
126,,0,0,0,0,0,0,0,0,0,0,0,0,0,0,0,0,0,0,0,0,0,0,0,0,0
127,,0,0,0,0,0,0,0,0,0,0,0,0,0,0,0,0,0,0,0,0,0,0,0,0,0
128,7.5mm FM31 BMG,5,0,0,1,0,0,5,0,17,10,0,0,0,0,0,0,0,0,0,0,0,0,0,0,0
129,,0,0,0,0,0,0,0,0,0,0,0,0,0,0,0,0,0,0,0,0,0,0,0,0,0
130,7.9mm Besa BMG,5,0,0,1,0,0,5,0,23,10,0,0,0,0,0,0,0,0,0,0,0,0,0,0,0
131,30 cal BMG,5,0,0,1,0,0,5,0,20,10,0,0,0,0,0,0,0,0,0,0,0,0,0,0,0
132,30 cal (2) BMG,5,0,0,1,0,0,8,0,20,10,0,0,0,0,0,0,0,0,0,0,0,0,0,0,0
133,50 cal (2) AAMG,4,0,0,1,1,0,15,0,23,40,0,0,0,0,0,0,0,0,0,0,0,0,0,0,0
134,Boys AT-Rifle,2,0,0,1,0,2,0,0,16,10,0,0,0,0,0,0,0,0,0,0,0,0,0,0,0
135,Vickers 'K' (2),4,0,0,1,0,0,12,0,16,24,0,0,0,0,0,0,0,0,0,0,0,0,0,0,0
136,75mm Pack How,6,0,0,4,2,0,5,0,6,192,0,0,9,0,0,0,0,0,0,0,0,0,0,0,0
137,,0,0,0,0,0,0,0,0,0,0,0,0,0,0,0,0,0,0,0,0,0,0,0,0,0
138,,0,0,0,0,0,0,0,0,0,0,0,0,0,0,0,0,0,0,0,0,0,0,0,0,0
139,30 cal AAMG,4,0,0,1,0,0,5,0,20,24,0,0,0,0,0,0,0,0,0,0,0,0,0,0,0
140,50 cal AAMG,4,0,0,1,1,0,10,0,23,40,0,0,0,0,0,0,0,0,0,0,0,0,0,0,0
141,,0,0,0,0,0,0,0,0,0,0,0,0,0,0,0,0,0,0,0,0,0,0,0,0,0
142,,0,0,0,0,0,0,0,0,0,0,0,0,0,0,0,0,0,0,0,0,0,0,0,0,0
143,<Hotchkiss ATR>,2,0,0,2,0,2,0,0,16,12,0,0,4,0,0,0,0,0,0,0,0,0,0,0,0
144,M1 Carbine,1,0,0,1,0,0,2,0,1,5,0,0,0,0,0,0,0,0,0,0,0,0,0,0,0
145,,0,0,0,0,0,0,0,0,0,0,0,0,0,0,0,0,0,0,0,0,0,0,0,0,0
146,Sniper Rifle,1,0,0,1,0,0,2,0,30,15,0,0,0,0,0,0,0,0,0,0,0,0,0,0,0
147,20mm Oerlikon,4,0,0,2,1,3,12,0,18,30,0,0,0,0,0,0,0,0,0,0,0,0,0,0,0
148,.303 Bren AAMG,4,0,12,1,0,0,5,0,21,24,0,0,0,0,0,0,0,0,0,0,0,0,0,0,0
149,,0,0,0,0,0,0,0,0,0,0,0,0,0,0,0,0,0,0,0,0,0,0,0,0,0
150,,0,0,0,0,0,0,0,0,0,0,0,0,0,0,0,0,0,0,0,0,0,0,0,0,0
151,,0,0,0,0,0,0,0,0,0,0,0,0,0,0,0,0,0,0,0,0,0,0,0,0,0
152,,0,0,0,0,0,0,0,0,0,0,0,0,0,0,0,0,0,0,0,0,0,0,0,0,0
153,,0,0,0,0,0,0,0,0,0,0,0,0,0,0,0,0,0,0,0,0,0,0,0,0,0
154,,0,0,0,0,0,0,0,0,0,0,0,0,0,0,0,0,0,0,0,0,0,0,0,0,0
155,7.92mm MG34 CMG,5,0,0,1,0,0,8,0,20,24,0,0,0,0,0,0,0,0,0,0,0,0,0,0,0
156,,0,0,0,0,0,0,0,0,0,0,0,0,0,0,0,0,0,0,0,0,0,0,0,0,0
157,Kar 98k Rifle,1,0,0,1,0,0,1,0,1,10,0,0,0,0,0,0,0,0,0,0,0,0,0,0,0
158,MP38/40 SMG,1,0,0,1,0,0,5,0,1,3,0,0,0,0,0,0,0,0,0,0,0,0,0,0,0
159,,0,0,0,0,0,0,0,0,0,0,0,0,0,0,0,0,0,0,0,0,0,0,0,0,0
160,7.5mm MG,11,0,0,1,0,0,5,0,17,30,0,0,0,0,0,0,0,0,0,0,0,0,0,0,0
161,,0,0,0,0,0,0,0,0,0,0,0,0,0,0,0,0,0,0,0,0,0,0,0,0,0
162,30 cal MG,11,0,0,1,0,0,5,0,20,30,0,0,0,0,0,0,0,0,0,0,0,0,0,0,0
163,,0,0,0,0,0,0,0,0,0,0,0,0,0,0,0,0,0,0,0,0,0,0,0,0,0
164,50 cal MG,11,0,0,1,1,0,10,0,23,40,0,0,0,0,0,0,0,0,0,0,0,0,0,0,0
165,,0,0,0,0,0,0,0,0,0,0,0,0,0,0,0,0,0,0,0,0,0,0,0,0,0
166,20mm HS-404,11,0,0,2,4,0,11,0,21,27,0,0,0,0,0,0,0,0,0,0,0,0,0,0,0
167,20mm Hispano,11,0,0,2,4,0,10,0,21,25,0,0,0,0,0,0,0,0,0,0,0,0,0,0,0
168,,0,0,0,0,0,0,0,0,0,0,0,0,0,0,0,0,0,0,0,0,0,0,0,0,0
169,37mm M4 Cannon,11,0,0,2,6,0,11,0,11,35,0,0,0,0,0,0,0,0,0,0,0,0,0,0,0
170,,0,0,0,0,0,0,0,0,0,0,0,0,0,0,0,0,0,0,0,0,0,0,0,0,0
171,,0,0,0,0,0,0,0,0,0,0,0,0,0,0,0,0,0,0,0,0,0,0,0,0,0
172,,0,0,0,0,0,0,0,0,0,0,0,0,0,0,0,0,0,0,0,0,0,0,0,0,0
173,ERMA SMG,1,0,0,1,0,0,5,0,1,3,0,0,0,0,0,0,0,0,0,0,0,0,0,0,0
174,,0,0,0,0,0,0,0,0,0,0,0,0,0,0,0,0,0,0,0,0,0,0,0,0,0
175,5" HVAR Rocket,11,0,0,5,4,0,19,0,1,96,0,0,0,0,0,0,0,0,0,0,0,0,0,0,0
176,,0,0,0,0,0,0,0,0,0,0,0,0,0,0,0,0,0,0,0,0,0,0,0,0,0
177,30 cal CMG,5,0,0,1,0,0,5,0,20,24,0,0,0,0,0,0,0,0,0,0,0,0,0,0,0
178,MAS 36 Rifle,1,0,0,1,0,0,1,0,1,10,0,0,0,0,0,0,0,0,0,0,0,0,0,0,0
179,7.9mm Besa CMG,5,0,0,1,0,0,5,0,23,24,0,0,0,0,0,0,0,0,0,0,0,0,0,0,0
180,,0,0,0,0,0,0,0,0,0,0,0,0,0,0,0,0,0,0,0,0,0,0,0,0,0
181,100kg Bomb,11,0,0,10,4,0,20,0,1,1,0,0,0,0,0,0,0,0,0,0,0,0,0,0,0
182,224kg Bomb,11,0,0,24,6,0,48,0,1,1,0,0,0,0,0,0,0,0,0,0,0,0,0,0,0
183,Explosion**,11,0,0,48,8,0,96,0,1,1,0,0,0,0,0,0,0,0,0,0,0,0,0,0,0
184,Hawkins Mine,2,0,0,4,3,222,3,0,1,1,0,0,4,0,0,0,0,0,0,0,0,0,0,0,0
185,,0,0,0,0,0,0,0,0,0,0,0,0,0,0,0,0,0,0,0,0,0,0,0,0,0
186,340mm Naval Gun,10,0,0,19,8,0,59,0,60,221,0,0,0,0,0,0,0,0,0,0,0,0,0,0,0
187,,0,0,0,0,0,0,0,0,0,0,0,0,0,0,0,0,0,0,0,0,0,0,0,0,0
188,7.7mm Vickers,11,0,0,1,1,0,5,0,8,12,0,0,0,0,0,0,0,0,0,0,0,0,0,0,0
189,,0,0,0,0,0,0,0,0,0,0,0,0,0,0,0,0,0,0,0,0,0,0,0,0,0
190,138mm Naval Gun,10,0,0,8,3,0,18,0,60,213,0,0,0,0,0,0,0,0,0,0,0,0,0,0,0
191,152mm Naval Gun,10,0,0,9,4,0,21,0,60,215,0,0,0,0,0,0,0,0,0,0,0,0,0,0,0
192,,0,0,0,0,0,0,0,0,0,0,0,0,0,0,0,0,0,0,0,0,0,0,0,0,0
193,,0,0,0,0,0,0,0,0,0,0,0,0,0,0,0,0,0,0,0,0,0,0,0,0,0
194,,0,0,0,0,0,0,0,0,0,0,0,0,0,0,0,0,0,0,0,0,0,0,0,0,0
195,,0,0,0,0,0,0,0,0,0,0,0,0,0,0,0,0,0,0,0,0,0,0,0,0,0
196,,0,0,0,0,0,0,0,0,0,0,0,0,0,0,0,0,0,0,0,0,0,0,0,0,0
197,,0,0,0,0,0,0,0,0,0,0,0,0,0,0,0,0,0,0,0,0,0,0,0,0,0
198,500kg Bomb,11,0,0,50,8,0,100,0,1,1,0,0,0,0,0,0,0,0,0,0,0,0,0,0,0
199,,0,0,0,0,0,0,0,0,0,0,0,0,0,0,0,0,0,0,0,0,0,0,0,0,0
200,,0,0,0,0,0,0,0,0,0,0,0,0,0,0,0,0,0,0,0,0,0,0,0,0,0
201,,0,0,0,0,0,0,0,0,0,0,0,0,0,0,0,0,0,0,0,0,0,0,0,0,0
202,203mm Naval Gun,10,0,0,12,5,0,31,0,60,218,0,0,0,0,0,0,0,0,0,0,0,0,0,0,0
203,,0,0,0,0,0,0,0,0,0,0,0,0,0,0,0,0,0,0,0,0,0,0,0,0,0
204,380mm Naval Gun,10,0,0,21,9,0,66,0,60,223,0,0,0,0,0,0,0,0,0,0,0,0,0,0,0
205,.303 Bren MG,5,0,12,1,0,0,5,0,21,12,0,0,0,0,0,0,0,0,0,0,0,0,0,0,0
206,194mm mle GPF,7,0,0,10,4,0,29,0,6,208,0,0,0,0,0,0,0,0,0,0,0,0,0,0,0
207,.303 Bren BMG,5,0,12,1,0,0,5,0,21,10,0,0,0,0,0,0,0,0,0,0,0,0,0,0,0
208,,0,0,0,0,0,0,0,0,0,0,0,0,0,0,0,0,0,0,0,0,0,0,0,0,0
209,,0,0,0,0,0,0,0,0,0,0,0,0,0,0,0,0,0,0,0,0,0,0,0,0,0
210,25mm AA-Gun,4,0,0,2,1,5,12,0,15,35,0,0,0,0,0,0,0,0,0,0,0,0,0,0,0
211,7.5mm FM31 TMG,5,0,0,1,0,0,5,0,17,24,0,0,0,0,0,0,0,0,0,0,0,0,0,0,0
212,7.5mm FM31 CMG,5,0,0,1,0,0,5,0,17,24,0,0,0,0,0,0,0,0,0,0,0,0,0,0,0
213,,0,0,0,0,0,0,0,0,0,0,0,0,0,0,0,0,0,0,0,0,0,0,0,0,0
214,,0,0,0,0,0,0,0,0,0,0,0,0,0,0,0,0,0,0,0,0,0,0,0,0,0
215,50cal Quad AAMG,4,0,0,1,1,0,19,0,23,40,0,0,0,0,0,0,0,0,0,0,0,0,0,0,0
216,MAS 38 SMG,1,0,0,1,0,0,5,0,1,3,0,0,0,0,0,0,0,0,0,0,0,0,0,0,0
217,Mousqueton,1,0,0,1,0,0,1,0,2,8,0,0,0,0,0,0,0,0,0,0,0,0,0,0,0
218,Booby trap,20,0,0,5,2,0,10,0,0,1,0,0,0,0,0,0,0,0,0,0,0,0,0,0,0
219,Demolition chrg,20,0,0,48,8,0,96,0,0,1,0,0,0,0,0,0,0,0,0,0,0,0,0,0,0
220,Fougasse,18,0,0,5,10,0,100,0,0,1,0,0,0,0,0,0,0,0,0,0,0,0,0,0,0
221,81mm M1 Mortar,3,0,0,4,1,0,11,0,3,53,6,0,0,0,0,0,0,0,0,0,0,0,0,0,0
222,8mm (2) BMG,5,0,0,1,0,0,8,0,21,10,0,0,0,0,0,0,0,0,0,0,0,0,0,0,0
223,,0,0,0,0,0,0,0,0,0,0,0,0,0,0,0,0,0,0,0,0,0,0,0,0,0
224,,0,0,0,0,0,0,0,0,0,0,0,0,0,0,0,0,0,0,0,0,0,0,0,0,0
225,13.2mm (2) AAMG,4,0,0,1,1,0,14,0,17,40,0,0,0,0,0,0,0,0,0,0,0,0,0,0,0
226,,0,0,0,0,0,0,0,0,0,0,0,0,0,0,0,0,0,0,0,0,0,0,0,0,0
227,60mm M2 Mortar,3,0,0,4,1,0,7,0,3,40,0,0,0,0,0,0,0,0,0,0,0,0,0,0,0
228,13.2mm M31 AAMG,4,0,0,1,1,0,9,0,17,40,0,0,0,0,0,0,0,0,0,0,0,0,0,0,0
229,7.7 Type 97 CMG,5,0,0,1,0,0,5,0,23,24,0,0,0,0,0,0,0,0,0,0,0,0,0,0,0
230,105mm M3,7,0,0,5,3,0,11,0,6,166,0,0,12,0,0,0,0,0,0,0,0,0,0,0,0
231,Mle 16 Rifle,1,0,0,1,0,0,1,0,1,10,0,0,0,0,0,0,0,0,0,0,0,0,0,0,0
232,40mm (2) AA Gun,4,0,0,3,1,7,18,0,14,46,0,0,0,0,0,0,0,0,0,0,0,0,0,0,0
233,,0,0,0,0,0,0,0,0,0,0,0,0,0,0,0,0,0,0,0,0,0,0,0,0,0
234,37mm SA17 (L21),6,0,0,2,1,0,1,0,6,30,4,3,0,0,0,0,0,0,0,0,0,0,0,0,0
235,M1/M3 SMG,1,0,0,1,0,0,6,0,1,3,0,0,0,0,0,0,0,0,0,0,0,0,0,0,0
236,M1903 Rifle,1,0,0,1,0,0,1,0,1,10,0,0,0,0,0,0,0,0,0,0,0,0,0,0,0
237,Sten SMG,1,0,0,1,0,0,5,0,1,3,0,0,0,0,0,0,0,0,0,0,0,0,0,0,0
238,25kg Bomb,11,0,0,3,2,0,5,0,1,1,0,0,0,0,0,0,0,0,0,0,0,0,0,0,0
239,50kg Bomb,11,0,0,5,2,0,10,0,1,1,0,0,0,0,0,0,0,0,0,0,0,0,0,0,0
240,,0,0,0,0,0,0,0,0,0,0,0,0,0,0,0,0,0,0,0,0,0,0,0,0,0
241,200kg Bomb,11,0,0,20,6,0,40,0,1,1,0,0,0,0,0,0,0,0,0,0,0,0,0,0,0
242,.303 Rifle,1,0,0,1,0,0,1,0,1,10,0,0,0,0,0,0,0,0,0,0,0,0,0,0,0
243,M1928A1 SMG,1,0,0,1,0,0,6,0,1,3,0,0,0,0,0,0,0,0,0,0,0,0,0,0,0
244,,0,0,0,0,0,0,0,0,0,0,0,0,0,0,0,0,0,0,0,0,0,0,0,0,0
245,7.7 Type 97 TMG,5,0,0,1,0,0,5,0,23,24,0,0,0,0,0,0,0,0,0,0,0,0,0,0,0
246,25mm (2) AA-Gun,4,0,0,2,1,5,15,0,15,35,0,0,0,0,0,0,0,0,0,0,0,0,0,0,0
247,12kg Bomb,11,0,0,2,1,0,3,0,1,1,0,0,0,0,0,0,0,0,0,0,0,0,0,0,0
248,,0,0,0,0,0,0,0,0,0,0,0,0,0,0,0,0,0,0,0,0,0,0,0,0,0
249,7.7 Type 97 BMG,5,0,0,1,0,0,5,0,23,10,0,0,0,0,0,0,0,0,0,0,0,0,0,0,0
