id,name,wclass,size,B02,warhead,pen.HE,pen.AP,kill.HE,kill.AP,accuracy,range_max,range_APCR,pen_APCR,pen_HEAT,X1,X2,X3,X4,X5,X6,X7,X8,X9,X10,X11,X12
1,,0,0,0,0,0,0,0,0,0,0,0,0,0,0,0,0,0,0,0,0,0,0,0,0,0
2,M1895 Carbine,1,0,0,1,0,0,1,0,1,8,0,0,0,0,0,0,0,0,0,0,0,0,0,0,0
3,.303 Carbine,1,0,1,1,0,0,1,0,1,8,0,0,0,0,0,0,0,0,0,0,0,0,0,0,0
4,,0,0,0,0,0,0,0,0,0,0,0,0,0,0,0,0,0,0,0,0,0,0,0,0,0
5,,0,0,0,0,0,0,0,0,0,0,0,0,0,0,0,0,0,0,0,0,0,0,0,0,0
6,,0,0,0,0,0,0,0,0,0,0,0,0,0,0,0,0,0,0,0,0,0,0,0,0,0
7,,0,0,0,0,0,0,0,0,0,0,0,0,0,0,0,0,0,0,0,0,0,0,0,0,0
8,20mm Madsen L60,5,0,0,2,1,3,1,0,15,35,0,0,0,0,0,0,0,0,0,0,0,0,0,0,0
9,,0,0,0,0,0,0,0,0,0,0,0,0,0,0,0,0,0,0,0,0,0,0,0,0,0
10,,0,0,0,0,0,0,0,0,0,0,0,0,0,0,0,0,0,0,0,0,0,0,0,0,0
11,,0,0,0,0,0,0,0,0,0,0,0,0,0,0,0,0,0,0,0,0,0,0,0,0,0
12,37mm SA17 L21,6,0,6,2,1,0,1,0,6,30,4,3,0,0,0,0,0,0,0,0,0,0,0,0,0
13,37mm SA37 L33,6,0,6,2,1,3,1,0,8,35,0,0,0,0,0,0,0,0,0,0,0,0,0,0,0
14,37mm M30 L40,6,0,6,2,1,5,1,0,10,40,20,7,0,0,0,0,0,0,0,0,0,0,0,0,0
15,37mm M34/38 L45,6,0,6,2,1,5,1,0,11,40,20,7,0,0,0,0,0,0,0,0,0,0,0,0,0
16,37mm M6 L57,6,0,6,2,1,6,1,0,14,40,0,0,0,0,0,0,0,0,0,0,0,0,0,0,0
17,40mm Bofors AAG,4,0,6,3,1,7,15,0,14,46,0,0,0,0,0,0,0,0,0,0,0,0,0,0,0
18,,0,0,0,0,0,0,0,0,0,0,0,0,0,0,0,0,0,0,0,0,0,0,0,0,0
19,,0,0,0,0,0,0,0,0,0,0,0,0,0,0,0,0,0,0,0,0,0,0,0,0,0
20,2 Pounder Gun,6,0,7,3,1,7,1,0,13,45,0,0,0,0,0,0,0,0,0,0,0,0,0,0,0
21,,0,0,0,0,0,0,0,0,0,0,0,0,0,0,0,0,0,0,0,0,0,0,0,0,0
22,,0,0,0,0,0,0,0,0,0,0,0,0,0,0,0,0,0,0,0,0,0,0,0,0,0
23,47mm Bohler L39,6,0,7,3,1,6,2,0,10,40,0,0,0,0,0,0,0,0,0,0,0,0,0,0,0
24,,0,0,0,0,0,0,0,0,0,0,0,0,0,0,0,0,0,0,0,0,0,0,0,0,0
25,,0,0,0,0,0,0,0,0,0,0,0,0,0,0,0,0,0,0,0,0,0,0,0,0,0
26,,0,0,0,0,0,0,0,0,0,0,0,0,0,0,0,0,0,0,0,0,0,0,0,0,0
27,57mm 5 Veld M80,6,0,8,3,2,0,3,0,8,75,0,0,0,0,0,0,0,0,0,0,0,0,0,0,0
28,,0,0,0,0,0,0,0,0,0,0,0,0,0,0,0,0,0,0,0,0,0,0,0,0,0
29,6 Pounder Gun,6,0,7,3,2,11,3,0,13,50,60,17,0,0,0,0,0,0,0,0,0,0,0,0,0
30,60mm M.35,3,0,4,4,1,0,7,0,3,28,2,0,0,0,0,0,0,0,0,0,0,0,0,0,0
31,65mm 6 Veld M93,6,0,8,4,2,2,4,0,6,142,0,0,0,0,0,0,0,0,0,0,0,0,0,0,0
32,75mm 7 Veld M04,6,0,8,4,2,0,5,0,6,110,60,3,0,0,0,0,0,0,0,0,0,0,0,0,0
33,75mm Krupp M06,6,0,9,4,2,0,5,0,6,205,20,7,5,0,0,0,0,0,0,0,0,0,0,0,0
34,84mm 8 Veld M81,6,0,9,5,2,0,7,0,6,108,60,4,0,0,0,0,0,0,0,0,0,0,0,0,0
35,,0,0,0,0,0,0,0,0,0,0,0,0,0,0,0,0,0,0,0,0,0,0,0,0,0
36,,0,0,0,0,0,0,0,0,0,0,0,0,0,0,0,0,0,0,0,0,0,0,0,0,0
37,3in Mortar,3,0,0,4,1,0,11,0,3,32,2,0,0,0,0,0,0,0,0,0,0,0,0,0,0
38,17 Pounder Gun,6,0,9,4,2,16,5,0,15,70,70,24,0,0,0,0,0,0,0,0,0,0,0,0,0
39,,0,0,0,0,0,0,0,0,0,0,0,0,0,0,0,0,0,0,0,0,0,0,0,0,0
40,,0,0,0,0,0,0,0,0,0,0,0,0,0,0,0,0,0,0,0,0,0,0,0,0,0
41,,0,0,0,0,0,0,0,0,0,0,0,0,0,0,0,0,0,0,0,0,0,0,0,0,0
42,75mm M2 L31,6,0,8,4,2,8,5,0,8,60,0,0,0,0,0,0,0,0,0,0,0,0,0,0,0
43,,0,0,0,0,0,0,0,0,0,0,0,0,0,0,0,0,0,0,0,0,0,0,0,0,0
44,,0,0,0,0,0,0,0,0,0,0,0,0,0,0,0,0,0,0,0,0,0,0,0,0,0
45,75mm M3 L37,6,0,0,4,2,10,5,0,9,60,0,0,0,0,0,0,0,0,0,0,0,0,0,0,0
46,75mm M3 L40,6,0,0,4,2,10,5,0,10,60,0,0,0,0,0,0,0,0,0,0,0,0,0,0,0
47,75mm M6 L39,6,0,0,4,2,10,5,0,10,65,0,0,0,0,0,0,0,0,0,0,0,0,0,0,0
48,,0,0,0,0,0,0,0,0,0,0,0,0,0,0,0,0,0,0,0,0,0,0,0,0,0
49,,0,0,0,0,0,0,0,0,0,0,0,0,0,0,0,0,0,0,0,0,0,0,0,0,0
50,,0,0,0,0,0,0,0,0,0,0,0,0,0,0,0,0,0,0,0,0,0,0,0,0,0
51,,0,0,0,0,0,0,0,0,0,0,0,0,0,0,0,0,0,0,0,0,0,0,0,0,0
52,75mm Vickers AA,6,0,9,4,2,12,5,0,11,80,30,14,6,0,0,0,0,0,0,0,0,0,0,0,0
53,,0,0,0,0,0,0,0,0,0,0,0,0,0,0,0,0,0,0,0,0,0,0,0,0,0
54,,0,0,0,0,0,0,0,0,0,0,0,0,0,0,0,0,0,0,0,0,0,0,0,0,0
55,,0,0,0,0,0,0,0,0,0,0,0,0,0,0,0,0,0,0,0,0,0,0,0,0,0
56,80mm M28 Mortar,3,0,5,4,1,0,11,0,3,55,2,0,0,0,0,0,0,0,0,0,0,0,0,0,0
57,,0,0,0,0,0,0,0,0,0,0,0,0,0,0,0,0,0,0,0,0,0,0,0,0,0
58,,0,0,0,0,0,0,0,0,0,0,0,0,0,0,0,0,0,0,0,0,0,0,0,0,0
59,75mm Skoda AA,6,0,9,4,2,14,5,0,13,90,50,17,0,0,0,0,0,0,0,0,0,0,0,0,0
60,,0,0,0,0,0,0,0,0,0,0,0,0,0,0,0,0,0,0,0,0,0,0,0,0,0
61,,0,0,0,0,0,0,0,0,0,0,0,0,0,0,0,0,0,0,0,0,0,0,0,0,0
62,,0,0,0,0,0,0,0,0,0,0,0,0,0,0,0,0,0,0,0,0,0,0,0,0,0
63,25 Pounder GH,6,0,0,5,2,0,7,0,7,212,70,8,11,0,0,0,0,0,0,0,0,0,0,0,0
64,,0,0,0,0,0,0,0,0,0,0,0,0,0,0,0,0,0,0,0,0,0,0,0,0,0
65,,0,0,0,0,0,0,0,0,0,0,0,0,0,0,0,0,0,0,0,0,0,0,0,0,0
66,,0,0,0,0,0,0,0,0,0,0,0,0,0,0,0,0,0,0,0,0,0,0,0,0,0
67,3.7i Cannon L22,6,0,11,5,1,0,9,0,6,110,0,0,13,0,0,0,0,0,0,0,0,0,0,0,0
68,105mm M4 L28,7,0,0,5,3,0,11,0,7,80,0,0,10,0,0,0,0,0,0,0,0,0,0,0,0
69,,0,0,0,0,0,0,0,0,0,0,0,0,0,0,0,0,0,0,0,0,0,0,0,0,0
70,100mm Veld M27,7,0,12,5,1,0,11,0,6,202,0,0,10,0,0,0,0,0,0,0,0,0,0,0,0
71,105mm M13 Schn,7,0,0,5,2,8,11,0,6,202,0,0,10,0,0,0,0,0,0,0,0,0,0,0,0
72,4.2in Mortar,3,0,0,4,2,0,15,0,3,75,3,0,0,0,0,0,0,0,0,0,0,0,0,0,0
73,,0,0,0,0,0,0,0,0,0,0,0,0,0,0,0,0,0,0,0,0,0,0,0,0,0
74,120mm Krupp M11,7,0,12,7,2,0,15,0,6,209,0,0,11,0,0,0,0,0,0,0,0,0,0,0,0
75,120mm Staal M80,7,0,12,7,1,0,15,0,6,200,0,0,0,0,0,0,0,0,0,0,0,0,0,0,0
76,,0,0,0,0,0,0,0,0,0,0,0,0,0,0,0,0,0,0,0,0,0,0,0,0,0
77,,0,0,0,0,0,0,0,0,0,0,0,0,0,0,0,0,0,0,0,0,0,0,0,0,0
78,,0,0,0,0,0,0,0,0,0,0,0,0,0,0,0,0,0,0,0,0,0,0,0,0,0
79,150mm M20 L15,7,0,12,8,3,0,21,0,6,208,0,0,0,0,0,0,0,0,0,0,0,0,0,0,0
80,152mm M19 L17,7,0,12,8,3,0,21,0,6,209,0,0,0,0,0,0,0,0,0,0,0,0,0,0,0
81,,0,0,0,0,0,0,0,0,0,0,0,0,0,0,0,0,0,0,0,0,0,0,0,0,0
82,,0,0,0,0,0,0,0,0,0,0,0,0,0,0,0,0,0,0,0,0,0,0,0,0,0
83,Flamethrower,8,0,3,45,0,0,25,0,30,1,0,0,14,0,0,0,0,0,0,0,0,0,0,0,0
84,Satchel Charge,2,0,2,10,18,0,20,0,15,1,0,0,15,0,0,0,0,0,0,0,0,0,0,0,0
85,,0,0,0,0,0,0,0,0,0,0,0,0,0,0,0,0,0,0,0,0,0,0,0,0,0
86,Anti-Tank Mine,2,0,1,7,2,6,5,0,15,1,0,0,6,0,0,0,0,0,0,0,0,0,0,0,0
87,Hand Grenade,2,0,1,3,1,0,6,0,3,1,0,0,0,0,0,0,0,0,0,0,0,0,0,0,0
88,,0,0,0,0,0,0,0,0,0,0,0,0,0,0,0,0,0,0,0,0,0,0,0,0,0
89,,0,0,0,0,0,0,0,0,0,0,0,0,0,0,0,0,0,0,0,0,0,0,0,0,0
90,PIAT,2,0,4,5,2,222,2,0,2,2,0,0,10,0,0,0,0,0,0,0,0,0,0,0,0
91,,0,0,0,0,0,0,0,0,0,0,0,0,0,0,0,0,0,0,0,0,0,0,0,0,0
92,Rifle Grenade,2,0,0,3,1,222,5,0,2,3,0,0,5,0,0,0,0,0,0,0,0,0,0,0,0
93,VB Rifle Grnd,2,0,2,3,1,0,3,0,2,2,0,0,0,0,0,0,0,0,0,0,0,0,0,0,0
94,Madsen M.15 LMG,2,0,1,1,0,0,4,0,22,12,0,0,0,0,0,0,0,0,0,0,0,0,0,0,0
95,Breda M.30 LMG,2,0,1,1,0,0,4,0,20,12,0,0,0,0,0,0,0,0,0,0,0,0,0,0,0
96,Lewis M.25 LMG,2,0,0,1,0,0,5,0,22,12,0,0,0,0,0,0,0,0,0,0,0,0,0,0,0
97,.303in Bren LMG,2,0,1,1,0,0,5,0,21,12,0,0,0,0,0,0,0,0,0,0,0,0,0,0,0
98,,0,0,0,0,0,0,0,0,0,0,0,0,0,0,0,0,0,0,0,0,0,0,0,0,0
99,,0,0,0,0,0,0,0,0,0,0,0,0,0,0,0,0,0,0,0,0,0,0,0,0,0
100,M.18 No.1 HMG,3,0,2,1,0,0,5,0,23,30,0,0,0,0,0,0,0,0,0,0,0,0,0,0,0
101,15mm Besa TMG,5,0,0,1,1,2,10,0,26,40,0,0,0,0,0,0,0,0,0,0,0,0,0,0,0
102,4.5in Field Gun,7,0,12,6,3,0,13,0,10,214,0,0,0,0,0,0,0,0,0,0,0,0,0,0,0
103,8in Howitzer,7,0,12,11,5,0,31,0,6,209,0,0,0,0,0,0,0,0,0,0,0,0,0,0,0
104,,0,0,0,0,0,0,0,0,0,0,0,0,0,0,0,0,0,0,0,0,0,0,0,0,0
105,,0,0,0,0,0,0,0,0,0,0,0,0,0,0,0,0,0,0,0,0,0,0,0,0,0
106,50 cal M2 HMG,3,0,2,1,1,0,10,0,23,40,0,0,0,0,0,0,0,0,0,0,0,0,0,0,0
107,2in Mortar,3,0,2,3,0,0,5,0,3,10,2,0,0,0,0,0,0,0,0,0,0,0,0,0,0
108,,0,0,0,0,0,0,0,0,0,0,0,0,0,0,0,0,0,0,0,0,0,0,0,0,0
109,,0,0,0,0,0,0,0,0,0,0,0,0,0,0,0,0,0,0,0,0,0,0,0,0,0
110,,0,0,0,0,0,0,0,0,0,0,0,0,0,0,0,0,0,0,0,0,0,0,0,0,0
111,,0,0,0,0,0,0,0,0,0,0,0,0,0,0,0,0,0,0,0,0,0,0,0,0,0
112,,0,0,0,0,0,0,0,0,0,0,0,0,0,0,0,0,0,0,0,0,0,0,0,0,0
113,,0,0,0,0,0,0,0,0,0,0,0,0,0,0,0,0,0,0,0,0,0,0,0,0,0
114,M.11 Luger,1,0,0,0,0,0,1,0,0,1,0,0,0,0,0,0,0,0,0,0,0,0,0,0,0
115,,0,0,0,0,0,0,0,0,0,0,0,0,0,0,0,0,0,0,0,0,0,0,0,0,0
116,,0,0,0,0,0,0,0,0,0,0,0,0,0,0,0,0,0,0,0,0,0,0,0,0,0
117,Vickers HMG,3,0,2,1,0,0,5,0,23,30,0,0,0,0,0,0,0,0,0,0,0,0,0,0,0
118,M.18 No.2 HMG,3,0,2,1,0,0,6,0,23,30,0,0,0,0,0,0,0,0,0,0,0,0,0,0,0
119,7.9mm Besa CMG,5,0,2,1,0,0,5,0,23,24,0,0,0,0,0,0,0,0,0,0,0,0,0,0,0
120,Inf M.23 HMG,3,0,2,1,0,0,5,0,23,30,0,0,0,0,0,0,0,0,0,0,0,0,0,0,0
121,,0,0,0,0,0,0,0,0,0,0,0,0,0,0,0,0,0,0,0,0,0,0,0,0,0
122,,0,0,0,0,0,0,0,0,0,0,0,0,0,0,0,0,0,0,0,0,0,0,0,0,0
123,,0,0,0,0,0,0,0,0,0,0,0,0,0,0,0,0,0,0,0,0,0,0,0,0,0
124,.303in Bren MG,5,0,1,1,0,0,5,0,21,12,0,0,0,0,0,0,0,0,0,0,0,0,0,0,0
125,,0,0,0,0,0,0,0,0,0,0,0,0,0,0,0,0,0,0,0,0,0,0,0,0,0
126,7.92mm MG37 BMG,5,0,0,1,0,0,6,0,21,10,0,0,0,0,0,0,0,0,0,0,0,0,0,0,0
127,,0,0,0,0,0,0,0,0,0,0,0,0,0,0,0,0,0,0,0,0,0,0,0,0,0
128,7.5mm Lewis BMG,5,0,1,1,0,0,5,0,22,10,0,0,0,0,0,0,0,0,0,0,0,0,0,0,0
129,,0,0,0,0,0,0,0,0,0,0,0,0,0,0,0,0,0,0,0,0,0,0,0,0,0
130,,0,0,0,0,0,0,0,0,0,0,0,0,0,0,0,0,0,0,0,0,0,0,0,0,0
131,30 cal BMG,5,0,2,1,0,0,5,0,20,10,0,0,0,0,0,0,0,0,0,0,0,0,0,0,0
132,,0,0,0,0,0,0,0,0,0,0,0,0,0,0,0,0,0,0,0,0,0,0,0,0,0
133,30 cal (2) BMG,5,0,2,1,0,0,8,0,20,10,0,0,0,0,0,0,0,0,0,0,0,0,0,0,0
134,Boys AT-Rifle,2,0,0,1,0,2,0,0,16,10,0,0,3,0,0,0,0,0,0,0,0,0,0,0,0
135,,0,0,0,0,0,0,0,0,0,0,0,0,0,0,0,0,0,0,0,0,0,0,0,0,0
136,,0,0,0,0,0,0,0,0,0,0,0,0,0,0,0,0,0,0,0,0,0,0,0,0,0
137,Vickers CMG,5,0,2,1,0,0,5,0,23,30,0,0,0,0,0,0,0,0,0,0,0,0,0,0,0
138,,0,0,0,0,0,0,0,0,0,0,0,0,0,0,0,0,0,0,0,0,0,0,0,0,0
139,30 cal AAMG,4,0,2,1,0,0,5,0,20,24,0,0,0,0,0,0,0,0,0,0,0,0,0,0,0
140,50 cal M2 AAMG,4,0,2,1,1,0,10,0,23,40,0,0,0,0,0,0,0,0,0,0,0,0,0,0,0
141,,0,0,0,0,0,0,0,0,0,0,0,0,0,0,0,0,0,0,0,0,0,0,0,0,0
142,Tankbuks M.38,2,0,0,2,0,3,0,0,12,12,0,0,4,0,0,0,0,0,0,0,0,0,0,0,0
143,Hotchkiss ATR,2,0,0,2,0,2,0,0,16,12,0,0,4,0,0,0,0,0,0,0,0,0,0,0,0
144,,0,0,0,0,0,0,0,0,0,0,0,0,0,0,0,0,0,0,0,0,0,0,0,0,0
145,,0,0,0,0,0,0,0,0,0,0,0,0,0,0,0,0,0,0,0,0,0,0,0,0,0
146,Sniper Rifle,1,0,1,1,0,0,2,0,30,15,0,0,0,0,0,0,0,0,0,0,0,0,0,0,0
147,20mm Oerlikon,4,0,4,2,1,3,12,0,18,30,0,0,0,0,0,0,0,0,0,0,0,0,0,0,0
148,.303 Bren AAMG,4,0,2,1,0,0,5,0,21,24,0,0,0,0,0,0,0,0,0,0,0,0,0,0,0
149,M.18 No.1 AAMG,4,0,2,1,0,0,5,0,23,30,0,0,0,0,0,0,0,0,0,0,0,0,0,0,0
150,7.5mm (2) AAMG,4,0,3,1,0,0,8,0,22,24,0,0,0,0,0,0,0,0,0,0,0,0,0,0,0
151,Inf M.23 BMG,5,0,0,1,0,0,5,0,23,10,0,0,0,0,0,0,0,0,0,0,0,0,0,0,0
152,.303in Bren CMG,5,0,2,1,0,0,5,0,21,24,0,0,0,0,0,0,0,0,0,0,0,0,0,0,0
153,,0,0,0,0,0,0,0,0,0,0,0,0,0,0,0,0,0,0,0,0,0,0,0,0,0
154,,0,0,0,0,0,0,0,0,0,0,0,0,0,0,0,0,0,0,0,0,0,0,0,0,0
155,7.92mm MG37 CMG,5,0,2,1,0,0,6,0,21,24,0,0,0,0,0,0,0,0,0,0,0,0,0,0,0
156,,0,0,0,0,0,0,0,0,0,0,0,0,0,0,0,0,0,0,0,0,0,0,0,0,0
157,,0,0,0,0,0,0,0,0,0,0,0,0,0,0,0,0,0,0,0,0,0,0,0,0,0
158,PM M.39 SMG,1,0,1,1,0,0,5,0,1,3,0,0,0,0,0,0,0,0,0,0,0,0,0,0,0
159,.303 MG,11,0,2,1,0,0,5,0,23,30,0,0,0,0,0,0,0,0,0,0,0,0,0,0,0
160,7.7mm MG,11,0,2,1,0,0,5,0,23,30,0,0,0,0,0,0,0,0,0,0,0,0,0,0,0
161,7.92mm MG,11,0,2,1,0,0,5,0,25,30,0,0,0,0,0,0,0,0,0,0,0,0,0,0,0
162,30 cal MG,11,0,2,1,0,0,5,0,20,30,0,0,0,0,0,0,0,0,0,0,0,0,0,0,0
163,,0,0,0,0,0,0,0,0,0,0,0,0,0,0,0,0,0,0,0,0,0,0,0,0,0
164,50 cal MG,11,0,2,1,1,0,10,0,23,40,0,0,0,0,0,0,0,0,0,0,0,0,0,0,0
165,,0,0,0,0,0,0,0,0,0,0,0,0,0,0,0,0,0,0,0,0,0,0,0,0,0
166,20mm Hispano,11,0,1,2,4,0,10,0,21,25,0,0,0,0,0,0,0,0,0,0,0,0,0,0,0
167,,0,0,0,0,0,0,0,0,0,0,0,0,0,0,0,0,0,0,0,0,0,0,0,0,0
168,,0,0,0,0,0,0,0,0,0,0,0,0,0,0,0,0,0,0,0,0,0,0,0,0,0
169,,0,0,0,0,0,0,0,0,0,0,0,0,0,0,0,0,0,0,0,0,0,0,0,0,0
170,75mm M4 Cannon,11,0,8,4,10,0,5,0,10,60,0,0,0,0,0,0,0,0,0,0,0,0,0,0,0
171,,0,0,0,0,0,0,0,0,0,0,0,0,0,0,0,0,0,0,0,0,0,0,0,0,0
172,,0,0,0,0,0,0,0,0,0,0,0,0,0,0,0,0,0,0,0,0,0,0,0,0,0
173,,0,0,0,0,0,0,0,0,0,0,0,0,0,0,0,0,0,0,0,0,0,0,0,0,0
174,,0,0,0,0,0,0,0,0,0,0,0,0,0,0,0,0,0,0,0,0,0,0,0,0,0
175,M-8 4.5in Rckt,11,0,1,5,2,0,19,0,5,32,0,0,0,0,0,0,0,0,0,0,0,0,0,0,0
176,,0,0,0,0,0,0,0,0,0,0,0,0,0,0,0,0,0,0,0,0,0,0,0,0,0
177,30 cal CMG,5,0,2,1,0,0,5,0,20,24,0,0,0,0,0,0,0,0,0,0,0,0,0,0,0
178,Big Vickers CMG,5,0,2,1,0,0,11,0,14,40,0,0,0,0,0,0,0,0,0,0,0,0,0,0,0
179,Vickers TMG,5,0,2,1,0,0,5,0,23,30,0,0,0,0,0,0,0,0,0,0,0,0,0,0,0
180,110 lb Bomb,11,0,1,5,2,0,10,0,1,1,0,0,0,0,0,0,0,0,0,0,0,0,0,0,0
181,250 lb Bomb,11,0,1,12,4,0,24,0,1,1,0,0,0,0,0,0,0,0,0,0,0,0,0,0,0
182,500 lb Bomb,11,0,1,24,6,0,48,0,1,1,0,0,0,0,0,0,0,0,0,0,0,0,0,0,0
183,1000 lb Bomb,11,0,2,48,8,0,96,0,1,1,0,0,0,0,0,0,0,0,0,0,0,0,0,0,0
184,,0,0,0,0,0,0,0,0,0,0,0,0,0,0,0,0,0,0,0,0,0,0,0,0,0
185,,0,0,0,0,0,0,0,0,0,0,0,0,0,0,0,0,0,0,0,0,0,0,0,0,0
186,3in Naval Gun,10,0,0,5,2,0,5,0,60,205,0,0,0,0,0,0,0,0,0,0,0,0,0,0,0
187,3in CD Gun,10,0,8,5,2,0,5,0,60,205,0,0,0,0,0,0,0,0,0,0,0,0,0,0,0
188,5in Naval Gun,10,0,13,8,3,0,15,0,60,210,0,0,0,0,0,0,0,0,0,0,0,0,0,0,0
189,5in CD Gun,7,0,13,8,3,0,15,0,10,210,0,0,0,0,0,0,0,0,0,0,0,0,0,0,0
190,,0,0,0,0,0,0,0,0,0,0,0,0,0,0,0,0,0,0,0,0,0,0,0,0,0
191,6in Naval Gun,10,0,0,9,4,0,21,0,60,215,0,0,0,0,0,0,0,0,0,0,0,0,0,0,0
192,6in CD Gun,7,0,15,9,3,0,21,0,10,215,0,0,0,0,0,0,0,0,0,0,0,0,0,0,0
193,8in Naval Gun,10,0,20,12,5,0,31,0,60,218,0,0,0,0,0,0,0,0,0,0,0,0,0,0,0
194,,0,0,0,0,0,0,0,0,0,0,0,0,0,0,0,0,0,0,0,0,0,0,0,0,0
195,,0,0,0,0,0,0,0,0,0,0,0,0,0,0,0,0,0,0,0,0,0,0,0,0,0
196,,0,0,0,0,0,0,0,0,0,0,0,0,0,0,0,0,0,0,0,0,0,0,0,0,0
197,,0,0,0,0,0,0,0,0,0,0,0,0,0,0,0,0,0,0,0,0,0,0,0,0,0
198,,0,0,0,0,0,0,0,0,0,0,0,0,0,0,0,0,0,0,0,0,0,0,0,0,0
199,,0,0,0,0,0,0,0,0,0,0,0,0,0,0,0,0,0,0,0,0,0,0,0,0,0
200,,0,0,0,0,0,0,0,0,0,0,0,0,0,0,0,0,0,0,0,0,0,0,0,0,0
201,,0,0,0,0,0,0,0,0,0,0,0,0,0,0,0,0,0,0,0,0,0,0,0,0,0
202,,0,0,0,0,0,0,0,0,0,0,0,0,0,0,0,0,0,0,0,0,0,0,0,0,0
203,11in CD Gun,7,0,28,15,6,0,45,0,10,220,0,0,0,0,0,0,0,0,0,0,0,0,0,0,0
204,47mm SA34 L21,6,0,0,3,1,0,2,0,6,45,16,3,0,0,0,0,0,0,0,0,0,0,0,0,0
205,,0,0,0,0,0,0,0,0,0,0,0,0,0,0,0,0,0,0,0,0,0,0,0,0,0
206,,0,0,0,0,0,0,0,0,0,0,0,0,0,0,0,0,0,0,0,0,0,0,0,0,0
207,,0,0,0,0,0,0,0,0,0,0,0,0,0,0,0,0,0,0,0,0,0,0,0,0,0
208,,0,0,0,0,0,0,0,0,0,0,0,0,0,0,0,0,0,0,0,0,0,0,0,0,0
209,,0,0,0,0,0,0,0,0,0,0,0,0,0,0,0,0,0,0,0,0,0,0,0,0,0
210,,0,0,0,0,0,0,0,0,0,0,0,0,0,0,0,0,0,0,0,0,0,0,0,0,0
211,7.5mm Lewis TMG,5,0,2,1,0,0,5,0,22,24,0,0,0,0,0,0,0,0,0,0,0,0,0,0,0
212,7.5mm Lewis CMG,5,0,2,1,0,0,5,0,22,24,0,0,0,0,0,0,0,0,0,0,0,0,0,0,0
213,M1895 Rifle,1,0,1,1,0,0,1,0,1,10,0,0,0,0,0,0,0,0,0,0,0,0,0,0,0
214,,0,0,0,0,0,0,0,0,0,0,0,0,0,0,0,0,0,0,0,0,0,0,0,0,0
215,,0,0,0,0,0,0,0,0,0,0,0,0,0,0,0,0,0,0,0,0,0,0,0,0,0
216,,0,0,0,0,0,0,0,0,0,0,0,0,0,0,0,0,0,0,0,0,0,0,0,0,0
217,1.5in CD Gun,6,0,5,3,1,0,1,0,10,130,0,0,0,0,0,0,0,0,0,0,0,0,0,0,0
218,,0,0,0,0,0,0,0,0,0,0,0,0,0,0,0,0,0,0,0,0,0,0,0,0,0
219,,0,0,0,0,0,0,0,0,0,0,0,0,0,0,0,0,0,0,0,0,0,0,0,0,0
220,,0,0,0,0,0,0,0,0,0,0,0,0,0,0,0,0,0,0,0,0,0,0,0,0,0
221,,0,0,0,0,0,0,0,0,0,0,0,0,0,0,0,0,0,0,0,0,0,0,0,0,0
222,,0,0,0,0,0,0,0,0,0,0,0,0,0,0,0,0,0,0,0,0,0,0,0,0,0
223,,0,0,0,0,0,0,0,0,0,0,0,0,0,0,0,0,0,0,0,0,0,0,0,0,0
224,,0,0,0,0,0,0,0,0,0,0,0,0,0,0,0,0,0,0,0,0,0,0,0,0,0
225,2in CD Gun,6,0,5,4,2,0,3,0,10,150,0,0,0,0,0,0,0,0,0,0,0,0,0,0,0
226,,0,0,0,0,0,0,0,0,0,0,0,0,0,0,0,0,0,0,0,0,0,0,0,0,0
227,25kg Bomb,11,0,0,3,2,0,5,0,1,1,0,0,0,0,0,0,0,0,0,0,0,0,0,0,0
228,,0,0,0,0,0,0,0,0,0,0,0,0,0,0,0,0,0,0,0,0,0,0,0,0,0
229,Hawkins Mine,2,0,0,4,3,222,3,0,1,1,0,0,4,0,0,0,0,0,0,0,0,0,0,0,0
230,Madsen (2) TMG,5,0,2,1,0,0,6,0,22,24,0,0,0,0,0,0,0,0,0,0,0,0,0,0,0
231,Madsen (2) BMG,5,0,0,1,0,0,6,0,22,10,0,0,0,0,0,0,0,0,0,0,0,0,0,0,0
232,Booby trap,20,0,0,5,2,0,10,0,0,1,0,0,0,0,0,0,0,0,0,0,0,0,0,0,0
233,Demolition Chrg,20,0,0,48,8,0,96,0,0,1,0,0,0,0,0,0,0,0,0,0,0,0,0,0,0
234,Fougasse,18,0,0,5,10,0,100,0,0,1,0,0,0,0,0,0,0,0,0,0,0,0,0,0,0
235,Thompson SMG,1,0,1,1,0,0,6,0,1,3,0,0,0,0,0,0,0,0,0,0,0,0,0,0,0
236,,0,0,0,0,0,0,0,0,0,0,0,0,0,0,0,0,0,0,0,0,0,0,0,0,0
237,Sten SMG,1,0,1,1,0,0,5,0,1,3,0,0,0,0,0,0,0,0,0,0,0,0,0,0,0
238,,0,0,0,0,0,0,0,0,0,0,0,0,0,0,0,0,0,0,0,0,0,0,0,0,0
239,50kg Bomb,11,0,0,5,2,0,10,0,1,1,0,0,0,0,0,0,0,0,0,0,0,0,0,0,0
240,,0,0,0,0,0,0,0,0,0,0,0,0,0,0,0,0,0,0,0,0,0,0,0,0,0
241,250kg Bomb,11,0,0,25,6,0,50,0,1,1,0,0,0,0,0,0,0,0,0,0,0,0,0,0,0
242,.303 Rifle,1,0,1,1,0,0,1,0,1,10,0,0,0,0,0,0,0,0,0,0,0,0,0,0,0
243,500kg Bomb,11,0,0,50,8,0,100,0,1,1,0,0,0,0,0,0,0,0,0,0,0,0,0,0,0
244,Johnson M41 LMG,2,0,1,1,0,0,5,0,18,12,0,0,0,0,0,0,0,0,0,0,0,0,0,0,0
245,12.7 IM M30 TMG,3,0,3,1,1,0,10,0,23,40,0,0,0,0,0,0,0,0,0,0,0,0,0,0,0
246,,0,0,0,0,0,0,0,0,0,0,0,0,0,0,0,0,0,0,0,0,0,0,0,0,0
247,Johnson Rifle,1,0,1,1,0,0,2,0,1,10,0,0,0,0,0,0,0,0,0,0,0,0,0,0,0
248,5.5in Field Gun,7,0,0,6,3,0,19,0,6,213,0,0,0,0,0,0,0,0,0,0,0,0,0,0,0
249,,0,0,0,0,0,0,0,0,0,0,0,0,0,0,0,0,0,0,0,0,0,0,0,0,0
