id,nation,name,type,type,uclass,uclass,start_yr,start_mo,end_yr,end_mo,size,crew,survive,cost,speed,mclass,radio,irvis,fc,rf,stab,rof,load_cap,load_cost,swim,smkdev,wpn1,wpn1_HEammo,wpn1_APammo,wpn1_HEATammo,wpn1_APCRammo,wpn2,wpn2_HEammo,wpn2_APammo,wpn3,wpn3_HEammo,wpn3_APammo,wpn4,wpn4_HEammo,wpn4_APammo,arm_HE_FH,arm_HE_SH,arm_HE_RH,arm_HE_FT,arm_HE_ST,arm_HE_RT,arm_HE_TP,arm_HE_SK,arm_AP_FH,arm_AP_SH,arm_AP_RH,arm_AP_FT,arm_AP_ST,arm_AP_RT,arm_AP_TP,arm_AP_SK,slp_FH,slp_SH,slp_RH,slp_FT,slp_ST,slp_RT
70,32,Cueva,105,fort,13,fortification,1930,1,1939,4,1,10,3,33,0,0,90,0,3,3,0,9,0,0,0,0,118,120,0,0,0,213,120,0,206,120,0,213,120,0,0,0,0,0,0,0,0,0,6,8,10,2,12,14
71,32,Trinchera,105,fort,13,fortification,1936,11,1939,4,1,10,3,35,0,0,90,0,3,3,0,9,0,0,0,0,100,120,0,0,0,213,120,0,96,120,0,96,120,0,0,0,0,0,0,0,0,0,6,8,10,2,12,14
72,32,Trinchera,105,fort,13,fortification,1936,8,1939,4,3,10,4,39,0,0,90,0,4,4,0,8,0,0,0,0,14,60,60,0,0,213,120,0,93,120,0,96,120,0,0,0,0,0,0,0,0,0,6,8,10,2,12,14
73,32,Trinchera,105,fort,13,fortification,1937,5,1939,4,3,10,4,41,0,0,90,0,4,4,0,8,0,0,0,0,23,60,60,0,0,213,120,0,96,120,0,40,120,0,0,0,0,0,0,0,0,0,6,8,10,2,12,14
85,32,Obus 75 M28,47,howitzer,4,artillery,1938,7,1938,11,1,8,0,22,0,0,91,0,0,0,0,7,0,3,0,0,33,45,0,0,0,217,60,0,0,0,0,0,0,0,0,0,0,0,0,0,0,0,0,0,0,0,0,0
86,32,Obus 75mm L32,47,howitzer,4,artillery,1937,3,1938,6,1,6,0,20,0,0,91,0,0,0,0,7,0,3,0,0,30,45,0,0,0,217,60,0,0,0,0,0,0,0,0,0,0,0,0,0,0,0,0,0,0,0,0,0
87,32,Obus 75mm Schn,47,howitzer,4,artillery,1930,1,1939,12,1,6,0,20,0,0,92,0,0,0,0,7,0,3,0,0,41,45,0,0,0,217,60,0,0,0,0,0,0,0,0,0,0,0,0,0,0,0,0,0,0,0,0,0
88,32,Obus 76.2mm,47,howitzer,4,artillery,1937,1,1939,3,1,8,0,22,0,0,91,0,0,0,0,7,0,3,0,0,36,45,0,0,0,217,60,0,0,0,0,0,0,0,0,0,0,0,0,0,0,0,0,0,0,0,0,0
89,32,Obus 76.5mm,47,howitzer,4,artillery,1937,7,1937,9,1,8,0,22,0,0,91,0,0,0,0,7,0,3,0,0,39,45,0,0,0,217,60,0,0,0,0,0,0,0,0,0,0,0,0,0,0,0,0,0,0,0,0,0
90,32,Obus 77mm,47,howitzer,4,artillery,1936,12,1937,4,1,8,0,22,0,0,91,0,0,0,0,7,0,3,0,0,38,45,0,0,0,217,60,0,0,0,0,0,0,0,0,0,0,0,0,0,0,0,0,0,0,0,0,0
91,32,Obus 80mm,47,howitzer,4,artillery,1937,2,1937,7,1,9,0,25,0,0,91,0,0,0,0,7,0,3,0,0,61,45,0,0,0,217,60,0,0,0,0,0,0,0,0,0,0,0,0,0,0,0,0,0,0,0,0,0
92,32,Obus 100mm,47,howitzer,4,artillery,1930,1,1939,3,2,10,0,28,0,0,91,0,0,0,0,6,0,3,0,0,70,40,0,0,0,217,60,0,0,0,0,0,0,0,0,0,0,0,0,0,0,0,0,0,0,0,0,0
93,32,Obus 105mm,47,howitzer,4,artillery,1930,1,1939,4,1,10,0,28,0,0,92,0,0,0,0,6,0,3,0,0,71,40,0,0,0,217,60,0,0,0,0,0,0,0,0,0,0,0,0,0,0,0,0,0,0,0,0,0
94,32,Obus 107mm,47,howitzer,4,artillery,1937,6,1939,2,2,10,0,28,0,0,91,0,0,0,0,6,0,3,0,0,69,40,0,0,0,217,60,0,0,0,0,0,0,0,0,0,0,0,0,0,0,0,0,0,0,0,0,0
95,32,Obus 114mm,47,howitzer,4,artillery,1936,10,1939,3,2,10,0,28,0,0,91,0,0,0,0,6,0,3,0,0,102,35,0,0,0,217,60,0,0,0,0,0,0,0,0,0,0,0,0,0,0,0,0,0,0,0,0,0
96,32,Obus 122mm,47,howitzer,4,artillery,1937,1,1939,3,2,10,0,30,0,0,91,0,0,0,0,6,0,3,0,0,74,35,0,0,0,217,60,0,0,0,0,0,0,0,0,0,0,0,0,0,0,0,0,0,0,0,0,0
97,32,Obus 127mm,47,howitzer,4,artillery,1936,12,1937,6,2,10,0,30,0,0,91,0,0,0,0,5,0,3,0,0,77,35,0,0,0,217,60,0,0,0,0,0,0,0,0,0,0,0,0,0,0,0,0,0,0,0,0,0
99,32,Canon AT 20mm,55,AT gun,5,anti-tank,1938,9,1938,11,0,4,0,18,4,0,1,0,2,2,0,9,0,0,0,0,144,50,100,0,0,217,60,0,87,4,0,0,0,0,0,0,0,0,0,0,0,0,0,0,0,0,0,0
100,32,Canon AT 25mm,55,AT gun,5,anti-tank,1935,1,1939,3,0,4,0,19,2,0,1,0,2,2,0,9,0,1,0,0,9,50,100,0,0,217,60,0,87,4,0,0,0,0,0,0,0,0,0,0,0,0,0,0,0,0,0,0
101,32,Canon AT 37mm,55,AT gun,5,anti-tank,1937,5,1938,1,0,5,0,18,2,0,2,0,3,2,0,8,0,1,0,0,19,30,30,0,0,217,60,0,87,5,0,0,0,0,0,0,0,0,0,0,0,0,0,0,0,0,0,0
102,32,Canon AT 37mm,55,AT gun,5,anti-tank,1938,2,1939,3,0,5,0,18,2,0,2,0,3,2,0,8,0,1,0,0,15,20,40,0,0,217,60,0,87,5,0,0,0,0,0,0,0,0,0,0,0,0,0,0,0,0,0,0
103,32,Canon AT 45mm,55,AT gun,5,anti-tank,1937,3,1938,6,0,5,0,19,1,0,1,0,2,2,0,8,0,1,0,0,18,20,40,0,0,217,60,0,87,5,0,0,0,0,0,0,0,0,0,0,0,0,0,0,0,0,0,0
104,32,Canon AT 47mm,55,AT gun,5,anti-tank,1937,4,1939,3,0,5,0,18,1,0,1,0,2,2,0,8,0,1,0,0,21,30,30,0,0,217,60,0,87,5,0,0,0,0,0,0,0,0,0,0,0,0,0,0,0,0,0,0
105,32,Canon 76.2mm AA,113,*unknown value*,14,other,1937,2,1939,3,3,8,0,34,0,0,1,0,6,4,0,7,0,2,0,0,53,60,20,0,0,217,60,0,87,8,0,0,0,0,0,0,0,0,0,0,0,0,0,0,0,0,0,0
106,32,Canon Inf 37mm,113,*unknown value*,14,other,1930,1,1939,4,0,5,0,21,2,0,92,0,0,0,0,8,0,1,0,0,12,50,0,0,0,217,60,0,0,0,0,0,0,0,0,0,0,0,0,0,0,0,0,0,0,0,0,0
107,32,Canon Inf 37mm,55,AT gun,5,anti-tank,1930,1,1939,4,0,5,0,16,2,0,2,0,2,2,0,8,0,1,0,0,12,50,0,0,3,217,60,0,87,5,0,0,0,0,0,0,0,0,0,0,0,0,0,0,0,0,0,0
108,32,Canon Inf 37mm,55,AT gun,5,anti-tank,1936,11,1939,4,0,5,0,16,2,0,2,0,2,2,0,8,0,1,0,0,16,15,0,0,30,217,60,0,87,5,0,0,0,0,0,0,0,0,0,0,0,0,0,0,0,0,0,0
109,32,Canon Inf 40mm,113,*unknown value*,14,other,1930,1,1939,4,0,5,0,21,1,0,91,0,0,0,0,8,0,1,0,0,13,45,0,0,0,217,60,0,0,0,0,0,0,0,0,0,0,0,0,0,0,0,0,0,0,0,0,0
110,32,Canon Inf 40mm,55,AT gun,5,anti-tank,1930,1,1939,4,0,5,0,9,1,0,2,0,0,0,0,8,0,1,0,0,13,20,0,0,25,217,60,0,87,5,0,0,0,0,0,0,0,0,0,0,0,0,0,0,0,0,0,0
111,32,Canon Inf 65mm,113,*unknown value*,14,other,1930,1,1939,4,0,6,0,25,1,0,92,0,0,0,0,7,0,1,0,0,31,45,0,0,0,217,60,0,0,0,0,0,0,0,0,0,0,0,0,0,0,0,0,0,0,0,0,0
112,32,Canon Inf 65mm,55,AT gun,5,anti-tank,1937,4,1939,4,0,6,0,11,1,0,2,0,0,0,0,7,0,1,0,0,31,20,0,20,0,217,60,0,87,6,0,0,0,0,0,0,0,0,0,0,0,0,0,0,0,0,0,0
113,32,Canon Inf 70mm,113,*unknown value*,14,other,1930,1,1939,4,1,6,0,20,1,0,91,0,0,0,0,7,0,1,0,0,219,45,0,0,0,217,60,0,0,0,0,0,0,0,0,0,0,0,0,0,0,0,0,0,0,0,0,0
114,32,Canon Inf 70mm,55,AT gun,5,anti-tank,1936,9,1939,4,1,6,0,11,1,0,1,0,0,0,0,7,0,1,0,0,219,10,30,0,0,217,60,0,87,6,0,0,0,0,0,0,0,0,0,0,0,0,0,0,0,0,0,0
115,32,Canon Inf 76mm,113,*unknown value*,14,other,1936,11,1937,11,1,6,0,21,1,0,91,0,0,0,0,7,0,1,0,0,34,45,0,0,0,217,60,0,0,0,0,0,0,0,0,0,0,0,0,0,0,0,0,0,0,0,0,0
116,32,Canon Inf 105mm,113,*unknown value*,14,other,1930,1,1939,4,1,6,0,24,1,0,91,0,0,0,0,6,0,2,0,0,73,40,0,0,0,217,60,0,0,0,0,0,0,0,0,0,0,0,0,0,0,0,0,0,0,0,0,0
118,32,AmetralladoraAA,11,ski troops,0,infantry,1930,1,1939,4,1,4,0,12,2,0,2,0,1,1,0,9,0,0,0,0,149,90,0,0,0,217,60,0,87,4,0,0,0,0,0,0,0,0,0,0,0,0,0,0,0,0,0,0
119,32,AmetralladoraAA,11,ski troops,0,infantry,1930,1,1939,3,1,4,0,12,2,0,1,0,1,1,0,9,0,0,0,0,139,90,0,0,0,217,60,0,87,4,0,0,0,0,0,0,0,0,0,0,0,0,0,0,0,0,0,0
120,32,Canon AA 20mm,61,flak,6,anti-air,1930,1,1939,4,1,6,0,18,1,0,2,0,2,2,0,9,0,1,0,0,147,40,5,0,0,217,60,0,0,0,0,0,0,0,0,0,0,0,0,0,0,0,0,0,0,0,0,0
121,32,Canon AA 37mm,61,flak,6,anti-air,1936,11,1939,4,1,5,0,13,0,0,1,0,2,1,0,8,0,1,0,0,11,35,5,0,0,217,60,0,0,0,0,0,0,0,0,0,0,0,0,0,0,0,0,0,0,0,0,0
122,32,Canon AA 40mm,61,flak,6,anti-air,1936,11,1939,4,1,6,0,14,0,0,1,0,2,1,0,8,0,1,0,0,17,35,5,0,0,217,60,0,0,0,0,0,0,0,0,0,0,0,0,0,0,0,0,0,0,0,0,0
124,32,Bateria 75L32,113,*unknown value*,14,other,1937,3,1937,5,0,32,0,165,0,0,91,0,0,0,0,7,0,0,0,0,30,90,0,0,0,30,90,0,30,90,0,30,90,0,0,0,0,0,0,0,0,0,0,0,0,0,0,0
125,32,Bateria 75mm S,113,*unknown value*,14,other,1930,1,1937,5,0,32,0,164,0,0,92,0,0,0,0,7,0,0,0,0,41,90,0,0,0,41,90,0,41,90,0,41,90,0,0,0,0,0,0,0,0,0,0,0,0,0,0,0
126,32,Bateria 76.2mm,113,*unknown value*,14,other,1937,5,1937,5,0,32,0,163,0,0,91,0,0,0,0,7,0,0,0,0,36,90,0,0,0,36,90,0,36,90,0,36,90,0,0,0,0,0,0,0,0,0,0,0,0,0,0,0
127,32,Bateria 80mm,113,*unknown value*,14,other,1937,2,1937,5,0,32,0,179,0,0,91,0,0,0,0,7,0,0,0,0,61,90,0,0,0,61,90,0,61,90,0,61,90,0,0,0,0,0,0,0,0,0,0,0,0,0,0,0
128,32,Bateria 75/105,113,*unknown value*,14,other,1930,1,1936,6,0,32,0,187,0,0,92,0,0,0,0,7,0,0,0,0,41,90,0,0,0,41,90,0,71,90,0,71,90,0,0,0,0,0,0,0,0,0,0,0,0,0,0,0
129,32,Bateria 100mm,49,offboard artillery,4,artillery,1937,3,1937,5,0,32,0,195,0,0,91,0,0,0,0,6,0,0,0,0,70,80,0,0,0,70,80,0,70,80,0,70,80,0,0,0,0,0,0,0,0,0,0,0,0,0,0,0
130,32,Bateria 105mm,49,offboard artillery,4,artillery,1930,1,1937,5,0,32,0,200,0,0,91,0,0,0,0,6,0,0,0,0,71,80,0,0,0,71,80,0,71,80,0,71,80,0,0,0,0,0,0,0,0,0,0,0,0,0,0,0
131,32,Bateria 114mm,49,offboard artillery,4,artillery,1936,10,1937,5,0,32,0,203,0,0,91,0,0,0,0,6,0,0,0,0,102,70,0,0,0,102,70,0,102,70,0,102,70,0,0,0,0,0,0,0,0,0,0,0,0,0,0,0
132,32,Bateria 122mm,49,offboard artillery,4,artillery,1937,1,1937,5,0,32,0,218,0,0,91,0,0,0,0,6,0,0,0,0,74,70,0,0,0,74,70,0,74,70,0,74,70,0,0,0,0,0,0,0,0,0,0,0,0,0,0,0
133,32,Bateria 150mm,113,*unknown value*,14,other,1930,1,1937,5,0,48,0,254,0,0,91,0,0,0,0,5,0,0,0,0,109,60,0,0,0,109,60,0,109,60,0,109,60,0,0,0,0,0,0,0,0,0,0,0,0,0,0,0
134,32,Bateria 155mm,113,*unknown value*,14,other,1930,1,1937,5,0,48,0,255,0,0,91,0,0,0,0,5,0,0,0,0,111,60,0,0,0,111,60,0,111,60,0,111,60,0,0,0,0,0,0,0,0,0,0,0,0,0,0,0
136,32,Caballeria Mora,113,*unknown value*,14,other,1930,1,1936,7,2,8,0,20,12,0,3,0,0,0,0,9,0,25,1,0,217,80,0,0,0,217,80,0,87,16,0,87,16,0,0,0,0,0,0,0,0,0,0,0,0,0,0,0
137,32,Expl Mont Moros,113,*unknown value*,14,other,1930,1,1936,7,2,4,0,16,12,0,3,0,0,0,0,9,0,25,1,0,217,60,0,0,0,217,60,0,87,8,0,114,10,0,0,0,0,0,0,0,0,0,0,0,0,0,0,0
142,32,Bateria 75 M28,113,*unknown value*,14,other,1938,7,1938,11,0,24,0,141,0,0,91,0,0,0,0,7,0,0,0,0,33,90,0,0,0,33,90,0,33,90,0,0,0,0,0,0,0,0,0,0,0,0,0,0,0,0,0,0
143,32,Bateria 75L32,113,*unknown value*,14,other,1937,6,1938,6,0,24,0,144,0,0,91,0,0,0,0,7,0,0,0,0,30,90,0,0,0,30,90,0,30,90,0,0,0,0,0,0,0,0,0,0,0,0,0,0,0,0,0,0
144,32,Bateria 75mm S,113,*unknown value*,14,other,1937,6,1939,3,0,24,0,143,0,0,92,0,0,0,0,7,0,0,0,0,41,90,0,0,0,41,90,0,41,90,0,0,0,0,0,0,0,0,0,0,0,0,0,0,0,0,0,0
145,32,Bateria 76.2mm,113,*unknown value*,14,other,1937,6,1937,8,0,24,0,142,0,0,91,0,0,0,0,7,0,0,0,0,36,90,0,0,0,36,90,0,36,90,0,0,0,0,0,0,0,0,0,0,0,0,0,0,0,0,0,0
146,32,Bateria 80mm,113,*unknown value*,14,other,1937,6,1937,7,0,24,0,154,0,0,91,0,0,0,0,7,0,0,0,0,61,90,0,0,0,61,90,0,61,90,0,0,0,0,0,0,0,0,0,0,0,0,0,0,0,0,0,0
147,32,Bateria 100mm,49,offboard artillery,4,artillery,1937,6,1939,3,0,24,0,166,0,0,91,0,0,0,0,6,0,0,0,0,70,80,0,0,0,70,80,0,70,80,0,0,0,0,0,0,0,0,0,0,0,0,0,0,0,0,0,0
148,32,Bateria 105mm,49,offboard artillery,4,artillery,1937,6,1939,3,0,24,0,170,0,0,92,0,0,0,0,6,0,0,0,0,71,80,0,0,0,71,80,0,71,80,0,0,0,0,0,0,0,0,0,0,0,0,0,0,0,0,0,0
149,32,Bateria 107mm,49,offboard artillery,4,artillery,1937,6,1938,6,0,24,0,167,0,0,91,0,0,0,0,6,0,0,0,0,69,80,0,0,0,69,80,0,69,80,0,0,0,0,0,0,0,0,0,0,0,0,0,0,0,0,0,0
150,32,Bateria 114mm,49,offboard artillery,4,artillery,1937,6,1939,3,0,24,0,172,0,0,91,0,0,0,0,6,0,0,0,0,102,70,0,0,0,102,70,0,102,70,0,0,0,0,0,0,0,0,0,0,0,0,0,0,0,0,0,0
151,32,Bateria 122mm,49,offboard artillery,4,artillery,1937,6,1939,2,0,36,0,196,0,0,91,0,0,0,0,6,0,0,0,0,74,70,0,0,0,74,70,0,74,70,0,0,0,0,0,0,0,0,0,0,0,0,0,0,0,0,0,0
152,32,Bateria 150mm,113,*unknown value*,14,other,1937,6,1938,7,0,36,0,210,0,0,91,0,0,0,0,5,0,0,0,0,109,60,0,0,0,109,60,0,109,60,0,0,0,0,0,0,0,0,0,0,0,0,0,0,0,0,0,0
153,32,Bateria 152mm,113,*unknown value*,14,other,1937,7,1938,3,0,36,0,206,0,0,91,0,0,0,0,5,0,0,0,0,80,60,0,0,0,80,60,0,80,60,0,0,0,0,0,0,0,0,0,0,0,0,0,0,0,0,0,0
154,32,Bateria 155mm,113,*unknown value*,14,other,1937,7,1938,7,0,36,0,195,0,0,91,0,0,0,0,5,0,0,0,0,110,50,0,0,0,110,50,0,110,50,0,0,0,0,0,0,0,0,0,0,0,0,0,0,0,0,0,0
155,32,Bateria 155mm S,113,*unknown value*,14,other,1937,6,1938,7,0,36,0,211,0,0,92,0,0,0,0,5,0,0,0,0,111,60,0,0,0,111,60,0,111,60,0,0,0,0,0,0,0,0,0,0,0,0,0,0,0,0,0,0
156,32,210mm Canon,113,*unknown value*,14,other,1936,8,1939,3,0,24,0,135,0,0,91,0,0,0,0,3,0,0,0,0,103,40,0,0,0,0,0,0,0,0,0,0,0,0,0,0,0,0,0,0,0,0,0,0,0,0,0,0
157,32,260mm Mortero,113,*unknown value*,14,other,1930,1,1938,7,0,24,0,134,0,0,91,0,0,0,0,2,0,0,0,0,112,30,0,0,0,0,0,0,0,0,0,0,0,0,0,0,0,0,0,0,0,0,0,0,0,0,0,0
159,32,Bateria 150mm,113,*unknown value*,14,other,1938,8,1939,3,0,36,0,179,0,0,91,0,0,0,0,5,0,0,0,0,109,60,0,0,0,109,60,0,0,0,0,0,0,0,0,0,0,0,0,0,0,0,0,0,0,0,0,0
160,32,Bateria 155mm S,113,*unknown value*,14,other,1938,8,1939,3,0,24,0,168,0,0,92,0,0,0,0,5,0,0,0,0,111,60,0,0,0,111,60,0,0,0,0,0,0,0,0,0,0,0,0,0,0,0,0,0,0,0,0,0
161,32,Morteros SB,42,mortar,4,artillery,1935,9,1937,8,1,6,0,20,5,0,91,0,0,0,0,8,0,0,0,0,29,45,0,0,0,29,45,0,217,60,0,0,0,0,0,0,0,0,0,0,0,0,0,0,0,0,0,0
162,32,Morteros Valero,42,mortar,4,artillery,1933,9,1939,9,1,8,0,26,3,0,91,0,0,0,0,7,0,0,0,0,58,40,0,0,0,58,40,0,217,60,0,0,0,0,0,0,0,0,0,0,0,0,0,0,0,0,0,0
163,32,Morteros Ecia,42,mortar,4,artillery,1930,1,1939,12,1,9,0,23,5,0,93,0,0,0,0,8,0,0,0,0,40,45,0,0,0,40,45,0,40,45,0,205,60,0,0,0,0,0,0,0,0,0,0,0,0,0,0,0
164,32,Mrtrs Delaunay,42,mortar,4,artillery,1937,2,1938,3,1,8,0,22,4,0,92,0,0,0,0,7,0,1,0,0,32,40,0,0,0,32,40,0,217,60,0,0,0,0,0,0,0,0,0,0,0,0,0,0,0,0,0,0
165,32,Morteros Stokes,42,mortar,4,artillery,1930,1,1939,9,1,8,0,22,4,0,92,0,0,0,0,7,0,0,0,0,37,40,0,0,0,37,40,0,217,60,0,0,0,0,0,0,0,0,0,0,0,0,0,0,0,0,0,0
166,32,Morteros Brandt,42,mortar,4,artillery,1930,1,1937,12,1,8,0,25,3,0,92,0,0,0,0,7,0,0,0,0,56,40,0,0,0,56,40,0,217,60,0,0,0,0,0,0,0,0,0,0,0,0,0,0,0,0,0,0
167,32,Morteros URSS,42,mortar,4,artillery,1938,1,1939,4,1,8,0,28,3,0,90,0,0,0,0,7,0,0,0,0,57,40,0,0,0,57,40,0,217,60,0,0,0,0,0,0,0,0,0,0,0,0,0,0,0,0,0,0
168,32,Morteros Trinch,113,*unknown value*,14,other,1930,1,1939,9,1,8,0,22,1,0,91,0,0,0,0,5,0,0,0,0,72,25,0,0,0,72,25,0,217,60,0,0,0,0,0,0,0,0,0,0,0,0,0,0,0,0,0,0
170,32,101mm Fsl Naval,49,offboard artillery,4,artillery,1930,1,1939,4,0,99,0,221,0,0,91,0,0,0,0,6,0,0,0,0,198,140,0,0,0,0,0,0,0,0,0,0,0,0,0,0,0,0,0,0,0,0,0,0,0,0,0,0
171,32,120mm Fsl Naval,49,offboard artillery,4,artillery,1930,1,1939,3,0,99,0,236,0,0,92,0,0,0,0,6,0,0,0,0,199,140,0,0,0,0,0,0,0,0,0,0,0,0,0,0,0,0,0,0,0,0,0,0,0,0,0,0
172,32,152mm Fsl Naval,49,offboard artillery,4,artillery,1930,1,1939,3,0,99,0,248,0,0,90,0,0,0,0,5,0,0,0,0,201,120,0,0,0,0,0,0,0,0,0,0,0,0,0,0,0,0,0,0,0,0,0,0,0,0,0,0
173,32,152mmFsl Naval+,49,offboard artillery,4,artillery,1930,1,1939,3,0,99,0,317,0,0,90,0,0,0,0,5,0,0,0,0,201,240,0,0,0,0,0,0,0,0,0,0,0,0,0,0,0,0,0,0,0,0,0,0,0,0,0,0
174,32,305mm Fsl Naval,49,offboard artillery,4,artillery,1930,1,1937,6,0,99,0,262,0,0,90,0,0,0,0,2,0,0,0,0,195,60,0,0,0,0,0,0,0,0,0,0,0,0,0,0,0,0,0,0,0,0,0,0,0,0,0,0
175,32,Mortero Valero,113,*unknown value*,14,other,1933,9,1939,4,0,4,0,22,3,0,92,0,0,0,0,7,0,0,0,0,58,40,0,0,0,217,60,0,0,0,0,0,0,0,0,0,0,0,0,0,0,0,0,0,0,0,0,0
176,32,Mortero Ecia,113,*unknown value*,14,other,1930,1,1939,4,0,6,0,23,5,0,93,0,0,0,0,8,0,0,0,0,40,45,0,0,0,40,45,0,205,60,0,0,0,0,0,0,0,0,0,0,0,0,0,0,0,0,0,0
177,32,Mortero Stokes,113,*unknown value*,14,other,1930,1,1939,4,0,4,0,21,4,0,92,0,0,0,0,7,0,0,0,0,37,40,0,0,0,217,60,0,0,0,0,0,0,0,0,0,0,0,0,0,0,0,0,0,0,0,0,0
178,32,Mrtr Delaunay,113,*unknown value*,14,other,1937,2,1938,3,0,5,0,21,4,0,92,0,0,0,0,7,0,1,0,0,32,40,0,0,0,217,60,0,0,0,0,0,0,0,0,0,0,0,0,0,0,0,0,0,0,0,0,0
179,32,Mortero Brandt,113,*unknown value*,14,other,1930,1,1937,12,0,4,0,22,3,0,92,0,0,0,0,7,0,0,0,0,56,40,0,0,0,217,60,0,0,0,0,0,0,0,0,0,0,0,0,0,0,0,0,0,0,0,0,0
180,32,Mortero URSS,113,*unknown value*,14,other,1937,12,1939,4,0,4,0,24,3,0,90,0,0,0,0,7,0,0,0,0,57,40,0,0,0,217,60,0,0,0,0,0,0,0,0,0,0,0,0,0,0,0,0,0,0,0,0,0
181,32,Mortero SB,113,*unknown value*,14,other,1935,9,1937,8,0,3,0,18,5,0,91,0,0,0,0,8,0,0,0,0,29,45,0,0,0,217,60,0,0,0,0,0,0,0,0,0,0,0,0,0,0,0,0,0,0,0,0,0
182,32,Amet St.Etienne,113,*unknown value*,14,other,1930,1,1939,4,0,4,0,16,4,0,1,0,1,1,0,9,0,0,0,0,117,90,0,0,0,217,60,0,87,4,0,0,0,0,0,0,0,0,0,0,0,0,0,0,0,0,0,0
183,32,Amet. Maxim,113,*unknown value*,14,other,1936,11,1939,3,0,4,0,16,4,0,2,0,1,1,0,9,0,0,0,0,122,90,0,0,0,217,60,0,87,4,0,0,0,0,0,0,0,0,0,0,0,0,0,0,0,0,0,0
184,32,Amet. Vickers,113,*unknown value*,14,other,1936,10,1939,4,0,4,0,16,5,0,2,0,1,1,0,9,0,0,0,0,118,90,0,0,0,217,60,0,87,4,0,0,0,0,0,0,0,0,0,0,0,0,0,0,0,0,0,0
185,32,Amet Hotchkiss,113,*unknown value*,14,other,1930,1,1939,4,0,4,0,16,5,0,2,0,1,1,0,9,0,0,0,0,100,90,0,0,0,217,60,0,87,4,0,0,0,0,0,0,0,0,0,0,0,0,0,0,0,0,0,0
186,32,Amet. vz.37,113,*unknown value*,14,other,1938,3,1939,4,0,3,0,13,5,0,1,0,1,1,0,9,0,0,0,0,123,90,0,0,0,217,60,0,87,3,0,0,0,0,0,0,0,0,0,0,0,0,0,0,0,0,0,0
187,32,Amet. Colt,113,*unknown value*,14,other,1936,11,1938,6,0,4,0,16,4,0,1,0,1,1,0,9,0,0,0,0,101,90,0,0,0,217,60,0,87,4,0,0,0,0,0,0,0,0,0,0,0,0,0,0,0,0,0,0
188,32,Amet. Schwarz,113,*unknown value*,14,other,1936,11,1937,9,0,4,0,15,5,0,1,0,1,1,0,9,0,0,0,0,130,90,0,0,0,217,60,0,87,4,0,0,0,0,0,0,0,0,0,0,0,0,0,0,0,0,0,0
189,32,Amet Browning,113,*unknown value*,14,other,1937,1,1939,4,0,3,0,13,5,0,1,0,1,1,0,9,0,0,0,0,116,90,0,0,0,217,60,0,87,3,0,0,0,0,0,0,0,0,0,0,0,0,0,0,0,0,0,0
190,32,Carro Artilleri,113,*unknown value*,14,other,1930,1,1939,4,3,2,2,12,7,2,2,0,0,0,0,9,120,15,0,0,114,6,0,0,0,217,10,0,0,0,0,0,0,0,0,0,0,0,0,0,0,0,0,0,0,0,0,0
191,32,Mulas Paquete,113,*unknown value*,14,other,1930,1,1939,4,2,3,0,7,7,0,0,0,0,0,0,0,109,10,0,0,0,0,0,0,0,0,0,0,0,0,0,0,0,0,0,0,0,0,0,0,0,0,0,0,0,0,0,0
192,32,Lig. Transporte,113,*unknown value*,14,other,1930,1,1939,4,2,4,0,14,12,0,0,0,0,0,0,9,10,10,1,0,217,60,0,0,0,114,10,0,87,8,0,0,0,0,0,0,0,0,0,0,0,0,0,0,0,0,0,0
193,32,Carreton,50,rocket launcher,4,artillery,1930,1,1939,4,3,2,0,9,7,2,0,0,0,0,0,0,118,15,0,0,0,0,0,0,0,0,0,0,0,0,0,0,0,0,0,0,0,0,0,0,0,0,0,0,0,0,0,0
194,32,Amet. M1895,113,*unknown value*,14,other,1937,1,1939,12,0,4,0,16,4,0,1,0,1,1,0,9,0,0,0,0,120,90,0,0,0,217,60,0,87,4,0,0,0,0,0,0,0,0,0,0,0,0,0,0,0,0,0,0
195,32,Caballeria,20,cavalry,1,cavalry,1930,1,1939,4,2,8,0,16,12,0,0,0,0,0,0,9,0,25,1,0,217,80,0,0,0,217,80,0,87,16,0,114,10,0,0,0,0,0,0,0,0,0,0,0,0,0,0,0
196,32,Caballeria Expl,113,*unknown value*,14,other,1930,1,1939,12,2,4,0,9,12,0,0,0,0,0,0,9,0,25,1,0,217,60,0,0,0,87,8,0,0,0,0,0,0,0,0,0,0,0,0,0,0,0,0,0,0,0,0,0
199,32,Regulares Moros,60,turreted tank destroyer,5,anti-tank,1930,1,1936,7,1,12,0,18,6,0,0,0,0,0,0,9,0,0,0,0,213,70,0,0,0,213,70,0,87,12,0,93,12,0,0,0,0,0,0,0,0,0,0,0,0,0,0,0
200,32,Motocicleta,75,motorcycle,8,recon,1930,1,1939,3,2,6,0,14,30,2,1,0,0,0,0,9,0,10,0,0,205,80,0,0,0,205,80,0,114,10,0,87,12,0,0,0,0,0,0,0,0,0,0,0,0,0,0,0
204,32,Negrillo Pz Ia,113,*unknown value*,14,other,1937,5,1939,12,3,2,3,20,13,0,11,0,1,0,0,9,0,10,0,0,154,120,0,0,0,0,0,0,0,0,0,0,0,0,0,0,0,0,0,0,0,0,2,1,1,2,1,1
205,32,Negrillo Pz Ib,113,*unknown value*,14,other,1937,12,1939,4,3,2,3,23,13,0,11,0,1,1,0,9,0,10,0,0,154,120,0,0,0,0,0,0,0,0,0,0,0,0,0,0,0,0,0,0,0,0,2,1,1,2,1,1
206,32,Negrillo PzI/20,113,*unknown value*,14,other,1938,7,1939,4,3,2,3,22,13,0,21,0,1,1,0,9,0,10,0,0,8,30,30,0,0,0,0,0,0,0,0,0,0,0,0,0,0,0,0,0,0,0,2,1,1,2,2,2
207,32,CV-33,113,*unknown value*,14,other,1937,1,1938,11,1,2,2,15,13,3,11,0,0,0,0,9,0,10,0,0,0,0,0,0,0,0,0,0,0,0,0,204,120,0,0,0,0,0,0,0,0,0,2,1,1,1,1,1
208,32,CV-35,113,*unknown value*,14,other,1937,4,1939,3,1,2,2,16,15,3,11,0,0,0,0,9,0,10,0,0,0,0,0,0,0,0,0,0,0,0,0,222,120,0,0,0,0,0,0,0,0,0,2,1,1,1,1,1
210,32,Pel Browning,9,machine gun,0,infantry,1937,1,1939,4,1,9,0,19,4,0,2,0,1,1,0,9,0,0,0,0,116,90,0,0,0,116,90,0,116,90,0,87,9,0,0,0,0,0,0,0,0,0,0,0,0,0,0,0
211,32,Pel Hotchkiss,9,machine gun,0,infantry,1930,1,1939,4,1,12,0,22,4,0,2,0,1,1,0,9,0,0,0,0,100,90,0,0,0,100,90,0,100,90,0,87,12,0,0,0,0,0,0,0,0,0,0,0,0,0,0,0
212,32,Peloton Vickers,9,machine gun,0,infantry,1936,10,1939,1,1,12,0,22,4,0,2,0,1,1,0,9,0,0,0,0,118,90,0,0,0,118,90,0,118,90,0,87,12,0,0,0,0,0,0,0,0,0,0,0,0,0,0,0
213,32,Peloton Maxim,9,machine gun,0,infantry,1936,11,1939,3,1,12,0,22,4,0,2,0,1,1,0,9,0,0,0,0,122,90,0,0,0,122,90,0,122,90,0,87,12,0,0,0,0,0,0,0,0,0,0,0,0,0,0,0
214,32,Peloton vz.37,9,machine gun,0,infantry,1938,3,1939,3,1,9,0,19,5,0,1,0,1,1,0,9,0,0,0,0,123,90,0,0,0,123,90,0,123,90,0,87,9,0,0,0,0,0,0,0,0,0,0,0,0,0,0,0
215,32,Peloton Colt,9,machine gun,0,infantry,1936,11,1938,6,1,12,0,22,4,0,1,0,1,1,0,9,0,0,0,0,101,90,0,0,0,101,90,0,101,90,0,87,12,0,0,0,0,0,0,0,0,0,0,0,0,0,0,0
216,32,Pel Schwarzlose,9,machine gun,0,infantry,1936,11,1937,9,1,12,0,21,4,0,1,0,1,1,0,9,0,0,0,0,130,90,0,0,0,130,90,0,130,90,0,87,12,0,0,0,0,0,0,0,0,0,0,0,0,0,0,0
217,32,Pel St. Etienne,9,machine gun,0,infantry,1930,1,1939,4,1,12,0,23,4,0,1,0,1,1,0,9,0,0,0,0,117,90,0,0,0,117,90,0,117,90,0,87,12,0,0,0,0,0,0,0,0,0,0,0,0,0,0,0
219,32,Megabus,38,wheeled APC,3,APC,1930,1,1939,12,4,2,2,15,12,1,0,0,0,0,0,0,130,10,0,0,0,0,0,0,0,0,0,0,0,0,0,0,0,0,0,0,0,0,0,0,0,0,1,0,0,0,0,0
220,32,Hispano J12,108,utility vehicle,14,other,1930,1,1939,4,2,1,0,5,28,1,1,0,0,0,0,0,7,10,0,0,0,0,0,0,0,0,0,0,0,0,0,0,0,0,0,0,0,0,0,0,0,0,0,0,0,0,0,0
221,32,Motor Iberica,108,utility vehicle,14,other,1930,1,1939,4,2,1,0,6,20,2,0,0,0,0,0,0,106,10,0,0,0,0,0,0,0,0,0,0,0,0,0,0,0,0,0,0,0,0,0,0,0,0,0,0,0,0,0,0
222,32,Medio Camion,85,medium truck,10,transport,1930,1,1939,4,3,2,0,10,18,1,0,0,0,0,0,0,118,10,0,0,0,0,0,0,0,0,0,0,0,0,0,0,0,0,0,0,0,0,0,0,0,0,0,0,0,0,0,0
223,32,Pesado Camion,86,heavy truck,10,transport,1930,1,1939,4,3,2,0,14,15,1,1,0,0,0,0,0,132,10,0,0,0,0,0,0,0,0,0,0,0,0,0,0,0,0,0,0,0,0,0,0,0,0,0,0,0,0,0,0
224,32,Carro Camion,86,heavy truck,10,transport,1930,1,1939,4,3,2,0,12,15,1,1,0,0,0,0,0,222,10,0,0,0,0,0,0,0,0,0,0,0,0,0,0,0,0,0,0,0,0,0,0,0,0,0,0,0,0,0,0
225,32,Camion GAZ ZiS,85,medium truck,10,transport,1937,6,1939,4,3,2,0,10,18,1,0,0,0,0,0,0,118,10,0,0,0,0,0,0,0,0,0,0,0,0,0,0,0,0,0,0,0,0,0,0,0,0,0,0,0,0,0,0
228,32,Arcon Municion,110,ammo carrier,14,other,1930,1,1939,4,0,6,0,98,0,0,93,0,0,0,0,0,0,99,0,0,0,0,0,0,0,0,0,0,0,0,0,0,0,0,0,0,0,0,0,0,0,0,8,8,8,7,12,12
229,32,Fuente Municion,110,ammo carrier,14,other,1930,1,1939,4,3,6,0,27,0,0,53,0,0,0,0,0,0,50,0,0,0,0,0,0,0,0,0,0,0,0,0,0,0,0,0,0,0,0,0,0,0,0,0,0,0,0,0,0
230,32,Portador Munici,110,ammo carrier,14,other,1930,1,1939,4,3,2,0,22,7,2,1,0,0,0,0,0,0,100,0,0,0,0,0,0,0,0,0,0,0,0,0,0,0,0,0,0,0,0,0,0,0,0,0,0,0,0,0,0
231,32,Carro Municion,110,ammo carrier,14,other,1930,1,1939,3,2,2,1,23,15,1,1,0,0,0,0,0,0,50,0,0,0,0,0,0,0,0,0,0,0,0,0,0,0,0,0,0,0,0,0,0,0,0,0,0,0,0,0,0
232,32,Refugio,105,fort,13,fortification,1930,1,1939,4,0,8,6,43,0,0,53,0,5,5,0,9,40,99,0,0,242,90,0,0,0,0,0,0,0,0,0,0,0,0,0,0,0,0,0,0,0,0,8,8,8,7,12,12
237,32,Caballeria Mora,113,*unknown value*,14,other,1930,1,1939,4,2,12,0,26,12,0,3,0,0,0,0,9,0,25,1,0,217,80,0,0,0,217,80,0,95,80,0,87,24,0,0,0,0,0,0,0,0,0,0,0,0,0,0,0
238,32,Expl Mont Moros,113,*unknown value*,14,other,1930,1,1939,4,2,6,0,18,12,0,0,0,0,0,0,9,0,25,1,0,217,80,0,0,0,217,80,0,87,12,0,114,10,0,0,0,0,0,0,0,0,0,0,0,0,0,0,0
241,32,Legionario,113,*unknown value*,14,other,1930,1,1936,7,1,6,0,12,6,0,1,0,0,0,0,9,0,0,0,0,213,90,0,0,0,213,90,0,87,18,0,87,18,0,0,0,0,0,0,0,0,0,0,0,0,0,0,0
242,32,Legionario,113,*unknown value*,14,other,1930,1,1936,7,1,6,0,12,6,0,1,0,0,0,0,9,0,0,0,0,213,90,0,0,0,213,90,0,87,18,0,93,12,0,0,0,0,0,0,0,0,0,0,0,0,0,0,0
243,32,Legion Apoyo,113,*unknown value*,14,other,1930,1,1936,7,1,6,0,14,6,0,1,0,0,0,0,9,0,0,0,0,213,90,0,0,0,95,90,0,87,18,0,93,10,0,0,0,0,0,0,0,0,0,0,0,0,0,0,0
244,32,Comandancia,81,force HQ,9,C&C,1930,1,1936,6,0,6,0,50,6,0,90,0,0,0,0,9,0,0,0,0,213,60,0,0,0,213,60,0,87,6,0,114,8,0,0,0,0,0,0,0,0,0,0,0,0,0,0,0
245,32,Comandancia,81,force HQ,9,C&C,1936,7,1937,2,0,6,0,50,6,0,90,0,0,0,0,9,0,0,0,0,2,60,0,0,0,213,60,0,114,6,0,87,6,0,0,0,0,0,0,0,0,0,0,0,0,0,0,0
246,32,Barco Asaulto,100,assault boat,12,navy,1930,1,1939,4,2,4,0,0,0,0,0,0,0,0,0,0,14,1,3,0,0,0,0,0,0,0,0,0,0,0,0,0,0,0,0,0,0,0,0,0,0,0,0,0,0,0,0,0
247,32,Barcaza,99,landing barge,12,navy,1930,1,1939,4,6,6,6,41,0,0,90,0,0,0,0,0,250,101,6,0,0,0,0,0,0,0,0,0,0,0,0,0,0,0,0,0,0,0,0,0,0,0,4,4,4,4,4,4
248,32,PortadorBarcaza,87,barge carrier,10,transport,1930,1,1939,4,6,6,0,32,10,0,90,0,0,0,0,0,0,50,0,0,0,0,0,0,0,0,0,0,0,0,0,0,0,0,0,0,0,0,0,0,0,0,0,0,0,0,0,0
249,32,Tripulacion,109,crew,14,other,1930,1,1939,4,1,4,0,0,6,0,0,0,0,0,0,9,0,0,0,0,114,6,0,0,0,87,4,0,0,0,0,0,0,0,0,0,0,0,0,0,0,0,0,0,0,0,0,0
250,32,Comandancia,81,force HQ,9,C&C,1937,3,1939,4,0,6,0,50,6,0,90,0,0,0,0,9,0,0,0,0,2,60,0,0,0,213,60,0,114,6,0,87,6,0,0,0,0,0,0,0,0,0,0,0,0,0,0,0
265,32,Canonero,49,offboard artillery,4,artillery,1930,1,1939,3,0,99,0,264,0,0,91,0,0,0,0,6,0,0,0,0,198,140,0,0,0,198,140,0,0,0,0,0,0,0,0,0,0,0,0,0,0,0,0,0,0,0,0,0
266,32,Destructor,49,offboard artillery,4,artillery,1930,1,1939,3,0,99,0,409,0,0,91,0,0,0,0,6,0,0,0,0,199,140,0,0,0,199,140,0,199,140,0,199,140,0,0,0,0,0,0,0,0,0,0,0,0,0,0,0
267,32,Crucero Ligero,49,offboard artillery,4,artillery,1930,1,1939,3,0,99,0,455,0,0,91,0,0,0,0,4,0,0,0,0,201,120,0,0,0,201,120,0,201,120,0,201,120,0,0,0,0,0,0,0,0,0,0,0,0,0,0,0
268,32,Acorazado,49,offboard artillery,4,artillery,1930,1,1937,6,0,99,0,512,0,0,91,0,0,0,0,2,0,0,0,0,195,60,0,0,0,195,60,0,195,60,0,195,60,0,0,0,0,0,0,0,0,0,0,0,0,0,0,0
269,32,Torpedero,113,*unknown value*,14,other,1930,1,1939,3,4,10,6,51,0,0,91,0,2,2,1,9,6,100,9,1,139,90,0,0,0,139,90,0,0,0,0,0,0,0,0,0,0,0,0,0,0,0,2,2,2,2,2,2
270,32,Torpedero URSS,113,*unknown value*,14,other,1937,5,1939,3,4,10,6,56,0,0,91,0,2,2,1,9,6,100,9,1,141,90,0,0,0,141,90,0,0,0,0,0,0,0,0,0,0,0,0,0,0,0,2,2,2,2,2,2
271,32,Guardacosta,113,*unknown value*,14,other,1930,1,1939,3,14,36,6,168,0,0,93,0,9,9,1,9,136,100,6,12,115,90,0,0,0,215,90,0,17,40,5,198,60,0,8,7,7,6,6,6,5,0,7,6,6,5,5,5
272,32,Defensa Puerto,113,*unknown value*,14,other,1930,1,1939,4,7,18,6,93,0,0,93,0,5,5,1,9,124,100,7,10,148,90,0,0,0,148,90,0,11,35,5,11,35,5,6,5,5,5,4,4,3,0,5,4,4,4,3,3
273,32,Lanzamiento,113,*unknown value*,14,other,1930,1,1939,4,6,8,6,56,0,0,90,0,4,3,1,9,108,100,8,5,149,90,0,0,0,149,90,0,149,90,0,0,0,0,0,0,0,0,0,0,0,0,2,2,2,2,2,2
274,32,Trnsprt Marina,102,landing craft gunboat,12,navy,1930,1,1939,4,8,12,6,58,0,0,10,0,0,0,0,9,160,100,5,0,149,90,0,0,0,149,90,0,0,0,0,0,0,0,0,0,0,0,0,0,0,0,3,3,3,3,3,3
279,32,Jefaturas,113,*unknown value*,14,other,1930,1,1939,12,0,3,0,9,6,0,0,0,0,0,0,9,0,0,0,0,213,50,0,0,0,114,10,0,87,3,0,0,0,0,0,0,0,0,0,0,0,0,0,0,0,0,0,0
280,32,Obs Artilleria,29,infantry tank,2,armor,1930,1,1939,3,0,3,0,74,6,0,90,0,0,0,0,9,0,0,0,0,213,60,0,0,0,87,6,0,114,10,0,0,0,0,0,0,0,0,0,0,0,0,0,0,0,0,0,0
281,32,Vehiculo OA,73,FO vehicle,8,recon,1934,3,1939,3,2,3,0,71,20,1,90,0,0,0,0,0,4,10,0,0,0,0,0,0,0,0,0,0,0,0,0,0,0,0,0,0,0,0,0,0,0,0,0,0,0,0,0,0
282,32,Jefe de Gente,88,wagon,10,transport,1936,8,1939,12,0,4,0,12,6,0,0,0,0,0,0,9,0,0,0,0,213,50,0,0,0,114,10,0,87,4,0,0,0,0,0,0,0,0,0,0,0,0,0,0,0,0,0,0
283,32,Trubria TSH,73,FO vehicle,8,recon,1934,9,1937,4,3,3,3,75,10,3,1,0,0,0,0,9,0,10,0,0,0,0,0,0,0,0,0,0,0,0,0,203,120,0,0,0,0,0,0,0,0,0,2,2,1,2,2,1
284,32,Jefe de Marina,104,naval bombardment,12,navy,1934,6,1939,3,0,4,0,20,6,0,0,0,0,0,0,9,0,0,0,0,205,70,0,0,0,205,70,0,93,6,0,114,10,0,0,0,0,0,0,0,0,0,0,0,0,0,0,0
285,32,Jefe de Guardia,13,bicycle infantry,0,infantry,1930,1,1939,4,0,4,0,18,6,0,0,0,0,0,0,9,0,0,0,0,205,60,0,0,0,206,60,0,93,6,0,114,10,0,0,0,0,0,0,0,0,0,0,0,0,0,0,0
286,32,Jefe de Milicia,113,*unknown value*,14,other,1936,7,1939,4,1,5,0,9,6,0,0,0,0,0,0,9,0,0,0,0,213,50,0,0,0,114,10,0,87,5,0,0,0,0,0,0,0,0,0,0,0,0,0,0,0,0,0,0
287,32,Plana Mayor,103,ship,12,navy,1930,1,1939,4,1,6,0,12,6,0,0,0,0,0,0,9,0,0,0,0,235,80,0,0,0,213,80,0,114,10,0,87,12,0,0,0,0,0,0,0,0,0,0,0,0,0,0,0
288,32,Kommisar,113,*unknown value*,14,other,1936,10,1939,4,0,3,0,8,6,0,0,0,0,0,0,9,0,0,0,0,114,10,0,0,0,114,10,0,0,0,0,0,0,0,0,0,0,0,0,0,0,0,0,0,0,0,0,0
289,32,Jefe de Guardia,13,bicycle infantry,0,infantry,1936,10,1939,4,0,4,0,18,6,0,0,0,0,0,0,9,0,0,0,0,2,60,0,0,0,185,60,0,87,8,0,114,10,0,0,0,0,0,0,0,0,0,0,0,0,0,0,0
290,32,Jefaturas,106,gun emplacement,13,fortification,1930,1,1939,12,0,4,0,12,6,0,0,0,0,0,0,9,0,0,0,0,213,60,0,0,0,114,10,0,87,8,0,0,0,0,0,0,0,0,0,0,0,0,0,0,0,0,0,0
291,32,Lig Milicianos,113,*unknown value*,14,other,1936,7,1939,12,1,5,0,7,6,0,1,0,0,0,0,9,0,0,0,0,216,50,0,0,0,0,0,0,0,0,0,0,0,0,0,0,0,0,0,0,0,0,0,0,0,0,0,0
292,32,Lig Milicianos,113,*unknown value*,14,other,1936,7,1939,12,1,5,0,7,6,0,2,0,0,0,0,9,0,0,0,0,205,50,0,0,0,0,0,0,0,0,0,0,0,0,0,0,0,0,0,0,0,0,0,0,0,0,0,0
293,32,Lig Milicianos,113,*unknown value*,14,other,1936,11,1939,12,1,5,0,7,6,0,1,0,0,0,0,9,0,0,0,0,217,50,0,0,0,0,0,0,0,0,0,0,0,0,0,0,0,0,0,0,0,0,0,0,0,0,0,0
294,32,Dinamiteros,113,*unknown value*,14,other,1936,7,1939,12,0,4,0,21,6,0,0,0,1,0,0,6,0,0,0,0,247,70,0,0,0,87,12,0,84,3,0,84,3,0,0,0,0,0,0,0,0,0,0,0,0,0,0,0
295,32,Pistoleros,113,*unknown value*,14,other,1936,7,1939,12,1,5,0,11,6,0,1,0,0,0,0,9,0,0,0,0,114,10,0,0,0,114,10,0,87,5,0,1,50,0,0,0,0,0,0,0,0,0,0,0,0,0,0,0
296,32,Grenaderos,113,*unknown value*,14,other,1936,7,1939,12,1,5,0,11,6,0,1,0,0,0,0,9,0,0,0,0,87,5,0,0,0,87,5,0,114,10,0,1,50,0,0,0,0,0,0,0,0,0,0,0,0,0,0,0
297,32,Esc de Fusile,0,light infantry,0,infantry,1937,8,1939,3,1,6,0,10,6,0,1,0,0,0,0,9,0,0,0,0,226,80,0,0,0,226,80,0,87,12,0,0,0,0,0,0,0,0,0,0,0,0,0,0,0,0,0,0
298,32,Esc de Fusile,0,light infantry,0,infantry,1937,3,1938,3,1,6,0,10,6,0,1,0,0,0,0,9,0,0,0,0,187,80,0,0,0,187,80,0,87,12,0,0,0,0,0,0,0,0,0,0,0,0,0,0,0,0,0,0
299,32,Esc de Fusile,0,light infantry,0,infantry,1936,10,1938,11,1,6,0,10,6,0,1,0,0,0,0,9,0,0,0,0,242,80,0,0,0,242,80,0,87,12,0,0,0,0,0,0,0,0,0,0,0,0,0,0,0,0,0,0
300,32,Esc de Fusile,0,light infantry,0,infantry,1930,1,1939,3,1,6,0,10,6,0,1,0,0,0,0,9,0,0,0,0,213,80,0,0,0,213,80,0,87,12,0,0,0,0,0,0,0,0,0,0,0,0,0,0,0,0,0,0
301,32,Esc de Fusile,0,light infantry,0,infantry,1936,1,1939,12,1,6,0,10,6,0,1,0,0,0,0,9,0,0,0,0,1,80,0,0,0,1,80,0,87,12,0,0,0,0,0,0,0,0,0,0,0,0,0,0,0,0,0,0
302,32,Esc de Fusile,0,light infantry,0,infantry,1936,9,1939,3,1,6,0,10,6,0,1,0,0,0,0,9,0,0,0,0,178,80,0,0,0,178,80,0,87,12,0,0,0,0,0,0,0,0,0,0,0,0,0,0,0,0,0,0
303,32,Esc Infanteria,1,infantry,0,infantry,1930,1,1939,3,1,6,0,12,6,0,1,0,0,0,0,9,0,0,0,0,213,80,0,0,0,213,80,0,87,12,0,93,6,0,0,0,0,0,0,0,0,0,0,0,0,0,0,0
304,32,Esc Infanteria,1,infantry,0,infantry,1937,2,1939,3,1,6,0,12,6,0,1,0,0,0,0,9,0,0,0,0,1,80,0,0,0,1,80,0,87,12,0,87,12,0,0,0,0,0,0,0,0,0,0,0,0,0,0,0
305,32,Esc Infanteria,1,infantry,0,infantry,1936,10,1937,12,1,6,0,12,6,0,1,0,0,0,0,9,0,0,0,0,247,80,0,0,0,242,80,0,178,50,0,87,12,0,0,0,0,0,0,0,0,0,0,0,0,0,0,0
306,32,Esc Infanteria,1,infantry,0,infantry,1937,5,1938,6,1,6,0,12,6,0,1,0,0,0,0,9,0,0,0,0,213,80,0,0,0,236,80,0,87,12,0,87,12,0,0,0,0,0,0,0,0,0,0,0,0,0,0,0
307,32,Esc Infanteria,1,infantry,0,infantry,1937,1,1938,9,1,6,0,12,6,0,1,0,0,0,0,9,0,0,0,0,213,80,0,0,0,1,80,0,187,50,0,87,12,0,0,0,0,0,0,0,0,0,0,0,0,0,0,0
308,32,Esc Infanteria,1,infantry,0,infantry,1937,8,1939,3,1,6,0,12,6,0,1,0,0,0,0,9,0,0,0,0,226,80,0,0,0,226,80,0,87,12,0,114,10,0,0,0,0,0,0,0,0,0,0,0,0,0,0,0
309,32,Esc Pesada Inf,3,heavy infantry,0,infantry,1930,1,1939,3,1,6,0,14,6,0,1,0,0,0,0,9,0,0,0,0,213,80,0,0,0,206,80,0,87,12,0,93,12,0,0,0,0,0,0,0,0,0,0,0,0,0,0,0
310,32,Esc Pesada Inf,3,heavy infantry,0,infantry,1936,11,1939,1,1,6,0,21,6,0,1,0,0,0,0,9,0,0,0,0,1,80,0,0,0,206,80,0,93,12,0,85,0,4,0,0,0,0,0,0,0,0,0,0,0,0,0,0
311,32,Esc Pesada Inf,3,heavy infantry,0,infantry,1936,7,1939,1,1,6,0,14,6,0,2,0,0,0,0,9,0,0,0,0,178,80,0,0,0,206,80,0,87,12,0,87,12,0,0,0,0,0,0,0,0,0,0,0,0,0,0,0
312,32,Esc Pesada Inf,3,heavy infantry,0,infantry,1936,9,1939,1,1,6,0,21,6,0,1,0,0,0,0,9,0,0,0,0,247,80,0,0,0,206,80,0,87,12,0,85,0,4,0,0,0,0,0,0,0,0,0,0,0,0,0,0
313,32,Esc de F.Amet,83,command tank,9,C&C,1936,11,1937,9,1,6,0,13,6,0,1,0,0,0,0,9,0,0,0,0,186,80,0,0,0,189,80,0,87,12,0,0,0,0,0,0,0,0,0,0,0,0,0,0,0,0,0,0
314,32,Esc de F.Amet,83,command tank,9,C&C,1937,6,1939,4,1,6,0,13,6,0,1,0,0,0,0,9,0,0,0,0,1,80,0,0,0,98,80,0,87,12,0,0,0,0,0,0,0,0,0,0,0,0,0,0,0,0,0,0
315,32,Esc de F.Amet,83,command tank,9,C&C,1936,11,1938,4,1,6,0,13,6,0,1,0,0,0,0,9,0,0,0,0,242,80,0,0,0,96,80,0,87,12,0,0,0,0,0,0,0,0,0,0,0,0,0,0,0,0,0,0
316,32,Esc de F.Amet,83,command tank,9,C&C,1936,9,1939,3,1,6,0,13,6,0,2,0,0,0,0,9,0,0,0,0,247,80,0,0,0,206,80,0,87,12,0,0,0,0,0,0,0,0,0,0,0,0,0,0,0,0,0,0
317,32,Esc de F.Amet,83,command tank,9,C&C,1930,1,1939,3,1,6,0,13,6,0,2,0,0,0,0,9,0,0,0,0,213,80,0,0,0,95,80,0,87,12,0,0,0,0,0,0,0,0,0,0,0,0,0,0,0,0,0,0
318,32,Esc de F.Amet,83,command tank,9,C&C,1931,6,1934,10,1,6,0,13,6,0,1,0,0,0,0,9,0,0,0,0,178,80,0,0,0,97,80,0,87,12,0,0,0,0,0,0,0,0,0,0,0,0,0,0,0,0,0,0
319,32,Esc de F.Amet,83,command tank,9,C&C,1936,11,1939,3,1,6,0,13,6,0,1,0,0,0,0,9,0,0,0,0,226,80,0,0,0,98,80,0,87,12,0,0,0,0,0,0,0,0,0,0,0,0,0,0,0,0,0,0
320,32,Milicianos,113,*unknown value*,14,other,1936,8,1939,4,1,5,0,8,6,0,1,0,0,0,0,9,0,0,0,0,187,50,0,0,0,236,50,0,0,0,0,0,0,0,0,0,0,0,0,0,0,0,0,0,0,0,0,0
321,32,Milicianos,113,*unknown value*,14,other,1936,11,1938,4,1,5,0,8,6,0,1,0,0,0,0,9,0,0,0,0,1,50,0,0,0,1,50,0,0,0,0,0,0,0,0,0,0,0,0,0,0,0,0,0,0,0,0,0
322,32,Milicianos,113,*unknown value*,14,other,1930,1,1939,4,1,5,0,8,6,0,1,0,0,0,0,9,0,0,0,0,242,50,0,0,0,243,50,0,0,0,0,0,0,0,0,0,0,0,0,0,0,0,0,0,0,0,0,0
323,32,Milicianos,113,*unknown value*,14,other,1936,8,1939,4,1,5,0,8,6,0,2,0,0,0,0,9,0,0,0,0,242,50,0,0,0,87,5,0,0,0,0,0,0,0,0,0,0,0,0,0,0,0,0,0,0,0,0,0
324,32,Milicianos,113,*unknown value*,14,other,1936,9,1939,4,1,5,0,16,6,0,1,0,0,0,0,9,0,0,0,0,247,50,0,0,0,85,3,2,0,0,0,0,0,0,0,0,0,0,0,0,0,0,0,0,0,0,0,0
325,32,Milicianos,113,*unknown value*,14,other,1936,7,1939,4,1,5,0,8,6,0,2,0,0,0,0,9,0,0,0,0,1,50,0,0,0,87,5,0,0,0,0,0,0,0,0,0,0,0,0,0,0,0,0,0,0,0,0,0
326,32,Milicianos,113,*unknown value*,14,other,1937,3,1938,9,1,5,0,8,6,0,1,0,0,0,0,9,0,0,0,0,188,50,0,0,0,87,5,0,0,0,0,0,0,0,0,0,0,0,0,0,0,0,0,0,0,0,0,0
327,32,Milicianos,113,*unknown value*,14,other,1938,3,1939,4,1,5,0,8,6,0,1,0,0,0,0,9,0,0,0,0,157,50,0,0,0,87,5,0,0,0,0,0,0,0,0,0,0,0,0,0,0,0,0,0,0,0,0,0
328,32,Pes Milicianos,113,*unknown value*,14,other,1936,7,1939,4,1,5,0,11,6,0,2,0,0,0,0,9,0,0,0,0,226,50,0,0,0,226,50,0,87,5,0,87,5,0,0,0,0,0,0,0,0,0,0,0,0,0,0,0
329,32,Pes Milicianos,113,*unknown value*,14,other,1936,7,1939,4,1,5,0,18,6,0,1,0,0,0,0,9,0,0,0,0,226,50,0,0,0,226,50,0,87,5,0,85,3,2,0,0,0,0,0,0,0,0,0,0,0,0,0,0
330,32,Guardia Asalto,79,heavy armored car,8,recon,1934,6,1939,4,1,6,0,12,6,0,2,0,0,0,0,9,0,0,0,0,205,90,0,0,0,205,90,0,87,18,0,93,12,0,0,0,0,0,0,0,0,0,0,0,0,0,0,0
331,32,G. Asalto LMG,25,very heavy tank,2,armor,1934,6,1939,4,1,6,0,14,6,0,2,0,0,0,0,9,0,0,0,0,205,90,0,0,0,95,90,0,87,18,0,93,6,0,0,0,0,0,0,0,0,0,0,0,0,0,0,0
332,32,G. Asalto SMG,40,heavy tracked APC,3,APC,1934,6,1939,4,1,6,0,12,6,0,2,0,0,0,0,9,0,0,0,0,2,90,0,0,0,205,90,0,93,6,0,87,18,0,0,0,0,0,0,0,0,0,0,0,0,0,0,0
333,32,G. Asalto Expl,53,captured SP gun,4,artillery,1934,6,1939,4,0,3,0,11,7,0,2,0,0,0,0,9,0,0,0,0,205,70,0,0,0,205,70,0,87,9,0,0,0,0,0,0,0,0,0,0,0,0,0,0,0,0,0,0
335,32,Guardia Civil,113,*unknown value*,14,other,1930,1,1939,3,1,6,0,12,6,0,0,0,0,0,0,9,0,0,0,0,205,70,0,0,0,205,70,0,114,10,0,114,10,0,0,0,0,0,0,0,0,0,0,0,0,0,0,0
336,32,G. Civil Expl,43,heavy mortar,4,artillery,1930,1,1939,3,0,3,0,11,7,0,0,0,0,0,0,9,0,0,0,0,205,60,0,0,0,87,6,0,114,10,0,0,0,0,0,0,0,0,0,0,0,0,0,0,0,0,0,0
337,32,Zapador,6,engineers,0,infantry,1937,4,1939,3,1,6,0,15,6,0,0,0,0,0,0,9,0,0,0,0,213,80,0,0,0,235,80,0,87,12,0,229,0,3,0,0,0,0,0,0,0,0,0,0,0,0,0,0
338,32,Carabinero,23,medium tank,2,armor,1930,1,1939,4,1,6,0,12,6,0,0,0,0,0,0,9,0,0,0,0,205,90,0,0,0,205,90,0,114,10,0,114,10,0,0,0,0,0,0,0,0,0,0,0,0,0,0,0
339,32,Tirador Embosca,15,sniper,0,infantry,1930,1,1939,4,0,1,0,8,6,0,2,0,0,0,0,9,0,0,0,0,213,50,0,0,0,87,2,0,0,0,0,0,0,0,0,0,0,0,0,0,0,0,0,0,0,0,0,0
340,32,Ingeniero,113,*unknown value*,14,other,1930,1,1939,12,1,6,0,11,6,0,0,0,0,0,0,9,0,0,0,0,205,80,0,0,0,87,12,0,0,0,0,0,0,0,0,0,0,0,0,0,0,0,0,0,0,0,0,0
341,32,Zapador,6,engineers,0,infantry,1937,4,1939,3,1,6,0,20,6,0,0,0,0,0,0,9,0,0,0,0,213,80,0,0,0,235,80,0,87,12,0,85,0,6,0,0,0,0,0,0,0,0,0,0,0,0,0,0
342,32,Zapador,6,engineers,0,infantry,1938,7,1939,3,1,6,0,14,6,0,0,0,0,0,0,9,0,0,0,0,213,80,0,0,0,227,80,0,87,12,0,84,3,0,0,0,0,0,0,0,0,0,0,0,0,0,0,0
343,32,Zapador,6,engineers,0,infantry,1937,7,1939,3,1,6,0,14,6,0,0,0,0,0,0,9,0,0,0,0,213,80,0,0,0,87,12,0,84,3,0,84,3,0,0,0,0,0,0,0,0,0,0,0,0,0,0,0
344,32,Zapador,6,engineers,0,infantry,1937,7,1939,3,1,6,0,21,6,0,0,0,0,0,0,9,0,0,0,0,213,80,0,0,0,87,12,0,91,3,0,85,0,3,0,0,0,0,0,0,0,0,0,0,0,0,0,0
345,32,Explorador,69,scout,8,recon,1930,1,1939,12,0,4,0,14,7,0,2,0,0,0,0,9,0,0,0,0,213,60,0,0,0,87,8,0,114,10,0,0,0,0,0,0,0,0,0,0,0,0,0,0,0,0,0,0
346,32,Expl del Asalto,77,light armored car,8,recon,1938,7,1939,2,0,4,0,28,7,0,1,0,0,0,0,9,0,0,0,0,227,70,0,0,0,87,12,0,85,0,2,114,10,0,0,0,0,0,0,0,0,0,0,0,0,0,0,0
347,32,Expl del Asalto,77,light armored car,8,recon,1937,6,1939,1,0,4,0,22,7,0,1,0,0,0,0,9,0,0,0,0,235,70,0,0,0,87,12,0,84,2,0,114,10,0,0,0,0,0,0,0,0,0,0,0,0,0,0,0
348,32,Expl del Asalto,77,light armored car,8,recon,1936,10,1938,12,0,4,0,23,7,0,1,0,0,0,0,9,0,0,0,0,2,70,0,0,0,87,12,0,91,2,0,114,10,0,0,0,0,0,0,0,0,0,0,0,0,0,0,0
349,32,Expl del Asalto,77,light armored car,8,recon,1936,10,1939,3,0,4,0,22,7,0,1,0,0,0,0,9,0,0,0,0,213,70,0,0,0,87,12,0,87,12,0,114,10,0,0,0,0,0,0,0,0,0,0,0,0,0,0,0
350,32,Cazadores Carro,54,AT infantry,5,anti-tank,1936,9,1939,3,0,3,0,9,6,0,2,0,0,0,0,8,0,0,0,0,93,12,0,0,0,236,60,0,87,6,0,0,0,0,0,0,0,0,0,0,0,0,0,0,0,0,0,0
351,32,Cazadores Carro,54,AT infantry,5,anti-tank,1936,11,1938,10,0,3,0,19,6,0,2,0,0,0,0,8,0,0,0,0,93,12,0,0,0,1,60,0,87,6,0,85,0,1,0,0,0,0,0,0,0,0,0,0,0,0,0,0
352,32,Cazadores Carro,54,AT infantry,5,anti-tank,1936,10,1939,4,0,3,0,16,6,0,0,0,0,0,0,8,0,0,0,0,85,0,0,6,0,247,60,0,87,6,0,0,0,0,0,0,0,0,0,0,0,0,0,0,0,0,0,0
353,32,Cazadores Carro,54,AT infantry,5,anti-tank,1936,11,1938,10,0,3,0,9,5,0,1,0,0,0,0,6,0,0,0,0,82,12,0,0,0,247,60,0,87,6,0,0,0,0,0,0,0,0,0,0,0,0,0,0,0,0,0,0
354,32,Cazadores Carro,54,AT infantry,5,anti-tank,1937,4,1938,10,0,3,0,9,6,0,1,0,0,0,0,8,0,0,0,0,184,0,0,6,0,247,60,0,87,6,0,0,0,0,0,0,0,0,0,0,0,0,0,0,0,0,0,0
356,32,Tirador Embosca,15,sniper,0,infantry,1930,1,1939,4,0,1,0,23,6,0,1,0,3,3,0,9,0,0,0,0,146,50,0,0,0,87,2,0,0,0,0,0,0,0,0,0,0,0,0,0,0,0,0,0,0,0,0,0
357,32,Tirador Embosca,15,sniper,0,infantry,1930,1,1939,4,0,1,0,38,6,0,1,0,6,6,0,9,0,0,0,0,146,50,0,0,0,87,2,0,0,0,0,0,0,0,0,0,0,0,0,0,0,0,0,0,0,0,0,0
358,32,Tirador Embosca,15,sniper,0,infantry,1930,1,1939,4,0,1,0,59,6,0,1,0,10,10,0,9,0,0,0,0,146,50,0,0,0,87,2,0,0,0,0,0,0,0,0,0,0,0,0,0,0,0,0,0,0,0,0,0
360,32,Jefe de Montana,113,*unknown value*,14,other,1930,1,1939,12,0,4,0,16,6,0,0,0,0,0,0,9,0,0,0,0,213,60,0,0,0,114,10,0,87,8,0,0,0,0,0,0,0,0,0,0,0,0,0,0,0,0,0,0
361,32,Inf Montana,113,*unknown value*,14,other,1930,1,1939,12,1,6,0,16,6,0,1,0,0,0,0,9,0,0,0,0,213,80,0,0,0,213,80,0,87,12,0,93,6,0,0,0,0,0,0,0,0,0,0,0,0,0,0,0
362,32,F.Amet Montana,113,*unknown value*,14,other,1930,1,1939,12,1,6,0,18,6,0,1,0,0,0,0,9,0,0,0,0,213,80,0,0,0,95,80,0,87,12,0,87,12,0,0,0,0,0,0,0,0,0,0,0,0,0,0,0
363,32,Ingeniero Mntna,113,*unknown value*,14,other,1930,1,1939,12,1,6,0,18,6,0,0,0,0,0,0,9,0,0,0,0,205,90,0,0,0,205,90,0,87,18,0,84,3,0,0,0,0,0,0,0,0,0,0,0,0,0,0,0
364,32,Zapador Montana,113,*unknown value*,14,other,1936,9,1939,12,1,6,0,18,6,0,0,0,0,0,0,9,0,0,0,0,213,80,0,0,0,213,80,0,87,12,0,84,4,0,0,0,0,0,0,0,0,0,0,0,0,0,0,0
365,32,Expl Montana,113,*unknown value*,14,other,1930,1,1939,12,0,4,0,16,7,0,2,0,0,0,0,9,0,0,0,0,213,60,0,0,0,87,8,0,114,10,0,0,0,0,0,0,0,0,0,0,0,0,0,0,0,0,0,0
369,32,Inf de Marina,51,SP rocket launcher,4,artillery,1930,1,1939,4,1,6,0,12,6,0,2,0,0,0,0,9,0,0,0,0,205,90,0,0,0,205,90,0,87,18,0,93,12,0,0,0,0,0,0,0,0,0,0,0,0,0,0,0
370,32,Marina LMG,113,*unknown value*,14,other,1934,6,1939,3,1,6,0,14,6,0,2,0,0,0,0,9,0,0,0,0,205,90,0,0,0,95,90,0,87,18,0,93,6,0,0,0,0,0,0,0,0,0,0,0,0,0,0,0
371,32,Marina Expl,113,*unknown value*,14,other,1934,6,1939,3,0,3,0,17,7,0,2,0,0,0,0,9,0,0,0,0,205,70,0,0,0,205,70,0,87,9,0,87,9,0,0,0,0,0,0,0,0,0,0,0,0,0,0,0
372,32,Marina Ingenero,113,*unknown value*,14,other,1934,6,1939,3,1,6,0,14,6,0,0,0,0,0,0,9,0,0,0,0,213,90,0,0,0,87,18,0,84,3,0,84,3,0,0,0,0,0,0,0,0,0,0,0,0,0,0,0
380,32,Esc de F.Amet,83,command tank,9,C&C,1936,11,1939,3,1,6,0,13,6,0,1,0,0,0,0,9,0,0,0,0,226,80,0,0,0,104,80,0,87,12,0,0,0,0,0,0,0,0,0,0,0,0,0,0,0,0,0,0
391,32,Loire 46,92,aircraft,11,air force,1937,2,1938,10,2,1,0,24,4,0,90,0,1,0,0,9,0,0,0,0,162,15,4,0,0,249,2,0,0,0,0,0,0,0,0,0,0,0,0,0,4,0,2,0,0,0,0,0
392,32,Nieuport NiD.52,92,aircraft,11,air force,1930,1,1938,12,3,2,0,21,2,0,91,0,1,0,0,9,0,0,0,0,160,20,2,0,0,0,0,0,0,0,0,0,0,0,0,0,0,0,0,0,6,0,2,0,0,0,0,0
393,32,Potez 25,92,aircraft,11,air force,1936,8,1937,6,3,2,0,31,2,0,91,0,2,0,0,9,0,0,0,0,160,15,2,0,0,239,2,0,239,2,0,0,0,0,0,0,0,0,0,0,6,0,4,0,0,0,0,0
395,32,Circo Krone,92,aircraft,11,air force,1936,7,1939,3,2,2,0,28,3,0,50,0,1,0,0,9,0,0,0,0,160,12,2,0,0,237,2,0,237,2,0,0,0,0,0,0,0,0,0,0,7,0,4,0,0,0,0,0
396,32,Hawker Furia,92,aircraft,11,air force,1936,9,1938,6,3,1,0,49,5,0,90,0,4,0,0,9,0,0,0,0,160,20,2,0,0,180,1,0,180,1,0,0,0,0,0,0,0,0,0,0,9,0,8,0,0,0,0,0
398,32,I-153 Chaika,92,aircraft,11,air force,1939,1,1939,3,2,1,0,50,6,0,90,0,5,0,0,9,0,0,0,0,159,20,4,0,0,239,2,0,0,0,0,0,0,0,0,0,0,0,0,0,10,0,7,0,0,0,0,0
399,32,R-5 Rasante,92,aircraft,11,air force,1936,11,1938,2,3,2,0,38,2,0,90,0,5,0,0,9,0,0,0,0,159,20,1,0,0,239,4,0,239,4,0,0,0,0,0,0,0,0,0,0,6,0,5,0,0,0,0,0
400,32,R-Z Natasha,92,aircraft,11,air force,1937,2,1939,3,3,2,0,42,3,0,90,0,5,0,0,9,0,0,0,0,159,20,1,0,0,239,5,0,239,5,0,0,0,0,0,0,0,0,0,0,6,0,6,0,0,0,0,0
401,32,I-15 Chato,92,aircraft,11,air force,1936,11,1939,3,2,1,0,50,5,0,90,0,5,0,0,9,0,0,0,0,159,20,4,0,0,191,2,0,191,2,0,0,0,0,0,0,0,0,0,0,10,0,7,0,0,0,0,0
402,32,Super Chato,92,aircraft,11,air force,1938,10,1939,3,2,1,0,50,5,0,90,0,5,0,0,9,0,0,0,0,159,20,4,0,0,239,2,0,0,0,0,0,0,0,0,0,0,0,0,0,10,0,7,0,0,0,0,0
403,32,I-16 Mosca,92,aircraft,11,air force,1936,11,1939,4,2,1,0,46,6,0,90,0,5,0,0,9,0,0,0,0,159,20,2,0,0,239,2,0,0,0,0,0,0,0,0,0,0,0,0,0,10,0,7,0,0,0,0,0
404,32,Super Mosca,92,aircraft,11,air force,1938,4,1939,4,2,1,0,50,6,0,91,0,5,0,0,9,0,0,0,0,159,20,4,0,0,0,0,0,0,0,0,0,0,0,0,0,0,0,0,0,10,0,7,0,0,0,0,0
406,32,Vildebeest MkIV,46,infantry gun,4,artillery,1934,6,1937,7,3,3,0,24,3,0,91,0,0,0,0,9,0,0,0,0,183,1,0,0,0,0,0,0,0,0,0,0,0,0,0,0,0,0,0,0,4,0,4,0,0,0,0,0
407,32,Potez 540,46,infantry gun,4,artillery,1936,7,1938,7,4,4,0,44,5,0,90,0,0,0,0,9,0,0,0,0,239,5,0,0,0,239,5,0,239,5,0,239,5,0,0,0,0,0,0,0,0,0,9,0,0,0,0,0
408,32,Breguet Br XIX,46,infantry gun,4,artillery,1930,1,1938,12,3,2,0,23,2,0,91,0,0,0,0,9,0,0,0,0,191,10,0,0,0,191,10,0,191,10,0,191,10,0,0,0,0,0,0,0,4,0,4,0,0,0,0,0
409,32,Breguet Br XIX,46,infantry gun,4,artillery,1937,5,1938,5,3,2,0,23,2,0,91,0,0,0,0,9,0,0,0,0,192,5,0,0,0,192,5,0,192,5,0,192,5,0,0,0,0,0,0,0,4,0,4,0,0,0,0,0
410,32,Breguet Br XIX,46,infantry gun,4,artillery,1930,1,1938,12,3,2,0,23,2,0,91,0,0,0,0,9,0,0,0,0,239,2,0,0,0,239,2,0,239,2,0,239,2,0,0,0,0,0,0,0,4,0,4,0,0,0,0,0
411,32,R-Z Natasha,46,infantry gun,4,artillery,1937,2,1939,3,3,2,0,30,3,0,90,0,0,0,0,9,0,0,0,0,239,5,0,0,0,239,5,0,0,0,0,0,0,0,0,0,0,0,0,0,10,0,6,0,0,0,0,0
412,32,R-Z Natasha,46,infantry gun,4,artillery,1937,5,1939,1,3,2,0,30,3,0,90,0,0,0,0,9,0,0,0,0,192,6,0,0,0,192,6,0,192,6,0,192,6,0,0,0,0,0,0,0,10,0,6,0,0,0,0,0
413,32,SB-2 Katiuska,46,infantry gun,4,artillery,1937,5,1939,1,4,4,0,43,5,0,91,0,0,0,0,9,0,0,0,0,192,7,0,0,0,192,8,0,192,8,0,192,7,0,0,0,0,0,0,0,0,0,9,0,0,0,0,0
414,32,SB-2 Katiuska,46,infantry gun,4,artillery,1936,10,1939,4,4,4,0,42,5,0,92,0,0,0,0,9,0,0,0,0,239,3,0,0,0,239,3,0,239,3,0,239,3,0,0,0,0,0,0,0,0,0,9,0,0,0,0,0
415,32,SB-2 Katiuska,46,infantry gun,4,artillery,1937,6,1938,6,4,4,0,43,5,0,91,0,0,0,0,9,0,0,0,0,181,2,0,0,0,181,2,0,181,2,0,0,0,0,0,0,0,0,0,0,0,0,9,0,0,0,0,0
416,32,SB-2 Katiuska,46,infantry gun,4,artillery,1937,7,1937,12,4,4,0,42,5,0,91,0,0,0,0,9,0,0,0,0,241,1,0,0,0,241,1,0,0,0,0,0,0,0,0,0,0,0,0,0,0,0,9,0,0,0,0,0
417,32,SB-2 Katiuska,46,infantry gun,4,artillery,1937,7,1937,10,4,4,0,42,5,0,91,0,0,0,0,9,0,0,0,0,183,1,0,0,0,0,0,0,0,0,0,0,0,0,0,0,0,0,0,0,0,0,9,0,0,0,0,0
418,32,SB-2 Katiuska,46,infantry gun,4,artillery,1937,8,1938,4,4,4,0,41,5,0,91,0,0,0,0,9,0,0,0,0,194,1,0,0,0,194,1,0,0,0,0,0,0,0,0,0,0,0,0,0,0,0,9,0,0,0,0,0
420,32,A-101 Papagayo,46,infantry gun,4,artillery,1937,8,1938,8,5,4,0,42,3,0,91,0,0,0,0,9,0,0,0,0,240,2,0,0,0,240,2,0,240,1,0,0,0,0,0,0,0,0,0,0,0,0,9,0,0,0,0,0
422,32,Vultee V1A,46,infantry gun,4,artillery,1936,9,1938,4,4,4,0,42,5,0,90,0,0,0,0,9,0,0,0,0,239,2,0,0,0,239,2,0,239,2,0,239,2,0,0,0,0,0,0,0,0,0,9,0,0,0,0,0
423,32,Nieuport NiD.52,97,attack helicopter,11,air force,1930,1,1936,7,3,2,0,27,1,0,91,0,0,0,0,0,0,0,0,0,0,0,0,0,0,0,0,0,0,0,0,0,0,0,0,0,0,0,0,0,6,0,2,0,0,0,0,0
424,32,Potez 25A.2,97,attack helicopter,11,air force,1936,7,1939,4,2,2,0,37,1,0,90,0,0,0,0,0,0,0,0,0,0,0,0,0,0,0,0,0,0,0,0,0,0,0,0,0,0,0,0,0,6,0,4,0,0,0,0,0
425,32,Gonzalez GP-1,97,attack helicopter,11,air force,1936,7,1939,4,2,2,0,42,3,0,90,0,0,0,0,0,0,0,0,0,0,0,0,0,0,0,0,0,0,0,0,0,0,0,0,0,0,0,0,0,0,0,5,0,0,0,0,0
430,32,Douglas DC-2,58,tank destroyer,5,anti-tank,1936,9,1939,4,5,2,0,24,5,0,90,0,0,0,0,0,18,0,0,0,0,0,0,0,0,0,0,0,0,0,0,0,0,0,0,0,0,0,0,0,0,0,6,0,0,0,0,0
440,32,CB Tiznao,113,*unknown value*,14,other,1936,8,1938,6,4,6,3,21,8,1,1,0,0,0,0,9,6,15,0,0,213,90,0,0,0,1,90,0,178,90,0,242,90,0,0,0,0,0,0,0,0,0,1,1,1,1,1,1
441,32,CB Tiznao,113,*unknown value*,14,other,1936,9,1938,6,4,6,3,21,8,1,1,0,0,0,0,9,6,15,0,0,121,90,0,0,0,1,90,0,1,90,0,1,90,0,0,0,0,0,0,0,0,0,1,1,1,1,1,1
442,32,CB Tiznao,113,*unknown value*,14,other,1936,10,1938,6,4,6,3,22,10,1,1,0,0,0,0,9,6,15,0,0,121,90,0,0,0,121,90,0,1,90,0,213,90,0,0,0,0,0,0,0,0,0,1,1,1,1,1,1
443,32,CB Durruti,113,*unknown value*,14,other,1936,8,1938,10,4,7,3,23,12,1,1,0,0,0,0,9,6,15,0,0,100,90,0,0,0,1,90,0,1,90,0,1,90,0,0,0,0,0,0,0,0,0,1,1,1,1,1,1
444,32,CB Durruti,113,*unknown value*,14,other,1936,9,1938,10,4,7,3,24,14,1,1,0,1,0,0,9,6,15,0,0,211,90,0,0,0,121,90,0,213,90,0,213,90,0,0,0,0,0,0,0,0,0,1,1,1,1,1,1
445,32,Sadurni de Noya,113,*unknown value*,14,other,1936,10,1938,10,3,3,3,19,12,3,1,0,1,0,0,9,215,0,0,0,100,120,0,0,0,0,0,0,0,0,0,0,0,0,0,0,0,0,0,0,0,0,2,2,2,2,2,2
446,32,El Piojo,113,*unknown value*,14,other,1936,11,1937,5,4,13,5,39,9,1,3,0,1,0,0,9,12,15,0,0,107,180,0,0,0,107,180,0,107,180,0,107,180,0,0,0,0,0,0,0,0,0,2,2,2,2,2,2
449,32,CB Protegido,78,armored car,8,recon,1930,1,1932,3,2,3,2,17,14,1,20,0,1,0,0,9,0,10,0,0,196,120,0,0,0,0,0,0,0,0,0,0,0,0,0,0,0,0,0,0,0,0,1,1,1,1,1,1
450,32,CB Valencia,78,armored car,8,recon,1936,10,1938,10,3,4,3,18,20,2,21,0,0,0,0,9,0,10,0,0,211,90,0,0,0,0,0,0,0,0,0,0,0,0,0,0,0,0,0,0,0,0,1,1,1,1,1,1
451,32,CB T-69,78,armored car,8,recon,1937,3,1938,8,3,4,2,18,16,1,21,0,0,0,0,9,0,0,0,0,196,90,0,0,0,0,0,0,0,0,0,197,60,0,0,0,0,0,0,0,0,0,1,1,1,1,1,1
452,32,CB FA-I,78,armored car,8,recon,1936,9,1939,3,2,2,3,16,27,1,22,0,0,0,0,9,0,10,0,0,172,90,0,0,0,0,0,0,0,0,0,0,0,0,0,0,0,0,0,0,0,0,1,1,1,1,1,1
453,32,CB UNL-35,78,armored car,8,recon,1936,9,1938,7,2,4,2,19,28,1,21,0,1,0,0,9,0,10,0,0,172,90,0,0,0,0,0,0,0,0,0,0,0,0,0,0,0,0,0,0,0,0,1,1,1,1,1,1
454,32,CB Bilbao M 32,78,armored car,8,recon,1932,4,1939,4,2,4,3,20,24,1,32,0,1,0,0,9,0,10,0,0,211,120,0,0,0,0,0,0,0,0,0,0,0,0,0,0,0,0,0,0,0,0,1,1,1,1,1,1
455,32,CB Modelo 37a,78,armored car,8,recon,1937,2,1939,4,3,4,3,20,16,2,21,0,1,0,0,9,0,0,0,0,172,90,0,0,0,0,0,0,0,0,0,129,90,0,0,0,0,0,0,0,0,0,2,1,1,1,1,1
456,32,CB Modelo 37b,78,armored car,8,recon,1937,4,1939,4,3,4,3,23,16,2,21,0,1,0,0,8,0,0,0,0,18,20,30,0,0,0,0,0,0,0,0,129,90,0,0,0,0,0,0,0,0,0,2,1,1,1,1,1
457,32,CB BA-3,78,armored car,8,recon,1936,11,1939,4,3,4,3,24,16,2,21,0,1,0,0,8,0,10,0,0,18,20,30,0,0,171,90,0,0,0,0,129,90,0,0,0,0,0,0,0,0,0,1,1,1,1,1,1
458,32,CB BA-6,78,armored car,8,recon,1936,11,1939,4,3,4,3,25,17,2,21,0,1,0,0,8,0,0,0,0,18,10,40,0,0,171,90,0,0,0,0,129,90,0,0,0,0,0,0,0,0,0,1,1,1,1,1,1
470,32,Barbastro M 37,68,marines,7,marine unit,1937,6,1938,10,2,3,2,16,9,3,3,0,1,0,0,9,0,10,0,0,211,90,0,0,0,0,0,0,0,0,0,0,0,0,0,0,0,0,0,0,0,0,2,1,1,2,1,1
471,32,Landesa M 36,68,marines,7,marine unit,1936,9,1937,4,2,3,2,15,10,3,3,0,0,0,0,9,0,10,0,0,196,90,0,0,0,0,0,0,0,0,0,0,0,0,0,0,0,0,0,0,0,0,2,1,1,2,1,1
472,32,Trubria M 36,68,marines,7,marine unit,1936,10,1937,4,2,4,2,16,14,3,1,0,0,0,0,9,0,10,0,0,196,90,0,0,0,0,0,0,0,0,0,197,90,0,0,0,0,0,0,0,0,0,1,1,1,1,1,1
473,32,Artilleria M 16,28,close support tank,2,armor,1930,1,1936,11,6,7,5,28,4,3,1,0,0,0,0,9,0,20,0,0,0,0,0,0,0,100,200,0,100,200,0,35,90,0,0,0,0,0,0,0,0,0,2,2,2,2,2,2
474,32,Renault M 17m,68,marines,7,marine unit,1930,1,1939,3,2,2,3,18,6,3,2,0,1,0,0,9,0,10,0,0,211,240,0,0,0,0,0,0,0,0,0,0,0,0,0,0,0,0,0,0,0,0,2,2,2,2,2,2
475,32,Trubria M 26 A1,68,marines,7,marine unit,1930,1,1937,4,2,3,3,16,8,3,1,0,0,0,0,9,0,10,0,0,212,90,0,0,0,212,90,0,0,0,0,203,90,0,0,0,0,0,0,0,0,0,2,1,1,2,1,1
476,32,Renault M 17c,28,close support tank,2,armor,1934,6,1939,3,2,2,3,16,6,3,2,0,1,0,0,8,0,10,0,0,20,120,0,0,40,0,0,0,0,0,0,0,0,0,0,0,0,0,0,0,0,0,2,2,2,2,2,2
477,32,Trubria M 34 A4,68,marines,7,marine unit,1934,6,1937,4,2,3,3,18,10,3,1,0,0,0,0,8,0,10,0,0,13,40,0,0,0,212,90,0,0,0,0,203,90,0,0,0,0,0,0,0,0,0,2,2,1,2,2,1
478,32,Rapido BT-5 M33,26,main battle tank,2,armor,1937,8,1939,1,3,3,3,28,16,3,11,0,1,0,0,8,6,10,0,0,18,24,48,0,0,171,120,0,0,0,0,0,0,0,0,0,0,0,0,0,0,0,2,1,1,2,1,1
479,32,T-26 M 33,26,main battle tank,2,armor,1936,10,1939,4,3,3,3,29,10,3,12,0,1,0,0,8,6,10,0,0,18,50,50,0,0,171,120,0,0,0,0,0,0,0,0,0,0,0,0,0,0,0,3,2,2,3,2,2
480,32,T-26 M 33aa,26,main battle tank,2,armor,1937,1,1939,3,3,3,3,30,10,3,11,0,1,0,0,8,6,10,0,0,18,50,50,0,0,171,120,0,190,90,0,0,0,0,0,0,0,0,0,0,0,0,3,2,2,3,2,2
497,32,Barricada CNT,105,fort,13,fortification,1936,7,1937,3,4,12,1,18,0,0,3,0,2,1,0,9,106,99,0,0,114,90,0,0,0,87,12,0,114,90,0,87,12,0,0,0,0,0,0,0,0,0,2,4,4,2,8,8
498,32,Barricada CNT,105,fort,13,fortification,1936,7,1937,3,4,13,1,18,0,0,3,0,2,1,0,9,106,99,0,0,205,90,0,0,0,114,90,0,114,90,0,87,13,0,0,0,0,0,0,0,0,0,2,4,4,2,8,8
499,32,Barricada CNT,105,fort,13,fortification,1936,9,1937,6,4,13,1,18,0,0,3,0,2,1,0,9,106,99,0,0,205,90,0,0,0,205,90,0,114,90,0,87,13,0,0,0,0,0,0,0,0,0,2,4,4,2,8,8
500,32,Barricada CNT,105,fort,13,fortification,1936,9,1937,9,4,13,1,18,0,0,3,0,2,1,0,9,106,99,0,0,242,90,0,0,0,1,90,0,188,90,0,247,90,0,0,0,0,0,0,0,0,0,3,5,5,3,7,7
501,32,Barricada CNT,105,fort,13,fortification,1936,12,1937,11,4,13,2,21,0,0,3,0,2,1,0,9,106,99,0,0,213,90,0,0,0,1,90,0,247,90,0,206,90,0,0,0,0,0,0,0,0,0,3,5,5,3,7,7
502,32,Barricada CNT,105,fort,13,fortification,1937,3,1938,3,4,13,2,19,0,0,3,0,2,1,0,9,106,99,0,0,213,90,0,0,0,1,90,0,178,90,0,40,60,0,0,0,0,0,0,0,0,0,4,6,6,4,8,8
503,32,Barricada CNT,105,fort,13,fortification,1937,6,1938,9,4,13,2,19,0,0,3,0,2,1,0,9,106,99,0,0,213,90,0,0,0,1,90,0,236,90,0,12,60,0,0,0,0,0,0,0,0,0,4,6,6,4,8,8
504,32,Barricada CNT,105,fort,13,fortification,1937,11,1939,4,4,13,2,19,0,0,3,0,2,1,0,9,106,99,0,0,213,90,0,0,0,1,90,0,87,13,0,100,90,0,0,0,0,0,0,0,0,0,4,6,6,4,8,8
505,32,Barricada CNT,105,fort,13,fortification,1938,3,1939,3,4,13,2,25,0,0,3,0,3,1,0,9,106,99,0,0,213,90,0,0,0,1,90,0,87,13,0,85,10,3,0,0,0,0,0,0,0,0,6,8,8,4,8,8
506,32,FortificadaCasa,105,fort,13,fortification,1930,1,1939,4,6,13,2,30,0,0,91,0,2,2,0,9,106,99,0,0,1,90,0,0,0,242,90,0,205,90,0,87,13,0,0,0,0,0,0,0,0,0,6,6,6,2,12,12
507,32,Trinchera,105,fort,13,fortification,1936,9,1937,4,1,13,3,35,0,0,1,0,3,3,0,9,106,99,0,0,1,120,0,0,0,206,120,0,206,120,0,114,120,0,0,0,0,0,0,0,0,0,6,6,8,2,12,14
508,32,Trinchera,105,fort,13,fortification,1936,9,1937,4,1,13,3,35,0,0,1,0,3,3,0,9,106,99,0,0,1,120,0,0,0,206,120,0,206,120,0,87,13,0,0,0,0,0,0,0,0,0,6,6,8,2,12,14
509,32,Trinchera,105,fort,13,fortification,1937,3,1938,4,1,13,3,37,0,0,1,0,3,3,0,9,106,99,0,0,1,120,0,0,0,206,120,0,206,120,0,206,120,0,0,0,0,0,0,0,0,0,6,6,8,2,12,14
510,32,Trinchera,105,fort,13,fortification,1930,1,1938,7,1,13,3,35,0,0,1,0,3,3,0,9,106,99,0,0,100,120,0,0,0,213,120,0,96,120,0,96,120,0,0,0,0,0,0,0,0,0,6,6,8,2,12,14
511,32,Trinchera,105,fort,13,fortification,1930,1,1938,7,1,13,3,33,0,0,1,0,3,3,0,9,106,99,0,0,100,120,0,0,0,213,120,0,96,120,0,40,120,0,0,0,0,0,0,0,0,0,6,6,8,2,12,14
512,32,Trinchera,105,fort,13,fortification,1930,1,1938,11,1,13,3,38,0,0,11,0,3,3,0,9,106,99,0,0,100,120,0,0,0,100,120,0,96,120,0,96,120,0,0,0,0,0,0,0,0,0,6,6,8,2,12,14
513,32,Arcon,105,fort,13,fortification,1936,7,1939,3,2,13,4,42,0,0,11,0,4,4,0,9,106,99,0,0,1,120,0,0,0,206,120,0,206,120,0,100,120,0,0,0,0,0,0,0,0,0,8,8,10,3,14,18
514,32,Arcon,105,fort,13,fortification,1937,3,1938,8,2,13,4,40,0,0,11,0,4,4,0,9,106,99,0,0,1,120,0,0,0,206,120,0,100,120,0,12,120,0,0,0,0,0,0,0,0,0,8,8,10,3,14,18
515,32,Arcon,105,fort,13,fortification,1930,1,1938,10,2,13,4,41,0,0,21,0,4,4,0,9,106,99,0,0,95,120,0,0,0,100,120,0,100,120,0,12,120,0,0,0,0,0,0,0,0,0,8,8,10,3,14,18
516,32,Arcon,105,fort,13,fortification,1930,1,1938,9,2,13,4,39,0,0,21,0,4,4,0,9,106,99,0,0,100,120,0,0,0,100,120,0,12,120,0,12,120,0,0,0,0,0,0,0,0,0,8,8,10,3,14,18
517,32,Fortin,105,fort,13,fortification,1936,7,1939,4,3,13,5,48,0,0,11,0,5,5,0,9,112,99,0,0,100,120,0,0,0,101,120,0,96,120,0,95,120,0,0,0,0,0,0,0,0,0,10,10,12,4,16,20
518,32,Fortin,105,fort,13,fortification,1930,1,1938,10,3,13,5,45,0,0,31,0,5,5,0,9,112,99,0,0,100,120,0,0,0,100,120,0,12,120,0,12,120,0,0,0,0,0,0,0,0,0,10,10,12,4,16,20
519,32,Fortin,105,fort,13,fortification,1930,1,1938,4,3,13,5,46,0,0,31,0,5,5,0,9,112,99,0,0,100,120,0,0,0,100,120,0,13,100,20,13,100,20,0,0,0,0,0,0,0,0,10,10,12,4,16,20
520,32,Fortin,105,fort,13,fortification,1930,1,1937,11,3,13,5,61,0,0,31,0,5,5,0,9,112,99,0,0,100,120,0,0,0,100,120,0,31,100,20,31,100,20,0,0,0,0,0,0,0,0,10,10,12,4,16,20
521,32,Fortin,105,fort,13,fortification,1930,1,1938,3,3,13,5,55,0,0,31,0,5,5,0,9,112,99,0,0,100,120,0,0,0,100,120,0,219,120,0,219,120,0,0,0,0,0,0,0,0,0,10,10,12,4,16,20
522,32,Fortin,105,fort,13,fortification,1930,1,1938,6,3,13,5,73,0,0,31,0,5,5,0,9,112,99,0,0,100,120,0,0,0,100,120,0,73,120,0,73,120,0,0,0,0,0,0,0,0,0,10,10,12,4,16,20
523,32,Forteleza,105,fort,13,fortification,1930,1,1939,1,4,13,5,58,0,0,31,0,5,5,0,7,124,99,0,0,219,120,0,0,0,219,120,0,100,120,0,100,120,0,0,0,0,0,0,0,0,0,10,20,20,3,20,20
524,32,Forteleza,105,fort,13,fortification,1930,1,1937,9,4,13,5,63,0,0,31,0,5,5,0,7,124,99,0,0,219,120,0,0,0,219,120,0,219,120,0,100,120,0,0,0,0,0,0,0,0,0,10,20,20,3,20,20
530,32,Costera Defensa,113,*unknown value*,14,other,1930,1,1939,4,1,10,2,24,0,0,60,0,2,2,0,9,6,99,0,0,7,120,0,0,0,217,90,0,0,0,0,0,0,0,0,0,0,0,0,0,0,0,25,25,25,1,1,0
531,32,Costera Defensa,113,*unknown value*,14,other,1930,1,1939,4,2,13,2,43,0,0,90,0,2,2,0,6,6,99,0,0,207,120,0,0,0,217,90,0,0,0,0,0,0,0,0,0,0,0,0,0,0,0,25,25,25,1,1,0
532,32,Costera Defensa,113,*unknown value*,14,other,1930,1,1939,4,2,13,2,49,0,0,90,0,2,2,0,6,6,99,0,0,202,120,0,0,0,217,90,0,0,0,0,0,0,0,0,0,0,0,0,0,0,0,25,25,25,1,1,0
533,32,Costera Defensa,113,*unknown value*,14,other,1930,1,1939,4,2,13,2,58,0,0,90,0,2,2,0,4,6,99,0,0,200,120,0,0,0,217,90,0,0,0,0,0,0,0,0,0,0,0,0,0,0,0,25,25,25,1,1,0
535,32,Costera Defensa,113,*unknown value*,14,other,1930,1,1939,4,7,15,6,150,0,0,90,0,6,6,0,2,36,99,0,0,208,120,0,0,0,118,120,0,118,120,0,118,120,0,0,0,0,0,0,0,0,0,40,40,40,4,40,40
540,32,Caja Municion,110,ammo carrier,14,other,1930,1,1939,4,0,1,0,25,0,0,93,0,0,0,0,0,0,0,0,0,0,0,0,0,0,0,0,0,0,0,0,0,0,0,0,0,0,0,0,0,0,0,0,0,0,0,0,0
997,32,Booby trap,113,*unknown value*,14,other,1930,1,1939,4,0,0,0,12,0,0,0,0,0,0,0,0,0,250,0,0,244,1,0,0,0,0,0,0,0,0,0,0,0,0,0,0,0,0,0,0,0,0,0,0,0,0,0,0
998,32,Demolition chrg,113,*unknown value*,14,other,1930,1,1939,4,0,0,0,52,0,0,90,0,0,0,0,0,0,250,0,0,245,1,0,0,0,0,0,0,0,0,0,0,0,0,0,0,0,0,0,0,0,0,0,0,0,0,0,0
999,32,Fougasse,113,*unknown value*,14,other,1930,1,1939,4,0,0,0,77,0,0,92,0,0,0,0,0,0,250,0,0,244,1,0,0,0,246,1,0,0,0,0,0,0,0,0,0,0,0,0,0,0,0,0,0,0,0,0,0
